85,250,JU,s,0,87,275,LE,b,0,81,261,SANDY,p,0,84,257,KNIGHT,s,0,79,266,LIA,b,0,80,258,TERRY,g,0,163425,5399
74,264,LY,s,0,75,275,SAMMY,p,0,86,273,GREY,p,0,79,272,LE,s,0,79,267,CLIVE,b,0,82,278,TOM,p,0,364512,5400
86,271,TOM,s,0,78,276,FOX,b,0,77,278,DAN,g,2,74,250,MARIE,s,0,85,269,ANDY,g,0,84,262,DARIO,s,0,635412,5401
76,255,DARIO,p,0,74,277,JENNY,p,0,82,253,MIKE,g,0,77,265,LIA,b,0,84,277,SAM,p,0,85,252,PETER,b,0,356214,5402
73,262,SEAN,p,0,77,270,EDWARD,b,0,80,258,YOUNG,b,0,87,274,RICA,b,0,83,278,PAULA,s,0,80,273,JENNY,b,0,516324,5403
77,276,DAN,p,0,79,271,ARL,p,0,86,263,SANDY,b,2,82,259,NANCY,b,0,75,250,SAM,b,2,82,257,SEAN,g,0,612543,5404
74,260,ARL,g,0,82,272,ANDY,b,0,76,275,LIA,s,0,77,267,BLUES,g,0,74,251,HARVEY,g,0,84,277,TIM,p,0,563412,5405
86,267,ELEN,g,0,85,272,LIA,p,0,81,250,SARA,s,0,87,252,LE,g,2,80,252,GRAHAM,g,0,85,268,CLIVE,s,0,423516,5406
76,251,YOUNG,g,0,88,266,ARL,b,0,87,255,LE,s,2,75,261,RUDY,g,0,79,254,SANDY,p,0,87,251,DARIO,b,0,135426,5407
73,258,RICA,b,0,83,267,MARIE,p,0,77,261,JENNY,p,0,85,276,TOM,p,0,86,262,PAU,s,0,74,272,DARIO,g,0,435621,5408
77,272,BLUES,b,0,86,267,LY,b,0,82,266,ELEN,p,0,80,254,GARY,p,0,85,263,LIA,b,0,83,262,PETER,p,0,643215,5409
74,256,RICA,b,0,74,268,PETER,p,0,88,278,RUDY,g,2,75,269,GREY,p,0,76,265,HARVEY,g,0,85,276,ELEN,s,0,632541,5410
86,263,LIA,b,2,77,262,LE,b,0,78,253,PAULA,g,0,85,278,SANDY,p,0,75,266,GREY,p,0,87,266,MARIE,b,0,435621,5411
76,277,JOEL,s,0,80,262,JU,p,0,83,258,DAN,b,0,73,263,RICA,s,0,82,267,RUDY,p,0,74,257,HARVEY,g,0,152463,5412
73,254,SEAN,s,0,82,263,BLUES,b,0,82,263,RICA,b,0,83,271,KNIGHT,s,0,81,269,PETER,s,0,75,271,ANDY,p,2,546132,5413
77,268,PAULA,s,2,78,263,JU,p,0,87,268,MARIE,b,0,78,256,NANCY,s,0,87,270,LE,b,0,77,261,SARA,s,0,462135,5414
74,252,GEORGE,p,0,81,257,GREY,b,2,77,250,ELEN,s,0,73,265,YOUNG,b,0,86,278,FOX,g,0,79,252,JU,b,0,513426,5415
79,259,LE,p,0,84,258,RICA,p,0,83,255,JOEL,s,0,83,250,DAN,b,2,86,250,LY,p,0,74,272,DARIO,g,0,521364,5416
76,273,BLUES,p,2,87,258,MIKE,b,0,73,260,JOEL,p,0,78,258,YOUNG,b,0,77,251,PETER,s,2,75,256,JAMES,g,2,615342,5417
73,250,YOUNG,g,0,75,259,TIM,p,0,78,265,JOHN,p,0,81,273,RICA,g,0,76,252,MIKE,s,0,77,276,FOX,p,0,613425,5418
77,264,GREY,g,0,77,260,MARIE,b,0,84,270,JOHN,g,0,76,252,ANDY,g,0,82,254,PETER,b,2,79,267,ELEN,s,0,613425,5419
74,278,RUDY,g,2,73,253,JENNY,p,2,74,252,LY,g,0,86,267,HARVEY,g,0,82,255,TOM,g,0,80,250,ARL,b,0,534126,5420
79,255,JAMES,b,0,76,254,JOEL,b,0,79,257,YOUNG,g,0,81,275,GEORGE,p,0,88,263,JENNY,p,0,82,271,SARA,g,2,354621,5421
76,269,RICA,b,0,79,255,GRAHAM,p,0,85,262,MARIE,b,0,76,260,GARY,p,0,87,265,JAMES,s,0,83,261,PETER,p,0,564231,5422
80,276,YOUNG,b,0,81,255,HARVEY,b,0,83,267,TERRY,b,0,79,268,LY,p,0,78,266,SAM,b,0,78,275,PETER,s,0,462153,5423
77,260,LE,s,0,84,279,SAMMY,p,0,73,272,LIA,s,0,74,254,SAM,s,0,78,267,ANDY,b,0,80,266,LY,b,0,253146,5424
74,274,MIKE,s,0,87,250,ROBIN,b,2,79,278,TIM,s,0,84,262,GREY,s,0,84,269,LE,g,0,82,256,JENNY,g,2,356412,5425
79,251,GREY,s,0,83,250,ARL,p,0,84,259,ROBER,p,0,79,277,MARIE,s,2,83,270,SAM,p,0,83,270,JAMES,p,0,534612,5426
76,265,TOM,p,0,85,251,ARL,b,0,74,265,ANDY,p,0,74,255,JAMES,b,2,82,271,JU,s,0,85,260,SARA,s,0,613524,5427
80,272,JOEL,p,0,74,275,RICA,p,0,80,270,DARIO,p,0,77,271,JENNY,b,0,74,250,GREY,b,0,87,251,TERRY,b,0,231564,5428
77,256,ELEN,p,0,76,275,JOEL,b,0,85,275,LE,g,0,87,279,GARY,b,0,88,251,PAU,g,0,81,264,SEAN,g,0,561324,5429
81,270,AIMEE,p,0,79,276,JAMES,p,0,75,250,TERRY,g,2,82,264,MIKE,b,0,79,252,LE,g,0,83,255,YOUNG,g,0,165234,5430
79,277,YOUNG,g,0,82,276,SEAN,b,0,80,262,FOX,b,0,77,272,DARIO,g,0,78,254,PAULA,p,0,85,275,NANCY,p,0,156423,5431
76,261,HARVEY,g,0,78,270,MARIE,p,0,86,267,JENNY,b,0,87,258,JOHN,g,0,84,255,FOX,s,2,86,259,SAM,s,0,416253,5432
80,275,YOUNG,g,0,80,271,KNIGHT,b,0,84,272,GEORGE,s,2,75,266,AIMEE,g,0,84,256,JENNY,b,0,73,250,JOHN,b,0,143562,5433
77,252,FOX,b,0,83,271,RUDY,p,0,75,277,DAN,s,0,85,251,JENNY,p,0,75,265,AIMEE,g,0,75,270,KNIGHT,g,0,245631,5434
81,266,BLUES,b,0,86,272,SANDY,b,0,80,252,AIMEE,p,0,80,259,JOEL,p,0,74,266,PETER,p,0,77,254,ARL,p,0,346512,5435
79,273,ANDY,b,0,74,266,SAM,p,0,85,264,JAMES,p,2,75,275,SAMMY,p,0,80,267,SEAN,p,0,86,274,EDWARD,s,0,645231,5436
83,257,ROBER,s,0,77,266,JOHN,b,0,76,269,PETER,p,0,85,253,GRAHAM,s,2,80,269,SEAN,s,0,73,265,PAULA,b,0,541362,5437
80,271,ANDY,s,0,79,267,TERRY,p,0,81,274,SEAN,g,0,80,268,RUDY,s,0,79,270,LY,b,0,75,255,BLUES,g,0,412635,5438
77,278,BLUES,s,0,75,268,DAN,b,0,86,279,TIM,g,2,83,276,LIA,s,0,85,272,KNIGHT,g,0,77,269,SARA,p,0,346512,5439
81,262,YOUNG,p,0,78,268,LIA,p,0,76,254,ELEN,b,0,78,261,RUDY,b,0,84,273,JAMES,p,0,78,259,CLIVE,s,0,265134,5440
79,269,ELEN,p,0,81,262,TIM,b,0,82,266,GARY,b,0,73,270,PETER,b,0,76,251,SAM,s,0,80,250,SARA,b,0,513264,5441
83,253,JU,p,0,83,263,SARA,p,0,87,271,LIA,s,0,83,255,MIKE,b,0,75,252,JENNY,s,0,75,264,PAULA,g,0,135264,5442
80,267,JAMES,g,0,86,263,GRAHAM,b,2,85,277,EDWARD,s,0,78,263,SANDY,g,0,81,254,ELEN,b,0,76,254,RICA,g,0,143625,5443
77,274,JOHN,g,0,74,264,JAMES,p,0,76,252,GEORGE,s,0,81,278,LY,g,0,80,255,BLUES,g,0,78,275,DAN,p,2,431625,5444
81,258,ROBIN,g,2,85,258,KNIGHT,b,0,81,257,SAMMY,p,0,76,257,AIMEE,g,0,87,257,PAU,p,2,80,258,GEORGE,s,0,316542,5445
79,265,SAMMY,b,0,88,258,BLUES,p,0,86,262,JOEL,p,0,86,272,HARVEY,g,0,86,258,AIMEE,s,0,81,279,SARA,b,0,453261,5446
83,279,AIMEE,b,0,76,259,JENNY,b,0,77,274,JU,g,0,81,250,JAMES,p,2,77,266,GRAHAM,b,2,83,269,TIM,g,0,463125,5447
80,263,GEORGE,b,2,78,259,EDWARD,p,2,82,279,PAU,g,0,76,265,JU,p,0,77,267,GARY,g,0,85,253,MARIE,p,2,365241,5448
84,270,SEAN,b,0,81,253,FOX,b,0,87,254,CLIVE,b,0,79,274,ARL,p,0,83,269,KNIGHT,g,0,79,273,JU,s,0,645321,5449
81,254,HARVEY,s,0,84,254,ANDY,p,0,78,259,DAN,b,0,74,259,MARIE,s,0,82,270,PAU,p,0,81,264,ELEN,b,0,521436,5450
79,261,ARL,s,2,80,254,ANDY,b,0,83,264,ROBER,b,0,84,267,SEAN,s,0,81,272,RICA,s,0,83,278,JOHN,g,0,564132,5451
83,275,MIKE,s,0,82,255,RUDY,p,0,73,276,JOEL,s,0,79,252,NANCY,s,0,87,273,KNIGHT,b,0,84,268,DAN,p,2,642135,5452
80,259,MIKE,p,0,85,279,SAMMY,b,2,87,251,LY,s,0,74,261,LE,b,0,87,274,SANDY,g,0,86,259,PETER,s,0,563142,5453
84,266,HARVEY,p,2,73,279,SAM,p,0,77,256,DAN,p,0,84,276,PAULA,b,0,78,252,ELEN,p,0,73,272,YOUNG,b,0,521346,5454
81,250,TOM,p,0,76,250,RUDY,b,0,82,261,GEORGE,p,0,87,254,GREY,b,0,77,254,ROBER,p,0,75,263,JAMES,g,0,513462,5455
85,257,SARA,g,0,79,251,ELEN,p,0,87,266,DARIO,g,0,82,269,JOHN,g,0,83,255,AIMEE,s,0,84,253,GEORGE,p,2,132456,5456
83,271,SARA,g,0,75,274,DAN,b,0,78,278,GRAHAM,g,0,77,278,EDWARD,g,2,83,257,ARL,b,0,86,274,PAULA,p,0,143652,5457
80,255,MIKE,g,0,77,275,LE,p,2,83,253,KNIGHT,g,0,87,263,GARY,g,0,74,258,CLIVE,g,2,88,257,JAMES,s,0,324651,5458
84,262,SAM,b,0,80,276,TIM,b,0,74,259,LY,b,2,82,271,GARY,p,0,73,259,PAU,p,0,75,278,HARVEY,b,0,453216,5459
81,276,SANDY,b,0,83,276,SARA,p,0,79,264,GRAHAM,b,0,85,256,RICA,p,0,79,267,DARIO,s,2,76,268,NANCY,g,0,546213,5460
85,253,ARL,b,0,85,277,SANDY,b,0,84,269,JENNY,s,0,80,265,MARIE,p,0,79,269,ELEN,s,0,78,252,JOHN,p,0,436521,5461
83,267,MARIE,s,0,74,271,GEORGE,p,0,82,251,AIMEE,s,2,75,250,JOHN,p,0,78,270,ANDY,b,0,87,273,FOX,s,0,126345,5462
87,251,AIMEE,s,0,84,271,ELEN,b,0,88,256,KNIGHT,p,0,85,258,CLIVE,s,0,84,272,JAMES,g,0,74,263,RICA,b,0,531426,5463
84,258,ROBER,s,0,87,272,SARA,p,0,78,261,ROBIN,p,0,80,273,DAN,s,0,83,273,JU,p,0,76,277,CLIVE,g,0,251436,5464
81,272,GARY,p,0,75,272,EDWARD,b,0,83,266,LE,g,2,83,252,ARL,s,0,75,274,AIMEE,s,0,78,267,SARA,p,0,346152,5465
85,279,GEORGE,p,0,78,266,GREY,p,0,74,271,AIMEE,g,0,78,267,ARL,b,0,74,253,ELEN,b,0,79,258,RUDY,s,0,613245,5466
83,263,TERRY,p,0,80,267,JOEL,b,0,79,276,JAMES,g,0,88,275,LE,b,2,80,254,GARY,b,0,81,271,ROBER,b,0,315426,5467
87,277,RICA,p,0,83,267,SAMMY,p,0,84,258,JAMES,b,2,83,260,NANCY,b,2,79,255,SANDY,g,0,83,262,MIKE,g,0,652134,5468
84,254,ANDY,g,0,79,268,FOX,b,0,75,263,YOUNG,b,0,78,269,AIMEE,g,0,85,257,SAM,p,0,78,252,SEAN,p,0,561432,5469
73,268,AIMEE,g,0,82,262,RICA,p,0,80,268,SAM,s,0,88,254,GARY,g,0,85,258,TERRY,s,0,79,266,CLIVE,p,0,254361,5470
85,275,YOUNG,g,0,84,262,NANCY,b,2,85,273,GRAHAM,s,0,76,262,PAULA,g,0,76,259,KNIGHT,b,0,81,257,LE,s,0,361452,5471
83,259,KNIGHT,b,0,87,263,MARIE,p,0,84,278,SAMMY,p,0,86,277,NANCY,p,0,75,261,SANDY,g,0,83,277,BLUES,b,0,234561,5472
87,272,NANCY,b,0,75,264,TOM,b,0,74,260,JAMES,p,0,81,256,EDWARD,p,0,75,269,JU,g,2,84,261,TERRY,g,0,564321,5473
84,250,GRAHAM,b,0,78,257,MIKE,p,0,79,265,DARIO,p,0,76,271,SARA,p,0,81,270,GREY,p,0,86,251,ANDY,p,0,563421,5474
73,264,MIKE,s,0,74,258,JAMES,b,0,85,271,JU,g,0,86,279,LE,s,0,80,272,DAN,s,0,87,272,KNIGHT,s,2,653412,5475
85,271,YOUNG,s,0,77,259,ROBER,p,2,75,276,ANDY,g,0,74,264,JOEL,s,0,86,273,TOM,b,0,82,255,EDWARD,b,0,431256,5476
75,255,SANDY,s,0,79,259,ELEN,b,0,80,251,SARA,b,0,84,273,SAMMY,s,0,85,274,AIMEE,g,0,84,276,GARY,g,0,516432,5477
87,268,RUDY,p,0,82,253,HARVEY,p,0,86,263,GREY,b,0,79,258,PETER,s,2,77,276,JENNY,p,0,86,266,EDWARD,p,0,651423,5478
84,276,GARY,p,2,85,254,KNIGHT,b,0,76,268,TOM,s,0,74,266,SAMMY,b,0,76,254,AIMEE,p,0,87,257,SARA,s,2,316524,5479
73,259,PAULA,p,0,88,254,LY,p,0,81,273,ROBER,s,0,84,251,SANDY,b,0,82,255,KNIGHT,s,0,74,271,JOEL,b,0,325164,5480
85,267,GRAHAM,g,0,83,255,NANCY,s,2,87,278,PETER,s,0,87,259,JENNY,b,0,82,257,LE,b,0,76,261,TIM,g,0,213645,5481
75,250,GARY,g,2,86,255,RUDY,g,0,85,253,GREY,p,0,82,275,BLUES,g,0,88,258,ANDY,g,0,85,252,PAU,p,0,623451,5482
87,264,JOEL,g,0,74,279,PETER,s,0,75,265,GEORGE,p,0,77,253,JOHN,g,0,87,259,RUDY,p,0,87,265,YOUNG,p,2,516234,5483
84,272,EDWARD,b,0,77,250,PETER,g,0,81,270,GRAHAM,g,0,87,268,GEORGE,g,0,78,261,FOX,s,0,74,256,KNIGHT,s,0,452361,5484
73,255,JENNY,b,2,80,250,JAMES,s,0,86,275,HARVEY,g,0,82,276,TOM,p,0,78,262,GREY,s,0,76,276,GARY,b,0,352461,5485
85,263,KNIGHT,b,0,82,251,FOX,g,2,76,250,GREY,b,0,77,262,SARA,p,0,77,270,SANDY,b,2,77,260,RICA,g,0,264351,5486
75,276,GREY,s,0,78,275,SAM,s,0,82,255,LY,b,0,80,270,TERRY,p,0,83,272,JU,g,0,79,250,PAU,p,2,654213,5487
87,260,SAMMY,s,2,81,275,JOHN,g,0,87,260,DAN,b,2,75,255,ANDY,s,2,82,273,DARIO,p,2,81,271,RICA,s,0,654123,5488
76,267,EDWARD,s,0,84,276,YOUNG,s,0,77,272,BLUES,s,0,85,263,CLIVE,s,0,74,274,JOHN,s,0,76,255,ROBER,b,0,523416,5489
73,251,HARVEY,s,0,86,277,TERRY,g,0,82,277,TOM,s,0,80,279,GRAHAM,s,0,88,276,GREY,b,0,77,275,SANDY,g,0,234615,5490
85,258,CLIVE,p,0,75,270,JU,s,0,88,253,ROBER,p,2,75,257,ROBIN,b,0,79,277,RUDY,b,0,79,265,GRAHAM,p,0,316254,5491
75,272,SEAN,p,0,77,271,GREY,g,0,86,258,TOM,p,0,78,272,YOUNG,b,0,78,255,RICA,g,0,81,279,JENNY,s,0,362154,5492
87,256,SEAN,p,0,73,272,GEORGE,s,0,77,263,JU,g,0,88,250,CLIVE,b,0,84,257,YOUNG,p,0,82,270,DARIO,b,0,513264,5493
76,263,DAN,g,0,76,272,HARVEY,g,0,82,275,GRAHAM,g,2,83,266,FOX,g,0,84,258,JU,s,0,84,260,PETER,g,0,153264,5494
73,277,YOUNG,g,0,79,266,ELEN,s,0,87,250,TIM,b,0,78,274,SAM,g,0,75,259,SANDY,b,0,79,274,GREY,p,0,421635,5495
78,254,GRAHAM,g,0,81,267,GREY,g,0,78,255,LE,b,0,88,259,SEAN,g,0,74,261,CLIVE,g,0,80,264,LY,s,0,124563,5496
75,268,GEORGE,b,0,84,267,TERRY,s,0,83,260,AIMEE,b,2,76,267,JU,g,0,74,262,LY,p,0,82,255,LIA,s,0,623451,5497
87,252,PAULA,b,0,87,268,RICA,g,0,73,265,RUDY,s,0,86,252,MIKE,p,2,80,264,ANDY,p,0,84,269,ELEN,b,0,234561,5498
76,259,JENNY,b,0,83,262,ARL,s,0,78,277,LIA,s,0,81,261,MIKE,p,2,79,272,LE,s,2,85,259,PAULA,g,0,526431,5499
73,273,MARIE,s,0,85,262,GEORGE,g,0,84,252,LIA,p,0,76,276,EDWARD,p,0,85,273,RUDY,b,0,87,279,ROBIN,p,0,265134,5500
78,250,CLIVE,s,0,73,263,KNIGHT,s,0,74,257,PAULA,p,0,86,254,AIMEE,s,0,84,275,GRAHAM,g,2,74,270,RICA,s,0,435126,5501
75,264,JOEL,s,0,76,263,GREY,g,0,87,262,RUDY,g,0,81,269,SARA,s,0,76,276,CLIVE,p,0,83,254,YOUNG,b,0,364251,5502
79,278,YOUNG,p,0,79,257,ROBIN,s,0,78,267,KNIGHT,g,0,84,278,GEORGE,s,0,75,277,JU,s,0,85,274,HARVEY,g,0,641235,5503
76,255,AIMEE,p,0,82,258,JOEL,g,2,83,279,GRAHAM,g,0,79,263,ELEN,b,0,81,279,ROBER,s,0,87,265,CLIVE,p,0,563214,5504
73,269,FOX,p,0,78,258,RICA,s,0,74,254,TERRY,b,0,74,271,ANDY,b,0,80,257,JU,b,0,74,278,ROBIN,s,0,261543,5505
78,276,JAMES,g,0,80,259,JU,g,0,79,259,KNIGHT,b,0,84,256,SEAN,b,0,86,258,LY,g,0,75,269,ROBER,b,2,512346,5506
75,260,LE,g,0,83,260,TERRY,s,0,84,265,JU,s,0,79,265,JOEL,g,0,86,260,MIKE,p,0,77,259,PETER,g,0,123546,5507
79,274,MARIE,g,0,86,254,NANCY,g,0,74,270,LY,s,0,82,250,JOHN,g,0,85,261,JU,s,0,79,273,SANDY,p,0,245163,5508
76,251,NANCY,g,0,74,254,PAULA,s,2,80,275,FOX,p,0,77,258,ROBER,g,2,76,262,YOUNG,b,0,74,263,BLUES,s,0,516423,5509
80,265,TOM,b,0,77,255,SEAN,g,0,85,257,AIMEE,p,0,87,273,GEORGE,p,0,76,264,SAMMY,b,0,75,254,PAULA,s,2,243651,5510
78,272,ELEN,b,0,87,255,TERRY,s,0,75,262,TIM,p,0,82,252,TOM,p,0,82,265,DARIO,g,0,77,268,ANDY,b,0,254361,5511
75,256,DAN,b,0,75,279,JAMES,g,0,74,267,PAULA,g,0,77,267,DARIO,p,0,81,273,AIMEE,p,0,79,258,ROBIN,g,0,236451,5512
79,270,BLUES,s,2,78,250,ROBER,s,0,79,272,DAN,g,0,80,275,HARVEY,p,0,87,275,LIA,s,0,80,279,SEAN,p,0,521643,5513
76,277,GRAHAM,s,0,81,250,GEORGE,g,2,84,277,ROBIN,b,0,75,260,JOEL,s,0,86,276,SARA,b,2,82,262,GREY,s,2,261453,5514
80,261,SANDY,s,0,83,251,TERRY,s,0,75,259,PETER,b,0,85,269,JOHN,s,0,78,277,ARL,g,0,77,253,TIM,b,0,142536,5515
78,268,GARY,p,2,86,275,ROBER,g,0,80,264,JU,s,0,80,254,JOEL,s,0,77,279,HARVEY,g,2,78,273,JOHN,g,0,246315,5516
75,252,NANCY,p,0,82,275,MIKE,s,0,85,269,ANDY,s,2,75,262,GEORGE,b,0,83,250,CLIVE,p,0,80,257,FOX,p,0,625134,5517
79,266,BLUES,p,0,85,276,RUDY,g,0,76,274,SEAN,s,0,78,277,PAULA,b,0,83,258,EDWARD,s,0,82,277,ELEN,s,2,253614,5518
76,273,TIM,g,2,88,277,RICA,s,2,81,279,CLIVE,p,0,87,256,DARIO,b,2,74,260,ROBIN,b,0,83,268,GARY,b,0,213546,5519
80,257,MIKE,g,0,76,270,ROBIN,g,0,86,261,KNIGHT,p,2,83,271,PETER,g,0,73,261,RUDY,g,0,85,258,SEAN,g,0,361452,5520
78,264,DARIO,g,0,78,271,GREY,s,0,77,266,SARA,g,0,78,279,SEAN,g,0,87,262,SANDY,p,0,87,272,TIM,p,0,534216,5521
82,278,LIA,b,2,81,272,SAM,g,0,75,271,FOX,g,0,87,264,TOM,g,0,79,264,SANDY,p,0,82,263,PAULA,s,0,426531,5522
79,262,TIM,b,0,77,272,FOX,s,0,80,276,SEAN,b,2,83,273,MIKE,p,0,78,265,SANDY,s,0,83,253,ELEN,s,0,456213,5523
76,269,PAU,b,0,80,266,GREY,g,0,85,252,MARIE,b,0,86,258,BLUES,p,0,84,273,SANDY,b,0,85,267,LIA,b,0,426135,5524
80,253,ANDY,s,0,82,267,JOEL,s,0,76,263,NANCY,b,0,81,266,AIMEE,p,0,83,275,MIKE,g,0,86,257,BLUES,g,0,246513,5525
78,260,ANDY,s,0,85,267,PAULA,g,0,81,269,MARIE,s,2,76,251,DAN,s,0,75,276,JOHN,p,0,73,278,ELEN,p,0,536142,5526
82,274,GRAHAM,s,0,73,268,LE,s,0,86,274,DARIO,s,0,85,260,SEAN,s,0,74,277,EDWARD,s,2,75,261,HARVEY,s,0,345162,5527
79,258,JU,s,0,76,268,PETER,g,0,77,279,LIA,p,0,81,275,JAMES,s,0,80,279,JOHN,s,0,77,252,LE,b,0,512436,5528
83,265,LY,p,0,86,262,RUDY,s,0,82,254,NANCY,p,0,84,253,JOEL,s,2,79,250,FOX,b,2,86,272,SANDY,g,0,632415,5529
80,279,GEORGE,p,0,75,263,SEAN,g,0,87,259,LE,g,0,79,268,PETER,b,2,85,251,LY,g,0,73,256,RICA,p,0,351624,5530
78,263,NANCY,p,0,77,263,RICA,s,0,86,271,CLIVE,g,0,74,277,EDWARD,b,0,85,260,DAN,p,0,75,277,ROBIN,s,0,316254,5531
82,270,EDWARD,g,0,80,264,CLIVE,g,2,76,276,DARIO,b,0,84,262,ROBIN,b,0,84,261,RUDY,s,0,77,267,ELEN,b,0,152643,5532
79,254,GARY,g,0,83,258,RICA,s,0,81,251,RUDY,b,0,79,270,JOEL,g,0,75,262,TERRY,b,0,78,251,PAULA,g,0,421635,5533
83,261,LIA,g,0,85,258,PAU,g,0,87,256,SEAN,b,0,82,255,ROBER,g,0,75,264,KNIGHT,b,0,80,271,MIKE,p,0,421635,5534
80,275,LY,b,0,73,259,MIKE,s,0,77,261,ARL,s,0,77,263,LIA,g,0,81,265,EDWARD,g,0,75,262,RUDY,s,0,456231,5535
84,259,PAU,b,0,84,260,RICA,g,0,82,273,GEORGE,s,0,86,279,JAMES,p,0,80,266,DARIO,p,0,76,275,LE,b,0,542316,5536
82,266,RUDY,b,0,87,253,SAMMY,s,2,88,278,DARIO,p,0,82,257,LE,p,0,86,275,SARA,s,0,78,266,ROBIN,b,2,543216,5537
79,250,RUDY,s,0,75,254,MARIE,g,0,78,253,PAULA,p,0,77,272,JAMES,p,0,85,276,SAM,b,0,80,256,GEORGE,g,0,246315,5538
83,257,YOUNG,s,0,78,255,MARIE,s,0,83,258,PAULA,g,0,86,250,JOEL,s,0,77,277,CLIVE,g,0,81,270,JAMES,p,0,356412,5539
80,271,YOUNG,s,0,80,255,RICA,g,0,74,264,DARIO,g,0,75,266,FOX,s,2,76,279,TERRY,g,0,83,261,SEAN,s,0,526413,5540
84,255,TOM,p,0,83,279,DAN,s,0,87,275,TIM,g,0,84,274,JOEL,s,0,82,250,GEORGE,p,0,85,251,DARIO,b,2,152463,5541
82,262,JOEL,p,0,79,250,DAN,g,2,77,251,HARVEY,b,0,80,259,PAU,b,0,81,252,JENNY,s,2,80,272,EDWARD,g,0,521643,5542
86,276,HARVEY,p,0,82,250,RUDY,s,0,83,256,PAU,b,0,75,267,JENNY,b,0,81,253,ROBER,b,0,81,255,GRAHAM,p,0,126435,5543
83,253,RUDY,g,0,84,251,JAMES,g,0,73,261,SEAN,s,0,84,253,TOM,b,0,87,261,PETER,g,0,83,276,YOUNG,s,0,265134,5544
80,267,DAN,g,0,87,275,ROBER,s,0,78,266,AIMEE,s,0,87,261,GREY,g,0,86,262,ANDY,p,0,85,266,ROBIN,b,2,154236,5545
84,251,LIA,g,0,75,275,GARY,g,0,84,278,RICA,p,2,83,276,RUDY,g,0,77,264,ANDY,s,0,86,250,AIMEE,g,0,624153,5546
82,258,ANDY,g,2,78,276,KNIGHT,s,2,74,253,FOX,p,0,78,254,YOUNG,g,0,77,265,RUDY,s,0,73,270,NANCY,p,0,142653,5547
86,272,DAN,b,0,74,276,TIM,g,0,79,258,FOX,p,0,87,270,BLUES,g,0,83,267,GARY,b,0,75,261,ANDY,s,0,342651,5548
83,279,AIMEE,b,0,77,277,GRAHAM,s,0,84,263,CLIVE,g,2,82,278,SANDY,p,0,82,268,LE,g,0,84,275,MIKE,b,2,425361,5549
80,263,FOX,b,2,79,271,DAN,g,0,75,268,SARA,g,0,85,263,RUDY,p,2,74,276,HARVEY,p,0,86,265,GRAHAM,b,0,435216,5550
84,277,GRAHAM,s,0,82,271,GREY,s,0,73,273,SAMMY,b,0,81,271,SEAN,p,0,88,277,ROBIN,s,0,88,256,SANDY,g,0,524613,5551
82,254,EDWARD,s,0,85,272,JENNY,g,0,79,255,GREY,b,2,76,256,PAU,s,0,79,279,YOUNG,b,0,75,269,NANCY,p,0,241653,5552
86,268,BLUES,s,2,87,273,FOX,s,0,84,260,RUDY,s,0,85,265,CLIVE,s,0,78,250,ELEN,b,0,76,260,JOEL,s,0,124365,5553
83,275,GARY,p,0,83,266,JOEL,g,0,74,265,GRAHAM,s,0,80,250,TOM,s,0,77,252,HARVEY,g,0,78,250,LIA,b,0,231546,5554
87,259,YOUNG,p,0,86,267,DARIO,s,0,80,270,SAM,s,2,76,258,EDWARD,b,0,84,253,SEAN,p,2,87,264,JOEL,g,0,615234,5555
84,273,YOUNG,p,2,74,268,TOM,g,0,85,276,FOX,p,0,79,273,KNIGHT,b,0,83,254,SAMMY,s,0,74,254,PETER,p,0,153624,5556
82,250,TOM,g,0,77,268,HARVEY,s,0,75,257,GREY,p,0,74,252,YOUNG,b,0,74,262,ROBER,b,2,76,275,LIA,s,0,612354,5557
86,264,PAULA,g,0,80,262,SAMMY,g,0,80,263,LIA,g,0,83,267,KNIGHT,g,0,74,264,TIM,g,0,78,259,BLUES,b,0,341256,5558
83,271,BLUES,g,0,82,263,GEORGE,s,0,86,268,HARVEY,g,0,79,275,JU,g,0,80,265,LY,g,0,79,279,KNIGHT,g,0,123645,5559
87,255,ROBER,b,0,78,263,EDWARD,g,0,76,273,MIKE,b,0,74,260,JOHN,g,2,79,267,ROBIN,p,0,81,270,RICA,p,0,462531,5560
84,269,DAN,b,0,81,264,GEORGE,s,0,75,278,ROBER,b,0,77,269,SANDY,p,2,85,268,ROBIN,s,0,83,253,TIM,s,0,654213,5561
74,276,GREY,b,0,84,258,PETER,g,0,80,260,PAULA,s,0,86,254,RUDY,p,0,84,269,SANDY,b,0,78,274,DARIO,b,0,423516,5562
86,260,GREY,s,0,86,258,RICA,s,0,85,265,LE,s,0,81,262,PETER,p,0,76,278,JU,g,0,79,264,JOHN,b,0,341256,5563
83,267,AIMEE,s,0,74,259,SAM,g,0,76,270,JENNY,s,0,77,277,CLIVE,p,0,75,279,ANDY,p,0,81,255,GREY,g,0,641325,5564
87,251,SEAN,s,0,77,259,LIA,s,2,81,275,RUDY,p,0,86,256,ANDY,s,0,81,250,FOX,p,0,83,268,PAU,p,0,416532,5565
84,265,NANCY,s,0,73,253,PAULA,g,0,86,250,GREY,p,0,75,271,HARVEY,s,0,80,252,RUDY,s,0,84,259,MARIE,s,0,541362,5566
74,272,SEAN,p,0,76,254,ARL,s,0,76,262,SAMMY,g,0,84,279,KNIGHT,s,0,80,253,TERRY,b,0,86,279,RICA,b,0,214356,5567
86,256,TOM,p,0,79,254,EDWARD,g,0,82,267,SARA,g,0,79,264,HARVEY,b,0,86,254,TERRY,g,2,81,263,JU,g,2,251364,5568
75,263,PAULA,p,0,81,255,PAU,s,0,87,272,JU,b,0,75,273,EDWARD,b,0,85,256,ROBIN,p,0,82,254,AIMEE,p,0,265134,5569
87,277,GREY,g,0,84,256,TOM,g,2,77,277,YOUNG,b,0,84,258,TIM,b,0,76,264,ARL,s,2,84,274,SANDY,s,0,512643,5570
84,261,CLIVE,g,0,87,279,JENNY,s,0,76,252,PETER,b,0,79,266,ARL,g,2,76,265,LY,s,0,86,258,SAMMY,b,0,214536,5571
74,268,GEORGE,g,0,83,250,PAU,g,0,81,258,PETER,s,0,82,251,NANCY,g,0,82,267,ANDY,b,0,87,278,TERRY,g,2,341625,5572
86,252,SARA,b,0,85,251,LIA,s,0,86,269,RICA,s,0,78,260,ARL,g,0,81,268,SANDY,g,0,74,269,JU,p,0,324561,5573
75,259,MIKE,b,0,73,251,LE,g,0,77,275,EDWARD,p,0,87,275,JOHN,p,0,87,269,PAULA,p,0,76,252,DARIO,s,0,645231,5574
87,273,SAMMY,b,0,76,275,EDWARD,s,2,82,250,JAMES,p,2,82,253,SANDY,p,0,86,271,KNIGHT,s,0,86,273,RICA,b,0,453261,5575
77,257,PETER,s,0,79,276,MARIE,g,0,87,255,NANCY,g,0,77,268,YOUNG,p,0,78,279,ROBER,b,0,87,263,GEORGE,g,2,263415,5576
74,264,YOUNG,s,0,82,276,PETER,s,0,78,260,GARY,g,0,80,277,SAM,s,0,77,250,MIKE,b,0,74,277,GEORGE,g,0,342615,5577
86,278,JAMES,s,2,78,277,KNIGHT,g,0,83,272,GEORGE,g,2,76,262,AIMEE,s,0,76,252,EDWARD,g,0,76,268,ARL,p,0,153624,5578
75,255,KNIGHT,p,0,80,271,MIKE,s,0,73,277,DAN,b,0,85,270,TIM,s,0,82,253,PAU,p,0,77,258,RUDY,s,0,452613,5579
87,269,ANDY,p,0,83,271,LIA,g,0,79,252,EDWARD,b,0,80,255,LY,s,0,82,254,DARIO,s,0,79,272,SANDY,b,2,125463,5580
77,253,AIMEE,p,2,86,272,YOUNG,s,0,77,257,GARY,s,2,75,264,SAM,b,2,73,256,ANDY,b,0,81,262,BLUES,g,0,632145,5581
74,260,SEAN,g,0,74,272,PETER,g,0,82,262,LIA,s,0,78,279,JOEL,b,0,87,264,PAU,g,0,76,253,JOHN,p,0,156324,5582
86,274,PAU,g,0,77,266,MARIE,s,0,87,274,ARL,p,0,74,257,RICA,b,0,79,265,GREY,g,2,77,273,GRAHAM,s,0,136254,5583
75,251,HARVEY,g,2,87,267,FOX,g,0,78,279,DARIO,p,2,83,272,LE,g,0,78,267,KNIGHT,p,0,79,257,ANDY,b,0,452136,5584
87,265,RUDY,g,0,75,267,SEAN,s,0,83,254,TOM,p,0,78,251,JU,g,0,84,268,RICA,s,0,81,277,SANDY,g,0,154632,5585
77,279,ANDY,b,0,78,268,GRAHAM,g,0,74,259,PETER,g,0,74,266,JOHN,g,0,83,269,TOM,b,0,82,268,JAMES,p,0,632451,5586
74,256,GARY,b,2,81,262,LE,s,0,79,264,TIM,g,0,83,274,SAM,p,0,75,271,ELEN,g,0,84,251,BLUES,s,0,364521,5587
78,270,TIM,b,0,83,262,LY,g,0,84,276,SARA,b,0,86,259,HARVEY,p,0,74,272,GRAHAM,p,0,79,272,ELEN,b,0,254163,5588
75,277,ROBER,s,0,86,263,GARY,s,0,75,251,PAU,b,0,81,268,GREY,p,0,73,250,JOEL,p,0,80,262,MIKE,g,0,265143,5589
87,261,TOM,s,2,82,264,SEAN,g,0,80,257,JAMES,s,0,76,253,GRAHAM,s,0,79,252,LY,s,0,82,276,TIM,g,0,253641,5590
77,274,BLUES,s,0,85,264,ANDY,s,0,78,262,PETER,s,0,86,261,EDWARD,s,2,78,253,JENNY,b,0,84,267,ARL,p,0,634215,5591
74,252,CLIVE,p,0,87,258,JU,g,0,83,267,AIMEE,p,0,81,276,BLUES,s,2,85,254,TERRY,g,0,85,257,DARIO,s,0,562431,5592
78,266,NANCY,p,0,76,259,PAULA,s,2,74,272,ROBIN,p,0,84,254,CLIVE,b,0,84,256,DARIO,p,0,87,271,ROBER,b,0,253146,5593
75,273,RUDY,p,0,78,259,EDWARD,g,0,79,254,SEAN,p,0,79,270,JENNY,b,0,75,257,GREY,s,0,74,261,AIMEE,g,0,251634,5594
79,257,ROBIN,g,0,81,260,ROBER,s,0,84,259,AIMEE,g,0,74,278,RICA,b,0,75,265,SAMMY,s,0,84,252,GARY,p,0,231564,5595
77,270,TIM,g,0,77,254,PETER,g,0,75,264,ANDY,g,0,84,263,JU,b,0,81,267,BLUES,b,2,85,265,PAU,s,0,361245,5596
74,278,GREY,g,0,80,254,NANCY,s,0,80,269,GEORGE,b,0,79,271,ANDY,g,0,80,268,JENNY,g,0,87,256,KNIGHT,b,0,524136,5597
78,261,BLUES,b,0,82,255,SAMMY,g,2,85,274,SANDY,b,0,82,257,DAN,g,0,86,269,PAU,p,2,74,276,DARIO,g,0,256413,5598
75,269,SAM,b,0,85,255,SANDY,s,0,76,256,NANCY,s,0,77,265,MIKE,g,0,85,271,RICA,s,0,75,260,BLUES,p,2,536241,5599
79,252,ROBIN,b,0,73,279,SANDY,g,0,74,261,GRAHAM,s,0,87,250,DAN,p,0,77,272,BLUES,b,0,77,251,MARIE,s,0,643251,5600
77,266,NANCY,s,0,76,250,FOX,s,0,79,266,RICA,s,0,82,258,PETER,p,0,76,274,PAULA,g,0,79,271,ARL,b,0,514326,5601
81,274,LIA,s,0,86,250,ELEN,g,0,85,271,SANDY,p,0,77,274,YOUNG,p,2,75,252,MARIE,g,0,74,255,JOEL,g,0,234165,5602
78,257,SANDY,s,0,74,251,ELEN,s,2,75,276,HARVEY,p,0,80,252,YOUNG,s,0,81,253,NANCY,p,0,75,275,GARY,g,2,562341,5603
75,265,SAM,p,0,77,275,ROBIN,g,0,80,258,KNIGHT,g,2,75,267,SEAN,s,0,81,255,RICA,s,0,77,266,SARA,p,0,561234,5604
79,278,SAMMY,p,0,80,275,JOEL,s,0,86,263,JOHN,g,0,85,275,TIM,s,0,87,256,PAU,b,0,79,256,TERRY,s,0,631245,5605
77,262,ROBIN,p,0,83,276,RICA,g,0,76,269,GARY,b,0,80,261,CLIVE,b,0,86,257,FOX,g,0,80,270,KNIGHT,b,0,521364,5606
81,269,KNIGHT,p,0,85,277,EDWARD,s,0,81,274,PETER,b,2,75,269,GARY,b,0,77,259,TERRY,p,0,82,260,JAMES,g,2,612354,5607
78,253,JOEL,g,0,81,270,BLUES,g,2,86,279,JU,b,0,85,254,RICA,b,0,77,267,JOHN,p,0,77,251,MARIE,p,0,125634,5608
82,260,ELEN,g,0,84,271,ANDY,s,0,77,261,PAULA,s,0,73,262,FOX,g,0,83,268,GREY,s,0,78,265,SAMMY,s,0,516243,5609
79,274,SANDY,g,0,87,272,MARIE,g,0,75,266,LE,s,2,83,277,NANCY,g,0,82,270,PAU,b,0,80,255,SAM,b,0,243156,5610
77,258,HARVEY,b,0,75,272,BLUES,s,0,81,271,ROBER,p,0,78,256,GEORGE,g,0,73,271,SAM,g,2,82,276,TIM,g,2,356241,5611
81,265,NANCY,b,2,78,273,SEAN,g,0,86,276,RICA,p,0,73,271,TERRY,p,2,87,272,SAM,p,0,83,259,RUDY,p,0,365241,5612
78,279,ELEN,b,0,80,267,YOUNG,s,0,76,251,ROBIN,g,2,83,279,SARA,p,0,87,274,ROBER,s,0,85,250,AIMEE,s,0,563421,5613
82,256,JAMES,s,0,76,267,BLUES,g,0,82,256,PETER,g,0,86,264,TERRY,p,0,78,275,JENNY,s,0,87,270,YOUNG,b,0,534126,5614
79,270,HARVEY,s,2,79,268,LY,s,0,87,268,RUDY,g,0,81,273,SAMMY,p,0,77,253,AIMEE,b,0,82,254,SANDY,g,0,641235,5615
77,254,JENNY,s,0,82,268,LY,g,0,77,273,LE,b,0,76,258,BLUES,s,0,83,255,JOHN,g,0,83,274,RICA,p,0,351624,5616
81,261,ARL,p,0,84,262,JOHN,s,0,82,278,EDWARD,b,0,86,266,SAM,s,0,83,256,RICA,p,0,85,265,SARA,p,0,426513,5617
78,275,LE,p,2,87,263,GARY,g,0,88,253,RUDY,s,0,81,251,LY,s,0,74,257,JOHN,s,0,87,279,JU,s,0,653124,5618
82,252,CLIVE,p,0,75,263,SAM,s,0,78,258,JAMES,s,0,84,260,LY,b,0,73,259,GARY,b,0,73,269,GRAHAM,b,0,123645,5619
79,266,KNIGHT,g,0,86,264,GRAHAM,g,0,77,270,JAMES,p,0,79,275,TOM,b,0,80,260,ELEN,b,0,75,260,LY,g,0,213654,5620
83,250,YOUNG,g,2,74,258,LIA,s,2,82,275,JENNY,p,0,74,253,SARA,b,0,79,268,DAN,g,0,85,273,MARIE,p,0,165324,5621
81,257,PETER,g,0,77,258,RICA,g,0,87,251,BLUES,g,0,84,268,JAMES,g,2,85,270,LY,p,0,86,264,JU,s,0,154623,5622
78,271,GARY,b,0,79,259,TERRY,s,0,78,256,HARVEY,g,0,79,277,SANDY,g,2,84,271,SARA,s,0,73,254,AIMEE,b,0,543261,5623
82,255,TOM,b,2,82,260,RUDY,g,0,83,261,SARA,g,0,74,262,MIKE,g,0,83,272,SANDY,b,2,75,268,GEORGE,g,0,236415,5624
79,262,JOHN,b,0,85,253,LIA,s,0,73,273,CLIVE,b,0,77,270,DARIO,p,0,75,274,PETER,g,0,77,258,SAMMY,p,0,452631,5625
83,276,GEORGE,b,0,81,254,DARIO,g,2,78,278,PAULA,b,0,87,255,SAMMY,p,0,74,275,SARA,g,2,78,279,NANCY,s,0,526413,5626
81,253,ROBER,s,0,83,255,SAM,s,0,84,253,CLIVE,s,0,82,264,GARY,p,0,80,253,FOX,p,0,80,269,MIKE,b,0,346521,5627
85,267,HARVEY,s,0,86,255,LY,g,0,74,258,GEORGE,s,0,77,279,PETER,s,0,80,255,KNIGHT,s,0,75,253,TERRY,g,0,215643,5628
82,251,PAU,s,0,74,279,JOEL,s,0,79,263,JENNY,p,0,87,257,CLIVE,s,0,86,256,SANDY,b,0,76,274,SEAN,p,0,531462,5629
79,258,TOM,p,0,77,250,FOX,g,0,78,275,JAMES,p,0,75,272,DAN,s,0,85,257,EDWARD,g,0,78,264,LIA,p,2,523614,5630
83,272,DAN,p,0,80,250,NANCY,s,2,83,250,ROBER,p,0,85,251,GARY,s,0,76,259,KNIGHT,p,0,80,278,SARA,s,0,163425,5631
81,279,CLIVE,p,0,76,251,NANCY,g,0,74,255,JOEL,g,0,80,266,YOUNG,b,0,76,260,ARL,p,0,81,268,GRAHAM,b,0,152346,5632
85,263,PETER,g,0,78,251,JOEL,s,0,79,260,TERRY,g,2,75,274,LIA,b,2,82,261,SAMMY,s,0,83,259,TOM,g,0,612354,5633
82,277,NANCY,g,0,81,275,RICA,g,0,84,265,MIKE,b,0,85,259,TIM,b,0,81,270,TOM,b,0,85,272,SEAN,p,2,621354,5634
86,254,BLUES,g,0,84,276,DARIO,s,0,74,277,LIA,b,0,73,268,JOEL,g,0,87,271,HARVEY,g,0,80,263,TIM,s,0,521643,5635
83,268,PAULA,b,0,86,276,LE,g,2,80,252,FOX,s,2,83,253,DARIO,g,0,86,272,JAMES,p,0,81,253,ELEN,b,0,245361,5636
81,275,DAN,b,0,74,277,MIKE,s,0,85,257,SAMMY,s,0,78,261,YOUNG,g,0,86,274,SANDY,s,2,83,267,HARVEY,g,0,453621,5637
85,259,SAM,b,0,77,271,LIA,g,0,75,262,PAULA,s,0,73,276,LE,p,0,77,275,PETER,s,0,85,258,SARA,p,2,643521,5638
82,273,CLIVE,s,0,73,271,MIKE,s,0,81,268,ARL,p,2,83,255,PAU,p,0,76,276,ANDY,b,2,86,278,LY,s,0,546213,5639
86,250,JAMES,s,0,76,272,ROBIN,g,0,79,273,SAM,p,0,78,270,HARVEY,p,0,82,255,LY,g,0,73,262,KNIGHT,b,0,523146,5640
83,264,ROBIN,s,0,79,273,HARVEY,s,0,84,255,DARIO,g,0,81,278,GEORGE,s,0,82,256,SAMMY,p,0,83,252,JAMES,g,0,653142,5641
88,271,MIKE,p,0,81,266,GREY,g,0,75,260,SANDY,g,2,76,263,YOUNG,s,0,73,257,GARY,s,0,84,273,JU,p,2,123465,5642
85,255,LE,p,0,84,267,PAU,s,0,80,265,GREY,b,0,86,272,DARIO,s,2,87,259,CLIVE,b,0,86,256,JENNY,p,0,146235,5643
82,269,PAU,p,0,87,268,SANDY,g,0,85,270,TOM,b,0,81,257,AIMEE,b,0,78,260,JOHN,b,0,88,277,GRAHAM,s,0,162453,5644
86,276,JAMES,p,0,83,268,JENNY,s,0,76,275,YOUNG,b,0,76,265,HARVEY,b,0,78,262,SEAN,g,0,75,267,ARL,b,0,512463,5645
83,260,ARL,g,2,85,262,DARIO,g,0,81,257,TERRY,s,0,79,250,PETER,b,0,84,263,BLUES,p,0,76,251,MARIE,g,0,253164,5646
88,267,PAU,g,0,73,263,MIKE,s,0,86,262,SEAN,s,0,74,259,JENNY,b,0,83,271,SANDY,s,0,78,272,DARIO,p,0,153624,5647
85,251,GREY,g,0,76,263,ANDY,g,0,77,267,JOEL,p,0,84,274,TIM,g,0,82,272,NANCY,b,0,88,262,MARIE,s,0,416325,5648
74,265,ELEN,b,2,79,264,RICA,s,0,82,272,SAM,p,0,79,252,LY,g,0,74,274,NANCY,g,0,74,253,SEAN,b,0,354216,5649
86,272,DARIO,b,0,82,258,TIM,g,0,80,277,LIA,g,0,74,267,ROBER,g,0,73,275,JAMES,p,0,76,266,ARL,g,0,526431,5650
83,256,LE,b,0,78,258,GREY,s,0,85,259,KNIGHT,g,0,77,275,JOHN,p,0,79,277,GARY,p,0,78,257,BLUES,p,0,345621,5651
88,263,EDWARD,s,2,80,259,PETER,g,0,76,264,RUDY,b,0,87,261,LY,p,0,78,278,RICA,s,2,79,277,PAULA,s,0,452163,5652
85,277,TOM,s,0,83,260,LIA,s,0,81,269,GARY,b,0,82,269,PAULA,p,2,85,256,ROBIN,b,0,81,261,LE,b,0,214365,5653
74,261,DAN,s,0,86,260,JAMES,g,2,86,274,KNIGHT,b,0,77,254,GRAHAM,s,0,84,257,TOM,g,0,83,251,SARA,g,0,625143,5654
86,268,GARY,p,2,74,254,MARIE,s,0,77,250,JOHN,s,0,87,262,ARL,s,0,75,259,SAM,p,0,78,272,DAN,p,0,416352,5655
83,252,AIMEE,p,0,77,255,SANDY,g,0,82,261,EDWARD,s,0,82,278,GARY,s,0,74,260,GRAHAM,s,0,79,256,ANDY,s,0,134562,5656
88,259,NANCY,p,0,87,255,LE,s,0,87,267,RUDY,p,0,85,256,LIA,b,0,81,262,MARIE,s,0,81,276,MIKE,s,0,126534,5657
85,273,TERRY,g,2,75,256,JOEL,g,0,78,272,KNIGHT,p,0,80,271,LE,b,0,80,263,PAULA,b,0,83,267,NANCY,b,0,321645,5658
74,257,LY,g,0,78,250,BLUES,s,2,83,277,NANCY,g,0,75,279,GEORGE,b,0,79,264,ROBIN,g,0,84,250,LIA,g,0,631254,5659
86,264,BLUES,g,0,81,250,PETER,g,0,81,252,DARIO,g,0,85,265,YOUNG,g,0,85,272,RICA,p,0,86,271,JAMES,p,0,645123,5660
76,278,ELEN,b,0,83,251,BLUES,s,0,87,257,AIMEE,g,0,80,273,RICA,g,0,84,274,ARL,s,0,81,261,CLIVE,s,2,645231,5661
88,255,BLUES,b,0,86,251,TERRY,g,0,77,269,HARVEY,b,2,83,258,RUDY,g,0,76,275,JOHN,b,0,82,275,YOUNG,b,0,243651,5662
85,269,RICA,b,0,82,275,MARIE,s,0,82,274,LE,b,0,78,266,CLIVE,g,2,75,277,JU,b,0,84,265,EDWARD,g,0,642153,5663
74,253,LY,b,0,85,276,GREY,g,2,88,279,ARL,s,0,73,252,PAU,p,2,81,278,LE,g,0,86,256,JOHN,p,0,632541,5664
86,260,GARY,s,0,87,276,NANCY,s,0,78,254,PETER,s,2,83,260,BLUES,p,0,81,279,ROBIN,p,2,87,270,JENNY,s,2,451623,5665
76,274,PAULA,s,0,75,277,TIM,g,0,83,259,DARIO,p,0,78,275,MARIE,p,0,87,258,SARA,s,0,74,260,ANDY,b,0,521346,5666
88,251,RUDY,s,0,78,271,MIKE,s,0,74,271,JOEL,p,0,81,253,JOHN,s,0,86,259,ROBER,b,2,76,251,TIM,g,0,164235,5667
77,265,ROBER,p,0,81,271,SAM,g,0,79,276,ARL,p,2,76,268,GARY,s,0,77,260,TERRY,g,0,86,271,DARIO,p,0,541623,5668
74,279,PAU,p,0,77,272,RUDY,s,0,77,251,TOM,g,0,86,277,JOEL,s,0,77,262,NANCY,g,0,87,255,DARIO,s,2,641352,5669
86,256,JENNY,p,0,80,273,ROBER,g,0,83,256,TIM,g,0,81,262,RICA,b,0,83,263,LY,p,0,74,275,GREY,s,0,153624,5670
76,270,JOEL,g,0,82,266,GRAHAM,s,0,73,262,LIA,b,2,76,270,MIKE,b,0,82,264,BLUES,s,0,76,266,GARY,b,0,521643,5671
88,277,HARVEY,g,0,85,267,RUDY,g,0,78,273,GEORGE,b,0,86,255,RICA,b,0,81,266,PAU,b,0,77,279,CLIVE,g,0,125436,5672
77,261,HARVEY,g,0,73,268,SAMMY,s,0,84,279,JAMES,s,0,74,264,RUDY,g,0,87,274,GEORGE,g,0,79,270,FOX,p,2,513462,5673
74,275,JAMES,b,0,76,268,EDWARD,g,0,74,254,SAMMY,s,0,84,279,DAN,g,2,87,275,JENNY,p,0,74,260,JOHN,s,0,452631,5674
78,252,SEAN,b,0,86,269,HARVEY,s,0,79,259,ROBIN,s,0,79,257,GRAHAM,g,0,78,277,TIM,p,0,76,274,JAMES,b,0,254361,5675
76,266,MIKE,b,0,74,263,JU,g,0,84,264,DAN,p,0,74,272,TOM,p,0,77,278,ELEN,s,0,77,264,KNIGHT,g,0,362541,5676
88,273,KNIGHT,s,0,77,263,PETER,s,0,75,276,GRAHAM,p,0,84,251,JOEL,p,0,83,279,SAMMY,b,0,79,255,TIM,p,0,416325,5677
77,257,PETER,s,0,80,264,ANDY,b,0,80,251,JU,g,0,87,266,ROBIN,p,0,83,251,JENNY,g,2,81,269,RUDY,s,0,456132,5678
74,271,LE,s,0,83,264,JENNY,p,0,79,256,JOHN,g,0,82,274,FOX,s,0,74,259,JOEL,p,0,82,259,DAN,b,0,421356,5679
78,278,DARIO,p,2,85,258,PETER,b,0,84,261,GREY,b,0,77,259,ANDY,s,0,73,260,ROBIN,s,2,84,250,RUDY,g,0,416523,5680
76,262,RUDY,p,0,81,259,JENNY,p,0,74,266,DAN,b,0,87,268,MIKE,s,0,79,262,CLIVE,s,0,79,263,HARVEY,p,0,124653,5681
80,269,BLUES,p,0,84,259,GARY,b,2,80,271,RUDY,s,0,82,253,JU,s,0,79,263,LE,b,0,80,254,AIMEE,s,0,341652,5682
77,253,SAM,p,2,87,260,RICA,p,0,85,253,KNIGHT,s,0,85,261,TOM,b,0,78,264,DAN,g,0,82,274,ARL,b,0,312564,5683
74,267,GRAHAM,g,0,75,254,TERRY,b,0,75,258,ARL,s,0,80,276,NANCY,b,2,84,266,SEAN,p,0,84,258,PAU,b,0,531426,5684
78,274,JOEL,g,0,78,254,DAN,p,0,80,263,DARIO,p,0,75,255,HARVEY,b,0,83,274,ELEN,s,0,85,278,GRAHAM,g,0,325614,5685
76,258,TERRY,g,2,80,255,RUDY,b,0,86,268,LIA,p,0,85,270,MIKE,g,0,75,275,GRAHAM,b,0,87,269,SANDY,p,0,341652,5686
80,265,JENNY,b,0,76,256,SAMMY,p,2,76,274,RICA,g,0,80,278,LY,g,0,74,277,SEAN,b,0,74,253,PETER,s,0,436251,5687
77,279,ROBER,b,0,79,279,JOEL,b,0,81,255,TERRY,g,0,75,263,JOHN,g,0,80,278,JAMES,g,0,84,273,EDWARD,b,0,435621,5688
74,263,ARL,b,2,82,250,FOX,p,0,80,261,JU,b,0,78,272,PAU,p,0,79,279,TIM,p,0,85,264,AIMEE,g,0,624531,5689
78,270,MARIE,s,0,84,251,HARVEY,b,0,85,266,RUDY,b,0,73,257,ROBER,p,0,86,251,JOEL,s,0,87,254,EDWARD,p,0,651432,5690
76,254,SEAN,s,0,87,251,JOHN,p,0,76,271,GRAHAM,b,2,83,265,PAULA,p,0,85,252,LE,b,0,74,268,LIA,s,0,241653,5691
80,261,FOX,s,2,75,275,GREY,b,2,81,276,BLUES,s,0,78,250,KNIGHT,s,0,76,260,MARIE,g,0,76,258,DAN,b,2,143562,5692
77,275,TIM,p,0,86,276,PAU,p,0,86,258,LY,s,0,73,259,SARA,s,0,75,262,MIKE,g,2,77,279,JU,g,0,256134,5693
81,259,ARL,p,0,74,276,KNIGHT,b,0,76,263,RICA,p,2,76,274,AIMEE,s,2,75,263,RUDY,p,0,87,262,LIA,p,0,635412,5694
78,266,JU,p,0,77,277,PETER,p,0,82,268,BLUES,p,0,86,252,CLIVE,b,2,81,264,LE,s,2,74,253,DARIO,s,0,453162,5695
76,250,LY,g,0,79,277,LE,b,0,87,273,TERRY,g,0,81,267,JOEL,b,0,80,266,NANCY,b,0,75,273,GREY,b,2,134652,5696
80,257,JENNY,g,0,82,271,SAMMY,p,2,77,278,CLIVE,g,2,76,276,ROBER,b,0,86,267,BLUES,g,0,77,257,YOUNG,b,0,521364,5697
77,271,SARA,g,0,85,272,SAMMY,b,0,83,260,JAMES,g,0,86,261,TOM,b,0,86,275,SANDY,p,0,79,278,LIA,g,0,631542,5698
81,255,JOHN,b,0,81,272,KNIGHT,p,0,81,265,AIMEE,b,0,74,269,ARL,g,0,77,277,RICA,p,0,80,268,BLUES,p,0,526413,5699
78,262,ROBER,b,0,83,273,SAM,b,0,86,270,KNIGHT,b,2,84,254,GRAHAM,g,0,76,278,GEORGE,s,0,82,252,JENNY,s,2,645123,5700
82,276,DARIO,b,0,86,267,JOHN,p,0,77,275,TIM,s,0,79,263,ARL,g,0,82,279,NANCY,b,0,77,272,RICA,b,0,243651,5701
80,253,PAULA,b,0,74,267,GRAHAM,b,0,82,250,NANCY,s,0,74,278,YOUNG,p,0,82,251,JOEL,g,0,78,263,GEORGE,g,0,564312,5702
77,267,SEAN,s,0,77,268,TERRY,p,0,87,256,PAULA,p,0,84,256,JAMES,p,0,88,252,MIKE,p,0,80,276,SANDY,p,0,531246,5703
81,251,MARIE,s,0,80,269,LY,b,0,78,267,DARIO,p,0,87,271,ROBER,p,0,87,254,ANDY,s,0,82,267,JOEL,s,2,614532,5704
78,258,ANDY,s,0,75,262,TOM,p,0,83,273,PAULA,p,0,82,250,ROBER,s,2,78,262,GEORGE,b,0,83,257,YOUNG,b,0,314265,5705
82,272,ROBER,p,0,78,263,JU,b,0,73,278,HARVEY,g,0,77,265,CLIVE,s,0,78,263,ARL,b,2,85,271,YOUNG,g,0,631425,5706
80,279,PETER,p,0,81,264,GRAHAM,p,0,79,253,TERRY,g,0,87,273,TOM,s,0,77,265,CLIVE,g,0,87,262,ROBIN,p,0,164325,5707
84,263,GRAHAM,p,0,84,264,JAMES,b,0,84,258,YOUNG,b,0,82,258,LE,b,0,83,266,LY,p,2,82,252,RUDY,s,0,156234,5708
81,276,PAULA,g,0,86,258,MARIE,p,0,82,270,JENNY,b,0,77,266,EDWARD,b,0,82,267,GRAHAM,s,0,83,266,AIMEE,b,0,215463,5709
78,254,DAN,g,0,74,259,LY,b,2,87,275,JOEL,s,0,80,252,ELEN,b,0,74,269,YOUNG,b,0,85,256,SAMMY,b,0,312465,5710
82,268,SAM,g,0,85,259,BLUES,p,0,78,250,RUDY,s,0,75,260,TERRY,g,0,88,277,MARIE,g,0,87,277,KNIGHT,g,0,651243,5711
80,275,NANCY,b,0,73,260,ROBIN,b,0,83,255,HARVEY,p,0,85,275,EDWARD,g,0,79,278,JENNY,g,0,74,267,JOHN,p,0,543621,5712
84,259,SARA,b,0,76,254,DAN,p,0,74,260,SEAN,p,0,80,253,ANDY,g,0,78,250,GRAHAM,p,0,75,251,CLIVE,s,0,265431,5713
81,272,GARY,b,2,79,254,DAN,b,0,79,272,LY,p,0,75,269,BLUES,g,0,84,251,PAU,s,0,85,271,SAMMY,b,0,435126,5714
85,250,SEAN,s,0,81,255,LY,p,2,84,277,JENNY,g,0,78,277,DARIO,p,2,84,252,BLUES,b,0,86,262,SARA,g,0,321465,5715
82,263,CLIVE,s,0,84,255,EDWARD,b,0,75,252,PAULA,g,0,73,262,SAM,p,0,75,254,PETER,g,0,73,276,MARIE,p,0,163452,5716
80,271,MARIE,s,2,80,256,AIMEE,p,0,80,257,ARL,b,0,83,270,NANCY,p,0,74,255,BLUES,p,0,75,266,GARY,s,0,261543,5717
84,254,YOUNG,p,0,83,250,SARA,b,0,85,262,MARIE,b,0,78,256,HARVEY,s,0,74,263,RICA,p,0,77,257,SEAN,b,0,154263,5718
81,268,PAULA,p,0,85,250,NANCY,p,0,83,274,ROBER,s,0,73,264,ARL,s,0,80,265,KNIGHT,s,0,78,270,CLIVE,g,0,162354,5719
85,276,JAMES,p,2,73,251,EDWARD,b,2,74,279,RICA,s,0,76,279,YOUNG,s,0,79,266,JENNY,b,0,80,261,SANDY,p,0,613425,5720
82,259,ARL,g,0,76,252,BLUES,p,0,79,255,CLIVE,s,0,86,257,YOUNG,b,0,85,267,LIA,g,2,75,251,ROBER,s,0,162534,5721
80,273,EDWARD,g,0,79,275,SAMMY,b,0,84,260,JOEL,p,0,81,273,ELEN,b,0,84,269,TOM,p,0,76,265,NANCY,b,0,135462,5722
84,250,HARVEY,g,2,75,276,JAMES,p,0,75,265,LY,p,2,76,251,YOUNG,b,0,76,270,SAM,s,0,78,255,PETER,g,2,265134,5723
81,264,PAU,g,0,78,277,FOX,b,0,80,270,EDWARD,g,0,86,266,SAMMY,g,0,75,278,GEORGE,s,0,80,276,TIM,g,0,431652,5724
85,271,ELEN,b,0,80,277,FOX,p,2,85,252,SAMMY,g,0,81,274,JOHN,g,2,81,250,EDWARD,b,0,81,260,KNIGHT,p,0,346251,5725
82,255,GREY,b,0,83,271,ELEN,b,0,76,257,JU,b,2,84,259,ROBIN,g,2,80,251,PAULA,g,0,83,250,DAN,s,0,645132,5726
87,269,LIA,b,0,86,272,EDWARD,p,0,81,262,ELEN,b,0,79,268,GRAHAM,p,0,87,252,MARIE,p,0,78,271,ROBER,b,2,254631,5727
84,276,TIM,s,0,74,272,KNIGHT,b,0,86,267,CLIVE,b,0,74,253,RUDY,p,0,86,254,HARVEY,s,0,80,254,SAM,g,0,561432,5728
81,260,BLUES,s,0,84,273,LE,p,0,85,272,GARY,s,2,84,261,JU,p,0,85,255,PETER,b,0,81,275,LY,p,0,143625,5729
85,267,GEORGE,s,0,87,267,FOX,b,0,75,254,LIA,s,0,79,276,GARY,s,0,77,256,SAM,b,0,83,265,GREY,s,0,136425,5730
82,251,SARA,p,0,75,267,RICA,p,0,80,259,PAU,p,0,82,255,JENNY,s,0,76,265,LE,g,0,85,256,RUDY,b,2,423156,5731
87,265,DAN,p,0,78,268,JOEL,b,0,86,264,EDWARD,p,0,77,270,AIMEE,s,0,82,266,KNIGHT,p,0,86,269,PETER,g,0,163542,5732
84,272,GARY,p,0,81,268,PAULA,p,0,76,269,LY,g,0,87,278,FOX,s,0,81,267,TOM,s,0,73,260,JAMES,p,0,356214,5733
73,256,YOUNG,g,0,83,262,MIKE,b,0,81,274,ANDY,g,0,82,263,DAN,b,0,87,269,DARIO,b,2,83,250,TOM,s,0,631542,5734
85,263,GRAHAM,g,0,79,263,SEAN,p,0,86,256,TOM,g,0,77,272,TERRY,b,0,87,270,GREY,g,0,84,264,RUDY,b,2,152364,5735
82,277,TIM,g,0,82,263,EDWARD,b,0,77,261,CLIVE,b,0,80,257,SEAN,b,2,78,271,LY,g,2,86,255,ROBIN,g,0,651342,5736
87,261,JAMES,b,0,85,264,JENNY,p,0,82,266,DAN,b,0,75,265,KNIGHT,g,0,77,250,JOHN,p,0,73,275,AIMEE,g,0,426513,5737
84,268,GRAHAM,b,0,87,265,PETER,b,0,81,272,HARVEY,s,0,85,250,ROBIN,g,0,83,251,RICA,s,0,75,259,RUDY,p,0,354621,5738
73,252,TERRY,b,0,75,258,FOX,p,0,86,277,PETER,s,0,80,259,PAU,g,0,83,252,DARIO,b,0,76,279,TOM,s,0,326451,5739
85,259,JAMES,s,0,78,259,SARA,b,0,76,259,TERRY,p,0,75,274,DARIO,p,0,74,254,LY,g,0,78,270,YOUNG,b,0,513426,5740
75,273,GEORGE,s,0,81,260,GRAHAM,p,0,82,264,JU,p,0,85,252,EDWARD,p,0,73,255,ROBER,p,0,88,253,JAMES,g,0,642315,5741
87,257,MIKE,s,0,77,260,ROBER,b,0,87,269,PETER,g,0,73,267,KNIGHT,p,0,87,257,FOX,p,0,75,274,SEAN,p,0,315642,5742
84,264,GARY,s,0,80,254,MARIE,p,2,77,274,GREY,g,0,83,252,GRAHAM,s,0,79,265,PAULA,s,0,76,264,JOHN,s,0,156234,5743
73,278,SAMMY,p,0,82,255,LIA,b,0,82,279,JOHN,g,0,78,261,RUDY,s,0,78,266,JOEL,b,0,78,278,BLUES,b,0,341526,5744
85,255,JOEL,p,0,85,255,LIA,p,0,88,254,AIMEE,b,0,88,276,LE,s,0,84,267,PETER,g,0,79,269,ROBIN,g,0,125463,5745
75,269,LY,p,0,73,256,SAM,b,0,78,266,GRAHAM,b,0,83,254,YOUNG,b,2,83,269,ROBER,p,0,81,259,HARVEY,p,0,165234,5746
87,253,ELEN,g,0,76,250,PETER,p,0,83,271,JOEL,s,0,86,269,LY,b,0,75,270,CLIVE,s,2,76,273,KNIGHT,s,0,312654,5747
76,260,JAMES,g,2,86,250,MIKE,b,2,82,276,YOUNG,s,0,81,278,SAMMY,b,0,74,272,EDWARD,s,0,78,263,RICA,b,0,351264,5748
73,274,KNIGHT,g,0,74,251,SANDY,p,0,87,251,SEAN,p,0,76,263,NANCY,b,0,80,273,YOUNG,b,2,79,254,DAN,g,0,361254,5749
85,251,NANCY,b,0,77,251,ROBER,b,0,77,256,ROBIN,p,0,86,271,KNIGHT,g,0,79,251,TERRY,g,0,81,267,SAM,g,0,654321,5750
75,265,YOUNG,b,2,80,275,GREY,p,0,83,268,HARVEY,p,0,81,256,SARA,g,0,85,252,LE,p,0,83,258,GEORGE,p,0,456321,5751
87,279,PETER,b,0,83,276,NANCY,b,0,73,273,MARIE,g,2,84,265,GEORGE,g,0,85,254,LE,s,0,84,278,LY,s,0,645321,5752
76,256,GRAHAM,s,0,85,276,CLIVE,p,2,78,278,DAN,g,0,79,250,SANDY,p,0,84,255,MIKE,b,0,86,269,TIM,b,0,324156,5753
73,270,SAM,s,2,81,277,GEORGE,b,0,84,254,NANCY,b,0,74,258,CLIVE,p,0,75,257,GRAHAM,g,0,81,253,SAMMY,g,2,164523,5754
85,277,GREY,s,0,84,271,AIMEE,p,0,74,259,GEORGE,b,2,84,273,DARIO,p,0,75,258,MARIE,g,0,82,273,PETER,p,0,145623,5755
75,261,ROBER,p,0,87,271,LE,b,0,79,271,JENNY,s,0,79,252,FOX,s,2,81,266,NANCY,p,0,84,263,TERRY,s,0,413562,5756
87,275,JU,p,2,75,272,ARL,p,0,85,276,GARY,s,0,74,267,GRAHAM,s,2,80,267,YOUNG,s,0,86,277,PAU,b,0,152436,5757
76,252,TOM,p,0,78,273,EDWARD,b,0,83,251,RICA,s,2,77,275,DAN,s,0,86,269,PAULA,b,0,87,268,PAU,g,2,436125,5758
73,266,ANDY,g,0,80,273,SARA,p,0,73,256,JAMES,p,0,87,260,JENNY,b,0,85,270,CLIVE,g,0,74,258,GEORGE,p,0,521634,5759
77,273,MIKE,g,0,76,267,AIMEE,b,0,79,261,EDWARD,p,0,82,269,GEORGE,b,0,77,272,JOEL,p,0,76,272,ARL,s,0,531642,5760
75,257,GRAHAM,g,0,79,268,GREY,p,0,84,273,JAMES,g,0,77,254,BLUES,b,0,76,273,JOHN,p,0,86,262,DAN,b,0,231564,5761
87,271,RUDY,g,0,82,268,GRAHAM,b,0,74,278,HARVEY,g,0,87,262,EDWARD,g,0,82,274,PETER,s,2,87,253,GARY,g,2,465312,5762
76,278,TERRY,b,0,84,269,JOEL,p,0,80,253,HARVEY,b,0,75,277,GARY,g,0,81,252,GREY,b,0,74,267,MIKE,p,0,624135,5763
73,262,AIMEE,b,0,87,263,LE,b,0,85,258,PAU,b,0,85,256,GRAHAM,g,0,81,254,FOX,g,0,76,257,NANCY,p,0,456231,5764
77,269,ROBIN,b,0,75,263,SANDY,p,0,75,263,LE,b,0,80,271,SEAN,g,0,87,255,JOHN,p,0,78,277,SARA,s,0,256413,5765
75,253,KNIGHT,s,0,86,264,RICA,b,0,81,268,GREY,s,0,75,279,LY,p,0,86,257,ANDY,s,0,79,261,HARVEY,b,2,415362,5766
79,267,DARIO,s,0,74,264,CLIVE,p,0,86,250,PETER,s,0,85,264,SAMMY,p,2,78,258,EDWARD,s,0,74,252,ARL,g,0,312546,5767
76,274,NANCY,s,0,76,258,SANDY,b,0,84,255,TIM,p,0,88,273,JOHN,p,0,77,259,ELEN,b,0,76,272,JU,p,0,413625,5768
73,258,RICA,p,0,79,259,KNIGHT,p,0,75,260,JOHN,p,0,83,258,TIM,s,0,83,268,LY,g,0,77,256,ARL,s,0,524316,5769
77,265,JOHN,p,0,82,259,ANDY,b,0,80,266,ROBIN,g,0,78,266,SEAN,s,0,82,269,FOX,p,0,79,276,GRAHAM,b,0,315426,5770
75,279,PETER,p,0,85,260,RICA,p,2,85,271,JU,g,0,88,251,FOX,s,0,74,270,JOHN,s,0,81,267,LE,g,0,342651,5771
79,263,SAMMY,g,0,81,254,MARIE,b,0,76,253,RICA,g,0,83,260,AIMEE,b,0,88,272,JAMES,b,0,82,250,HARVEY,p,0,631425,5772
76,270,DARIO,g,0,83,254,JENNY,p,0,81,258,NANCY,b,0,78,275,SAM,b,0,79,273,EDWARD,b,0,84,271,ANDY,s,0,162345,5773
80,254,GARY,g,0,86,255,EDWARD,b,0,86,263,GREY,b,0,81,253,RICA,b,0,78,274,PAU,g,0,79,261,TOM,b,0,513246,5774
77,261,SARA,b,0,74,256,BLUES,p,0,77,268,ELEN,s,0,76,268,JAMES,g,0,78,276,PAULA,p,2,80,252,GRAHAM,g,0,462531,5775
75,275,SAM,b,0,77,279,JENNY,b,2,82,273,SANDY,s,0,86,277,TOM,g,0,84,254,HARVEY,s,0,82,266,SEAN,p,0,643521,5776
79,259,PETER,b,0,80,250,SAM,p,0,87,255,LIA,p,0,81,262,JU,g,2,83,255,RUDY,b,2,84,256,LE,p,0,346215,5777
76,266,SANDY,s,0,75,251,TOM,b,0,85,260,ROBER,p,0,76,270,GRAHAM,p,0,74,257,PAU,g,0,85,277,NANCY,s,0,164352,5778
80,250,DARIO,s,0,78,251,SEAN,p,0,76,265,JU,g,0,79,255,MARIE,p,0,74,258,PAU,g,0,87,260,LIA,b,0,145326,5779
77,257,MIKE,s,0,81,252,JAMES,b,0,81,270,MARIE,g,0,74,263,TIM,p,0,80,259,FOX,p,0,74,251,LE,g,0,365142,5780
81,271,ROBER,s,0,84,276,YOUNG,p,2,86,275,PETER,g,2,84,279,DAN,p,0,79,261,PAU,s,0,84,271,LY,p,0,241635,5781
79,255,TOM,p,2,86,276,LE,b,0,77,257,BLUES,b,0,79,257,DAN,s,0,85,269,SAMMY,b,0,85,255,MARIE,s,0,641253,5782
76,262,JOEL,p,0,74,277,MIKE,p,0,82,262,SARA,b,0,74,272,YOUNG,s,0,84,270,BLUES,g,0,87,275,SAM,b,0,125436,5783
80,276,MIKE,p,0,85,278,GEORGE,b,0,87,267,GARY,s,2,77,250,MARIE,s,0,76,272,JAMES,p,0,74,266,NANCY,g,0,364152,5784
77,253,TOM,g,2,73,271,ROBIN,p,0,78,272,FOX,s,0,87,266,PAU,b,0,75,273,JU,p,0,76,250,RICA,p,2,532164,5785
81,267,EDWARD,g,0,76,272,SEAN,b,2,83,278,GEORGE,p,0,82,274,LE,b,0,81,274,SANDY,s,0,77,270,ARL,s,0,356124,5786
79,251,KNIGHT,g,0,79,273,ELEN,p,0,73,253,ARL,p,2,77,259,ROBER,b,2,80,276,JENNY,b,0,87,261,EDWARD,b,0,123465,5787
76,258,JOEL,b,2,81,273,YOUNG,b,0,87,265,SEAN,p,0,87,267,GEORGE,g,2,80,277,SAM,g,0,74,274,RICA,g,0,435612,5788
80,272,FOX,b,0,84,267,SANDY,p,0,77,270,RICA,g,0,75,253,GEORGE,g,0,86,255,LIA,p,0,75,265,DARIO,p,2,465231,5789
77,279,GRAHAM,b,0,80,268,SEAN,b,0,82,275,ELEN,g,0,85,261,LY,g,0,85,257,BLUES,s,2,77,255,TERRY,p,0,436521,5790
81,263,AIMEE,s,2,83,268,ARL,p,0,88,250,SANDY,b,0,80,276,PETER,p,0,76,258,KNIGHT,s,0,79,269,RUDY,s,0,241653,5791
79,277,LE,s,0,85,269,YOUNG,b,0,78,255,AIMEE,b,0,75,254,MARIE,p,0,76,259,PAU,b,0,80,259,JOHN,b,0,146325,5792
83,254,YOUNG,s,0,73,263,RUDY,p,0,83,267,DAN,s,0,85,270,RICA,p,0,82,261,GARY,g,0,82,250,MIKE,g,2,643152,5793
80,268,BLUES,p,0,76,263,GEORGE,b,0,74,272,LIA,s,0,80,278,ARL,s,0,81,262,AIMEE,p,0,77,270,KNIGHT,p,0,145632,5794
77,275,RUDY,p,0,79,264,PETER,p,0,79,277,DARIO,s,0,83,263,ROBIN,s,0,87,270,TERRY,s,0,79,254,JOEL,s,0,153264,5795
81,259,TIM,p,0,75,264,MARIE,b,0,84,252,GREY,p,0,78,271,JENNY,s,0,86,272,JAMES,b,0,80,275,ARL,b,0,314265,5796
79,273,KNIGHT,g,0,77,258,RICA,p,0,75,257,CLIVE,p,0,88,256,JOEL,b,0,78,273,SAM,b,0,82,265,GEORGE,g,2,642135,5797
83,250,FOX,g,0,80,259,AIMEE,b,0,73,269,KNIGHT,g,0,83,265,MARIE,b,2,77,274,GREY,g,0,83,279,GRAHAM,p,0,163524,5798
80,264,FOX,g,0,83,259,TERRY,p,2,78,274,JENNY,g,0,78,250,JAMES,b,0,76,276,SAM,p,0,85,269,SANDY,s,0,632514,5799
84,271,MIKE,g,0,86,260,LIA,b,0,84,279,MARIE,b,0,81,258,HARVEY,b,0,83,277,SARA,s,0,80,260,GARY,b,0,152643,5800
81,255,GEORGE,b,0,74,261,TOM,p,0,74,254,SAMMY,b,0,76,273,SANDY,g,0,82,255,JU,b,0,82,273,LIA,g,0,462351,5801
79,269,ANDY,b,0,84,254,HARVEY,b,0,79,260,PETER,b,0,86,252,SAM,g,0,73,257,KNIGHT,g,0,83,264,EDWARD,p,0,645123,5802
83,276,JAMES,b,0,87,255,BLUES,p,0,84,271,SEAN,s,0,81,267,HARVEY,g,0,87,258,GREY,p,2,85,254,GRAHAM,s,0,265341,5803
80,260,MARIE,s,0,75,256,SAMMY,b,2,75,277,MIKE,s,0,76,275,SARA,p,0,79,260,DARIO,p,0,87,268,NANCY,s,0,613542,5804
84,267,LIA,s,0,78,256,TERRY,p,0,80,252,LE,p,0,79,260,EDWARD,p,0,78,261,AIMEE,s,2,74,259,TOM,b,0,135426,5805
81,251,GARY,s,0,81,250,GRAHAM,b,0,85,257,RUDY,p,0,74,269,TIM,p,0,84,262,JOHN,b,0,75,279,JENNY,g,0,163452,5806
85,265,ANDY,p,0,83,251,SARA,p,0,76,262,GEORGE,g,0,84,254,TIM,s,0,83,264,ROBER,g,0,85,263,YOUNG,p,0,561243,5807
83,272,LIA,p,0,79,251,KNIGHT,b,0,74,267,JOHN,g,0,79,262,SEAN,s,2,75,272,ROBIN,p,0,86,253,LE,s,0,146532,5808
80,256,JOEL,p,0,82,252,FOX,p,2,79,279,RICA,b,0,74,277,ROBER,s,0,74,273,GRAHAM,s,0,73,274,GREY,b,0,241356,5809
84,263,GEORGE,g,0,85,276,AIMEE,b,0,85,254,SAM,b,2,84,256,SARA,b,0,73,275,GRAHAM,s,0,75,257,ARL,g,0,165342,5810
81,277,LIA,g,0,87,276,NANCY,p,0,75,259,ROBER,b,0,87,271,ARL,b,0,79,276,DARIO,b,0,77,278,GRAHAM,p,0,216543,5811
86,261,ELEN,g,0,75,277,JENNY,b,0,80,264,TIM,s,0,82,279,NANCY,b,0,79,277,TERRY,g,0,78,268,SAMMY,s,0,513642,5812
83,268,LIA,b,0,78,277,GEORGE,p,0,86,269,SARA,s,2,77,264,TOM,g,0,85,279,DARIO,p,0,80,252,DAN,b,0,235416,5813
87,252,GREY,b,0,74,271,DARIO,b,2,76,251,PETER,p,0,86,273,EDWARD,g,0,84,257,GEORGE,s,0,75,273,KNIGHT,g,0,435612,5814
84,259,PAULA,b,0,77,272,CLIVE,p,0,81,256,DAN,p,0,82,258,NANCY,g,0,75,258,ROBER,b,0,77,263,SAMMY,p,0,632415,5815
81,273,JOHN,s,2,80,272,PETER,b,0,87,261,GRAHAM,g,2,85,266,RUDY,g,0,75,260,GARY,b,2,78,254,JOEL,s,2,364152,5816
86,257,GARY,s,0,82,273,LE,p,0,85,266,JOHN,g,0,80,251,SARA,p,0,81,261,ROBER,g,0,80,267,KNIGHT,s,0,543126,5817
83,264,ANDY,s,0,85,267,LIA,b,0,75,272,PETER,g,0,75,260,MARIE,p,2,80,262,SARA,p,2,82,258,RUDY,b,0,543126,5818
87,278,ELEN,s,2,73,267,MIKE,p,0,81,253,BLUES,b,0,85,275,JENNY,p,2,86,264,SARA,s,0,83,278,MARIE,g,0,514623,5819
84,261,GARY,p,0,84,268,LE,b,0,86,259,ELEN,b,0,80,253,SANDY,s,0,85,265,PETER,b,0,78,262,ROBIN,p,2,164352,5820
74,269,AIMEE,p,0,86,269,ARL,p,0,76,264,KNIGHT,s,0,83,268,MIKE,s,0,77,273,LIA,g,0,80,252,TIM,s,0,641235,5821
86,253,MARIE,p,2,74,269,RICA,b,0,82,269,TOM,s,0,78,277,SANDY,s,0,76,275,GEORGE,g,0,81,273,BLUES,b,0,651432,5822
83,260,HARVEY,g,0,77,263,CLIVE,p,0,87,274,JENNY,p,0,87,262,ARL,b,0,75,276,LIA,p,0,83,257,FOX,g,0,631524,5823
87,274,SARA,g,0,80,264,ROBER,b,0,77,256,LE,p,0,83,270,ELEN,b,0,81,277,CLIVE,s,0,85,277,DARIO,p,2,613524,5824
84,257,HARVEY,g,2,83,264,MIKE,p,0,83,261,SARA,p,0,78,255,PAU,b,0,81,279,BLUES,b,0,86,268,GARY,s,0,236145,5825
74,265,GRAHAM,b,0,79,265,SAMMY,b,0,73,266,SEAN,g,0,87,264,SANDY,g,0,87,250,SAM,g,0,73,251,JOHN,b,0,543612,5826
86,278,ANDY,b,0,81,259,RUDY,p,0,86,271,MARIE,g,0,76,279,SAM,g,0,86,258,PETER,p,0,83,272,BLUES,g,0,563241,5827
83,256,BLUES,b,0,84,259,JENNY,b,0,77,276,ROBIN,b,0,85,257,SAMMY,g,0,77,260,JAMES,p,0,84,262,GREY,p,2,645321,5828
87,270,JOEL,s,0,87,260,SANDY,p,0,82,251,LE,b,0,81,272,SAM,p,2,77,261,TIM,s,0,86,276,PETER,s,0,216453,5829
84,253,MIKE,s,0,75,260,TIM,b,0,87,263,JENNY,s,0,76,251,JOHN,p,0,83,262,ROBER,b,0,73,266,KNIGHT,s,0,163452,5830
74,261,SANDY,s,0,77,254,SARA,p,0,78,268,LY,s,0,85,266,PAULA,p,0,82,264,JU,g,2,75,257,TIM,b,0,345216,5831
86,274,EDWARD,p,0,73,255,ROBER,b,2,83,273,CLIVE,s,0,74,274,PETER,p,0,74,265,RUDY,p,0,76,271,KNIGHT,g,0,315642,5832
75,252,TOM,p,0,76,255,GEORGE,p,0,73,278,SANDY,p,0,84,259,YOUNG,s,0,88,266,ELEN,s,0,78,261,GRAHAM,p,0,415632,5833
87,265,LY,p,0,79,256,JENNY,b,0,79,253,AIMEE,p,0,79,268,RICA,s,0,87,275,SEAN,s,0,88,252,ELEN,s,0,351264,5834
84,279,PAU,g,0,82,250,YOUNG,p,0,84,265,MIKE,g,0,74,253,GARY,s,0,78,276,SAMMY,b,0,75,265,SARA,b,0,143265,5835
74,256,JENNY,g,0,84,250,ROBIN,b,0,74,270,JU,g,0,83,261,EDWARD,b,0,77,277,SARA,g,0,76,256,CLIVE,g,0,615243,5836
86,270,CLIVE,g,0,87,251,RICA,p,2,87,276,ELEN,b,0,86,276,SAMMY,b,0,84,279,JENNY,p,0,78,276,PETER,p,0,125634,5837
75,278,DAN,b,0,75,252,SAMMY,b,0,78,251,LIA,b,0,82,254,GEORGE,b,0,83,250,EDWARD,s,0,80,267,MARIE,s,0,564312,5838
87,261,TIM,b,0,86,275,ROBIN,p,0,83,256,TERRY,s,2,77,270,ELEN,g,2,74,251,GARY,b,0,81,250,SAMMY,b,0,326451,5839
76,275,TOM,b,0,74,276,PAU,b,0,74,268,JOHN,s,0,86,278,SANDY,g,0,74,260,EDWARD,b,0,76,271,DARIO,g,0,463125,5840
74,252,CLIVE,b,0,76,277,EDWARD,p,0,79,273,JAMES,s,0,82,263,SARA,g,0,80,261,JU,g,0,78,261,KNIGHT,p,0,456321,5841
86,266,SANDY,s,0,79,277,HARVEY,b,2,84,278,PAULA,p,2,77,271,RICA,p,0,79,262,YOUNG,p,0,79,275,TOM,s,0,135462,5842
75,273,NANCY,s,0,82,278,MARIE,p,0,75,253,FOX,p,0,80,257,JENNY,p,0,85,264,GRAHAM,s,0,81,266,HARVEY,b,0,541236,5843
87,257,PAU,s,0,85,272,GRAHAM,b,0,80,258,ELEN,g,0,75,265,TIM,p,0,84,265,LIA,b,2,83,256,JENNY,b,0,143562,5844
76,271,GEORGE,p,0,81,272,LY,p,0,85,270,SARA,g,2,84,250,NANCY,s,0,84,267,AIMEE,g,0,84,270,EDWARD,g,0,635124,5845
74,278,MIKE,p,0,83,273,RUDY,b,0,75,275,ELEN,b,0,80,258,TIM,s,0,75,268,PAU,g,2,86,260,AIMEE,p,0,461523,5846
78,262,SANDY,p,0,86,273,PAU,p,0,74,250,LE,b,0,75,274,FOX,s,0,74,276,JU,p,0,81,251,DARIO,s,2,261453,5847
75,269,GREY,g,0,74,267,ELEN,b,0,79,255,JOEL,b,0,78,252,PETER,s,0,80,277,GARY,s,0,82,264,SARA,b,0,514326,5848
87,253,SANDY,g,0,77,268,KNIGHT,p,0,84,260,SEAN,s,0,87,267,NANCY,b,2,80,279,JENNY,b,0,84,255,TOM,g,0,361254,5849
76,267,PETER,g,2,80,268,CLIVE,b,0,75,272,LIA,s,0,82,275,ARL,b,0,86,250,ROBER,g,0,86,275,GARY,p,0,615342,5850
74,274,RICA,b,0,75,269,ROBER,p,0,80,277,GARY,p,0,78,261,ANDY,b,0,85,252,PETER,p,0,87,259,SAM,s,2,235614,5851
78,258,JENNY,b,0,78,263,GREY,b,0,85,252,SAM,p,0,87,269,JOEL,g,0,76,253,RUDY,p,0,74,250,NANCY,b,0,543261,5852
75,265,GARY,b,2,81,263,HARVEY,p,0,76,258,ANDY,g,0,76,254,JAMES,g,0,76,261,DARIO,s,0,84,270,GEORGE,g,0,432561,5853
79,279,DAN,s,0,84,264,RICA,b,0,81,263,JU,g,0,85,262,JENNY,g,0,82,262,RUDY,b,0,86,254,LE,p,0,461352,5854
76,263,KNIGHT,s,0,86,265,ELEN,p,0,86,268,RUDY,g,0,80,277,CLIVE,p,0,81,264,AIMEE,g,0,87,274,GARY,s,2,623145,5855
74,270,LE,s,2,74,258,GEORGE,b,0,77,250,GRAHAM,b,0,76,256,CLIVE,p,0,87,265,GARY,p,0,74,265,SANDY,b,0,154623,5856
78,254,LE,p,0,85,259,GARY,p,0,75,255,PAULA,b,0,85,271,FOX,p,0,86,267,HARVEY,s,2,76,255,SEAN,b,0,241536,5857
75,261,DAN,p,0,88,260,MARIE,b,0,80,260,PAU,s,0,80,279,BLUES,s,0,86,268,AIMEE,b,0,78,269,MIKE,g,0,364125,5858
79,275,BLUES,p,2,76,260,ELEN,p,0,86,265,LE,s,0,83,264,SEAN,s,0,77,276,KNIGHT,b,2,79,259,RUDY,p,2,423165,5859
76,259,TERRY,p,0,78,254,DARIO,b,2,76,270,ANDY,p,0,79,273,FOX,s,2,76,277,GEORGE,g,0,74,250,KNIGHT,s,0,154632,5860
74,266,ROBIN,g,0,81,255,ANDY,p,0,81,252,JOHN,p,0,74,258,DARIO,b,0,82,279,MIKE,p,0,76,263,TIM,b,0,351246,5861
78,250,SEAN,g,0,84,255,GARY,b,0,86,257,DAN,p,0,83,266,PAULA,b,0,82,250,RUDY,s,0,77,254,JOHN,g,0,631542,5862
75,257,NANCY,g,0,80,256,GREY,p,0,77,262,GEORGE,g,0,78,251,JU,b,0,73,252,AIMEE,b,0,79,274,MIKE,p,0,612354,5863
79,271,GREY,b,0,83,250,EDWARD,b,0,82,267,PAU,g,0,81,260,SEAN,g,0,87,253,DARIO,g,0,81,258,BLUES,s,0,534612,5864
76,255,ROBER,b,0,85,250,JOHN,p,2,87,272,RUDY,b,0,77,275,SEAN,g,0,79,254,LE,g,0,82,279,GREY,b,0,245613,5865
80,262,MIKE,b,0,73,251,SAMMY,b,0,78,254,HARVEY,b,0,86,253,JOEL,g,0,78,263,GRAHAM,p,0,84,269,PETER,g,0,645213,5866
78,276,DARIO,s,0,76,251,EDWARD,p,0,76,259,JAMES,s,0,81,268,JOHN,g,0,84,264,TIM,s,0,79,253,GEORGE,p,0,452613,5867
75,253,SEAN,s,0,79,252,SAMMY,b,0,81,264,JAMES,s,2,77,277,YOUNG,p,0,83,265,LIA,b,0,81,273,SARA,s,0,641352,5868
79,267,JU,s,0,75,276,CLIVE,p,0,87,270,PAULA,p,0,79,262,JAMES,p,0,82,267,KNIGHT,g,0,82,264,SARA,b,0,134526,5869
76,251,LY,p,0,77,276,GARY,b,2,77,275,RUDY,p,0,75,270,YOUNG,p,2,74,268,GEORGE,p,0,84,277,PAU,b,0,314526,5870
80,258,SANDY,p,0,80,277,NANCY,p,0,82,257,DARIO,p,2,84,255,JU,s,0,73,269,JOHN,p,0,86,268,PAULA,g,0,412635,5871
78,272,TERRY,p,0,83,278,SAM,b,0,88,262,FOX,g,0,79,264,DAN,s,0,79,278,PAULA,s,2,87,258,JENNY,p,0,634512,5872
82,279,SARA,g,0,86,271,DAN,p,0,78,267,GEORGE,g,0,75,279,PETER,s,0,78,279,JOEL,b,0,82,272,PAULA,s,0,126435,5873
79,263,AIMEE,g,0,74,272,RUDY,b,0,83,272,TIM,b,2,78,257,JAMES,b,0,85,250,JENNY,g,2,84,263,ANDY,b,0,516342,5874
76,277,JENNY,g,0,84,273,AIMEE,g,2,74,277,JOEL,b,0,87,272,JAMES,b,0,84,252,DAN,p,0,85,253,ARL,g,0,625143,5875
80,254,DARIO,b,0,87,273,MARIE,s,0,79,252,JU,s,0,82,251,GREY,b,0,75,253,ARL,s,0,87,267,ANDY,p,0,263541,5876
78,268,NANCY,b,0,75,267,LY,g,0,77,264,ROBER,s,0,77,266,PETER,g,0,75,254,GRAHAM,s,0,74,257,JOEL,s,0,234651,5877
82,275,HARVEY,b,0,78,268,MARIE,s,0,83,269,TIM,s,0,87,274,ARL,g,0,81,256,LY,b,0,76,278,EDWARD,b,2,432516,5878
79,259,ARL,b,0,81,268,GREY,g,0,73,274,SAMMY,p,0,82,259,GARY,g,0,80,264,RUDY,g,0,77,268,TOM,g,0,462351,5879
83,273,SEAN,s,0,83,269,KNIGHT,s,0,78,279,RICA,p,0,85,268,GRAHAM,p,2,79,265,ANDY,p,0,87,252,LY,p,0,462315,5880
80,250,DAN,s,0,79,263,ROBIN,g,0,84,254,JU,g,0,80,253,ANDY,p,0,85,267,SEAN,s,0,74,272,PETER,s,0,532641,5881
78,264,NANCY,s,0,82,263,GARY,s,0,74,266,CLIVE,g,0,75,261,JAMES,p,0,85,268,YOUNG,b,0,75,263,ANDY,b,2,412365,5882
82,271,DARIO,p,0,85,264,SEAN,g,0,79,271,LY,b,0,85,276,SAMMY,p,0,76,269,GEORGE,b,0,77,277,GARY,g,0,124635,5883
79,255,JENNY,p,2,87,264,MIKE,s,0,85,276,SAM,b,0,80,255,EDWARD,s,0,75,271,TOM,g,0,79,267,AIMEE,g,0,214653,5884
83,269,ROBIN,p,0,75,258,PAULA,g,0,75,252,FOX,b,0,83,270,TOM,s,0,81,279,RUDY,p,2,80,258,GARY,p,0,164253,5885
80,276,MIKE,g,0,78,259,AIMEE,s,0,73,257,TIM,s,0,78,278,GEORGE,s,0,81,250,HARVEY,s,0,82,271,ARL,s,2,461532,5886
84,260,JENNY,g,2,74,259,DARIO,g,0,79,269,GREY,s,0,74,263,ROBIN,b,0,87,252,PETER,b,2,77,262,NANCY,b,0,123456,5887
82,267,NANCY,g,0,77,260,SAMMY,s,2,84,274,SAM,p,0,83,272,GRAHAM,b,0,86,253,LY,g,0,79,252,PETER,g,0,651234,5888
79,251,CLIVE,b,0,80,261,ROBER,g,0,74,279,HARVEY,p,0,78,257,PAU,b,0,77,254,LE,g,0,80,266,TOM,p,0,256341,5889
83,265,TIM,b,2,82,254,JU,s,0,80,254,LY,g,0,81,265,ROBIN,g,2,77,256,GREY,p,0,82,256,LIA,s,2,436251,5890
80,272,DAN,b,0,85,255,SEAN,g,0,85,259,PETER,g,0,76,250,ROBER,g,2,83,257,HARVEY,s,0,84,277,FOX,b,0,325461,5891
84,256,ANDY,s,0,88,256,MIKE,s,0,75,271,RUDY,g,0,86,259,ELEN,g,0,82,265,SARA,b,0,85,261,ROBIN,g,0,426135,5892
82,263,ELEN,s,2,84,256,PAULA,g,2,81,276,ROBER,b,0,81,274,JENNY,p,0,81,267,PETER,g,0,80,251,TOM,p,0,126543,5893
79,277,SEAN,s,0,86,250,RUDY,s,0,86,251,YOUNG,b,0,76,252,FOX,p,0,87,268,PAU,p,0,82,272,SAMMY,s,0,562413,5894
83,261,AIMEE,p,0,74,251,FOX,g,0,76,256,JENNY,s,0,86,267,TERRY,p,0,87,269,GRAHAM,p,0,83,255,SAMMY,b,0,145326,5895
80,268,LY,p,0,77,251,MIKE,s,0,75,261,DAN,s,0,74,275,SAMMY,s,0,78,271,JOEL,s,0,85,276,EDWARD,g,0,463215,5896
84,252,LE,p,0,80,252,JOHN,g,0,80,266,BLUES,p,2,84,261,SEAN,s,0,77,272,FOX,b,0,87,266,SARA,g,0,641235,5897
82,259,SEAN,p,0,83,276,GRAHAM,s,2,85,278,SARA,p,0,79,269,DARIO,s,0,83,250,TOM,g,0,74,250,GREY,p,0,326415,5898
86,273,JAMES,g,0,78,276,CLIVE,g,0,76,253,JU,g,0,74,254,GARY,s,0,83,252,SAMMY,p,0,75,270,ANDY,s,0,612543,5899
83,257,PAULA,g,0,81,277,JENNY,s,0,81,258,GRAHAM,g,2,84,262,CLIVE,b,0,74,253,AIMEE,s,2,85,261,GEORGE,b,0,123546,5900
80,264,SEAN,g,0,84,277,HARVEY,g,0,86,264,JOEL,g,0,87,278,ROBER,b,2,73,254,JOHN,s,0,86,251,SAM,g,0,613254,5901
84,278,ROBER,b,0,87,271,JOEL,s,0,77,269,PAULA,b,0,82,256,SAMMY,b,0,80,256,GEORGE,b,0,73,265,SEAN,p,0,263415,5902
82,255,JOEL,b,0,75,272,YOUNG,g,2,82,251,TIM,b,2,77,271,PAULA,g,0,79,257,MARIE,g,0,75,256,SAMMY,s,0,415623,5903
86,269,RUDY,b,0,77,272,YOUNG,s,0,87,256,TIM,s,0,87,279,JAMES,g,0,78,259,PAU,p,0,77,276,MARIE,b,0,435216,5904
83,253,PAU,s,0,73,273,TIM,g,0,77,261,JOEL,s,0,82,265,PETER,g,0,84,267,SAMMY,s,0,78,260,FOX,g,0,534612,5905
87,260,ARL,s,0,76,267,SEAN,s,0,76,266,LY,p,0,85,273,SAM,p,0,83,268,JOEL,b,0,73,250,JAMES,p,0,142365,5906
85,274,HARVEY,s,0,79,267,PAULA,g,0,81,271,GREY,p,0,80,258,NANCY,p,0,75,270,JENNY,g,0,75,271,TOM,s,0,241563,5907
82,251,SARA,p,0,82,268,JAMES,s,0,86,253,GEORGE,p,0,75,266,AIMEE,p,0,74,271,DARIO,g,0,77,254,LY,b,0,231456,5908
86,265,KNIGHT,p,0,84,269,PETER,g,0,77,258,LY,g,0,85,252,TOM,s,0,80,272,MIKE,p,0,78,275,TERRY,g,2,241653,5909
83,279,KNIGHT,p,0,87,269,PAU,s,0,82,263,FOX,g,0,80,260,JOEL,s,0,80,274,GRAHAM,s,0,80,265,LIA,g,0,124563,5910
87,256,GARY,g,0,83,263,JAMES,g,0,87,268,SAM,b,0,75,275,JENNY,s,2,86,252,ARL,b,0,82,279,CLIVE,p,0,126435,5911
85,270,ANDY,g,0,86,264,GEORGE,s,0,78,273,JAMES,b,0,78,253,TOM,b,0,85,253,ROBER,g,0,83,270,TIM,s,0,156234,5912
74,254,DARIO,g,0,74,264,PETER,g,0,83,255,SARA,s,0,73,268,BLUES,b,0,76,255,MARIE,p,2,78,260,SAM,b,2,325146,5913
86,261,SAMMY,b,0,76,265,SARA,s,0,73,260,YOUNG,s,0,83,277,ARL,b,0,76,256,NANCY,p,0,80,274,PAULA,g,0,362514,5914
83,275,JOHN,b,0,79,259,HARVEY,g,0,79,265,SAM,s,0,78,262,YOUNG,g,0,75,257,SANDY,s,2,81,264,KNIGHT,p,0,264531,5915
87,252,RICA,b,0,82,259,MIKE,s,0,77,270,GREY,p,0,73,270,HARVEY,g,0,81,259,FOX,b,0,83,255,SEAN,s,0,236415,5916
85,266,FOX,b,0,78,260,ARL,g,0,82,276,TIM,p,0,76,255,SARA,g,0,80,267,DARIO,g,0,85,268,MIKE,b,2,234516,5917
74,250,GEORGE,s,2,81,261,SAM,s,0,87,251,PAULA,g,0,86,264,AIMEE,g,0,86,268,JOHN,p,0,86,259,TERRY,g,0,634215,5918
86,257,DAN,s,0,83,254,HARVEY,g,0,78,263,GEORGE,g,0,81,279,JAMES,p,0,86,270,BLUES,s,0,73,279,SARA,p,0,253146,5919
75,271,ROBIN,s,0,86,255,JOHN,s,0,83,268,ELEN,b,0,76,257,SAMMY,p,0,77,271,ANDY,s,0,83,263,GEORGE,s,0,214653,5920
87,278,JENNY,p,2,74,256,PETER,g,2,74,273,LE,b,0,86,272,MARIE,p,2,76,272,DARIO,b,0,85,254,JOHN,b,2,214653,5921
85,262,JOHN,p,0,77,256,MIKE,s,0,79,278,HARVEY,b,0,74,251,GRAHAM,s,2,82,274,MARIE,g,0,86,274,SANDY,g,0,641253,5922
74,276,CLIVE,p,0,87,250,SARA,g,0,84,253,SAMMY,s,0,84,266,ROBIN,s,0,82,275,JOEL,p,0,73,265,TOM,p,0,324561,5923
86,253,PAU,g,2,75,251,SARA,s,0,75,265,LIA,s,0,79,274,YOUNG,s,0,73,253,GEORGE,s,0,75,278,RUDY,p,0,213564,5924
75,267,DARIO,g,0,78,251,GREY,g,0,80,270,GRAHAM,p,0,74,259,HARVEY,b,0,87,255,JENNY,b,0,76,269,SARA,s,0,126354,5925
87,274,KNIGHT,g,0,81,252,DARIO,s,2,78,275,MARIE,p,2,84,268,NANCY,b,0,78,256,TERRY,b,2,86,259,ELEN,b,0,123546,5926
85,258,SEAN,b,2,84,276,LY,g,0,83,250,JOHN,g,0,79,253,JOEL,b,0,78,257,TOM,g,0,88,273,TIM,g,0,625341,5927
74,272,JENNY,b,0,86,276,LIA,s,0,74,255,ELEN,g,0,82,261,TOM,g,0,77,259,JAMES,p,2,75,263,MARIE,p,0,142653,5928
86,279,LIA,b,0,82,277,KNIGHT,g,0,79,267,PETER,b,2,77,276,LE,g,0,83,260,GARY,s,0,76,254,RUDY,s,0,264531,5929
75,263,DAN,s,0,85,277,MARIE,s,0,84,272,TOM,b,0,87,255,ROBER,g,0,82,268,JOEL,b,0,78,268,FOX,b,0,214653,5930
87,270,YOUNG,s,0,88,278,PAULA,g,2,75,277,MIKE,b,0,82,270,LE,p,0,74,270,DARIO,g,0,80,258,SARA,g,0,126543,5931
77,254,PAULA,s,0,76,272,JOHN,s,0,80,252,JENNY,s,2,77,278,NANCY,p,2,88,271,SARA,g,0,81,279,MIKE,p,0,356142,5932
74,268,RICA,p,0,78,272,ROBER,g,0,85,258,PAULA,s,0,80,263,ARL,p,0,79,272,BLUES,p,0,76,262,GARY,s,0,312546,5933
86,275,SEAN,p,0,81,273,ANDY,s,0,76,269,CLIVE,p,0,75,272,RUDY,p,0,78,274,JU,s,0,78,253,SAMMY,b,0,643152,5934
75,259,KNIGHT,p,0,77,274,SANDY,g,0,81,274,TIM,p,2,85,257,LY,s,0,85,275,SEAN,b,0,79,273,SARA,g,0,614235,5935
87,266,JOHN,p,0,80,267,RICA,s,0,79,250,YOUNG,g,0,80,265,SAMMY,s,0,84,276,KNIGHT,g,0,81,257,ANDY,p,0,451623,5936
77,250,TERRY,g,0,83,268,SANDY,g,0,85,255,GARY,g,0,75,250,DARIO,s,0,75,255,PAU,p,0,83,277,JU,p,0,326451,5937
74,263,NANCY,g,0,85,269,AIMEE,s,0,75,260,JOHN,g,0,78,259,TERRY,b,0,74,256,LIA,p,0,84,268,EDWARD,s,0,621354,5938
78,271,ROBIN,g,0,73,269,FOX,g,0,80,265,ANDY,b,0,73,274,KNIGHT,b,0,74,257,SEAN,s,0,86,252,JOEL,b,0,125463,5939
75,255,ELEN,b,0,76,263,SAMMY,s,0,86,277,LE,b,0,83,252,LIA,b,0,80,259,EDWARD,b,0,81,272,GREY,g,2,263415,5940
87,262,TERRY,b,0,79,264,FOX,g,0,76,252,BLUES,s,0,78,267,SANDY,g,0,79,260,TOM,g,2,83,262,RUDY,p,0,364215,5941
77,276,JOEL,b,0,75,264,SARA,s,0,81,257,PAU,s,0,73,276,ROBER,g,2,85,262,RUDY,p,0,84,253,JOHN,s,0,532461,5942
74,259,JOHN,s,0,77,265,YOUNG,g,0,87,262,PAU,p,0,83,261,FOX,g,0,84,270,TOM,s,2,86,267,SANDY,b,0,435126,5943
78,267,PAULA,s,0,80,259,SAMMY,s,0,77,267,JOEL,p,0,86,269,JU,p,0,76,271,MARIE,s,0,88,257,GEORGE,g,2,612435,5944
75,250,SANDY,s,0,83,259,YOUNG,g,0,82,279,TOM,p,0,81,254,JAMES,p,0,75,272,SAM,b,0,74,278,JENNY,p,0,641235,5945
79,258,GRAHAM,p,0,86,260,LIA,s,0,81,254,MIKE,g,0,76,263,SANDY,p,0,81,274,DARIO,g,0,84,261,AIMEE,s,0,256143,5946
77,271,GEORGE,p,0,74,260,FOX,g,0,86,259,GREY,g,0,86,278,GARY,s,0,81,275,SAM,p,0,86,252,ANDY,b,0,342516,5947
74,255,LIA,p,0,84,254,JAMES,s,0,76,264,HARVEY,b,0,81,256,ROBIN,s,0,87,277,LE,s,0,87,272,TOM,g,2,625413,5948
78,263,ROBER,g,0,87,255,AIMEE,g,2,82,269,GREY,b,0,84,271,JENNY,s,0,86,278,ROBIN,b,0,74,256,DARIO,p,0,421635,5949
75,276,JOHN,g,0,75,255,YOUNG,s,0,87,251,PAULA,s,0,79,279,JENNY,s,0,85,256,DAN,b,0,76,276,MIKE,s,0,216345,5950
79,254,GRAHAM,g,0,78,256,MIKE,g,0,77,256,SANDY,s,0,74,265,BLUES,b,0,77,257,ROBIN,g,0,78,267,HARVEY,s,0,613254,5951
77,267,SANDY,b,2,81,257,JOHN,s,0,83,262,ARL,s,0,84,273,SARA,b,2,76,259,TIM,p,0,79,251,CLIVE,b,2,325641,5952
81,251,TIM,b,0,83,250,JAMES,g,0,73,267,PAULA,p,0,79,258,ARL,b,2,82,260,DAN,s,0,74,271,ANDY,g,0,256314,5953
78,258,DAN,b,0,79,251,LE,s,2,78,272,EDWARD,p,0,82,266,LY,g,0,81,262,ANDY,b,2,76,262,JOHN,p,0,264315,5954
75,272,GARY,s,2,82,252,PAU,g,0,77,254,AIMEE,g,2,77,252,TIM,g,0,87,263,ARL,g,0,77,275,PETER,s,0,162345,5955
79,250,KNIGHT,s,0,85,252,NANCY,s,0,82,259,ROBER,g,0,87,260,PAU,g,0,87,271,DARIO,p,2,79,266,DAN,b,0,352146,5956
77,263,YOUNG,s,0,87,276,HARVEY,g,0,87,264,JU,b,0,82,275,ARL,p,0,78,272,ANDY,p,0,81,256,PETER,g,0,241653,5957
81,277,SAMMY,s,2,75,277,GEORGE,s,0,78,269,YOUNG,b,2,77,253,RICA,p,0,77,274,TOM,s,0,82,270,BLUES,p,0,615243,5958
78,254,GARY,p,0,78,277,TOM,g,2,83,274,SAM,s,0,80,269,PETER,p,0,83,275,EDWARD,b,0,77,260,LIA,s,0,243615,5959
75,268,NANCY,p,0,74,278,JENNY,s,0,73,279,PAULA,s,0,75,277,EDWARD,s,0,83,277,ELEN,g,0,79,251,MIKE,b,0,451236,5960
79,275,RICA,p,2,77,272,GREY,g,0,79,261,LE,s,2,85,262,ARL,s,0,74,278,LIA,p,0,81,265,ELEN,g,0,326541,5961
77,259,MARIE,g,0,79,272,PAU,s,0,84,266,NANCY,p,0,80,270,TERRY,s,0,73,256,ARL,s,0,82,255,JAMES,p,0,312654,5962
81,273,FOX,g,0,82,273,ROBIN,g,0,74,271,TERRY,p,0,75,256,RUDY,b,2,87,257,HARVEY,s,0,84,276,TIM,s,0,251634,5963
78,250,ROBER,g,0,85,273,LE,s,2,79,276,SARA,g,2,85,264,GEORGE,b,0,79,259,PAULA,b,0,86,266,ELEN,s,0,362145,5964
82,264,LY,b,0,88,267,KNIGHT,g,0,78,251,JOHN,g,0,73,279,SANDY,b,0,78,260,FOX,g,0,87,250,SARA,b,0,325164,5965
79,271,ELEN,b,0,84,268,RUDY,s,0,83,263,RICA,b,0,83,257,TIM,b,0,84,262,GARY,p,0,82,270,NANCY,g,0,265413,5966
77,255,SEAN,b,0,86,268,SARA,g,0,74,268,SAMMY,b,0,78,272,YOUNG,g,0,83,263,FOX,s,0,84,261,KNIGHT,p,0,256431,5967
81,269,KNIGHT,s,0,74,269,AIMEE,s,0,79,274,JAMES,b,0,73,251,LY,g,0,75,264,TERRY,b,0,85,274,JOEL,s,0,146253,5968
78,276,JOHN,s,0,77,263,ANDY,g,0,84,279,JAMES,s,0,83,266,DARIO,g,0,74,273,TOM,b,2,87,265,YOUNG,b,0,431256,5969
82,260,PAU,s,0,80,263,ARL,s,0,75,254,ROBER,s,0,86,274,JOEL,p,0,80,274,SANDY,g,0,74,255,SEAN,g,0,423165,5970
79,267,CLIVE,p,0,83,264,RUDY,g,0,80,266,JAMES,p,0,81,259,PAU,p,0,79,275,TERRY,p,0,76,269,LY,p,2,213654,5971
83,251,SANDY,p,0,78,265,GREY,s,0,85,271,AIMEE,p,0,76,268,ROBIN,p,0,86,277,TERRY,s,0,77,260,SAMMY,s,0,461325,5972
81,265,FOX,p,0,81,265,JAMES,g,0,75,276,ROBIN,g,0,86,253,JOHN,s,2,85,278,ARL,b,0,87,250,RUDY,b,0,234165,5973
78,272,KNIGHT,g,0,84,259,JU,s,0,81,251,FOX,g,0,81,261,AIMEE,s,0,84,279,GREY,g,0,74,264,GEORGE,g,0,452361,5974
82,256,SEAN,g,0,87,260,MARIE,g,0,79,256,TIM,g,0,84,276,ELEN,s,0,75,258,GARY,g,0,75,254,FOX,p,2,234165,5975
79,263,EDWARD,g,0,75,260,MIKE,s,0,84,268,GARY,b,0,79,255,JOHN,b,0,75,259,BLUES,p,0,77,275,GEORGE,s,0,126534,5976
83,277,BLUES,g,0,77,261,SANDY,g,2,75,273,DARIO,b,0,74,270,PAULA,b,0,81,260,JOEL,s,0,79,258,CLIVE,s,0,152643,5977
81,261,GREY,b,0,73,255,PAULA,s,0,80,278,ROBIN,s,0,84,278,LE,b,0,80,262,EDWARD,b,0,80,279,TIM,b,0,326541,5978
85,268,JU,b,0,76,255,FOX,g,0,85,253,GREY,s,0,79,263,YOUNG,g,0,86,263,ARL,g,0,75,269,TERRY,g,2,246351,5979
82,252,HARVEY,b,0,79,256,PAU,s,0,76,258,ARL,p,0,74,272,JAMES,g,0,86,264,JENNY,p,0,77,253,GRAHAM,p,0,625341,5980
79,259,GREY,s,0,82,256,KNIGHT,g,0,81,263,SANDY,p,0,77,257,NANCY,g,0,77,266,ARL,p,0,79,274,RUDY,s,0,126345,5981
83,273,RICA,s,0,84,250,TERRY,s,2,86,275,ROBIN,p,0,87,265,AIMEE,p,0,76,274,FOX,s,2,80,264,LE,b,0,132546,5982
81,257,PAULA,s,0,87,251,LE,g,0,77,250,MIKE,g,0,82,250,AIMEE,p,2,82,275,DAN,b,0,82,278,HARVEY,g,2,462135,5983
85,264,ANDY,p,0,83,251,SAM,s,0,82,256,SARA,g,2,77,259,HARVEY,p,2,82,277,SAMMY,g,2,84,268,ROBIN,p,0,253164,5984
82,278,SAMMY,p,0,86,252,ANDY,g,0,80,261,LIA,b,0,87,274,SANDY,p,0,81,278,MIKE,p,0,85,259,ARL,s,0,462153,5985
86,255,JU,p,2,74,276,AIMEE,s,0,85,266,CLIVE,b,0,75,252,MIKE,s,0,87,279,KNIGHT,s,0,80,279,PAU,b,0,521463,5986
83,269,JOHN,g,0,76,276,BLUES,g,2,76,278,PETER,s,2,85,267,EDWARD,s,0,86,251,MARIE,s,0,82,263,SEAN,g,0,624153,5987
81,253,SANDY,g,0,79,277,PETER,s,0,81,253,YOUNG,s,0,80,276,GRAHAM,s,0,78,259,LY,b,0,83,253,PAU,p,0,612345,5988
85,260,ELEN,g,2,82,278,TOM,g,0,86,258,LE,s,0,75,261,AIMEE,b,0,77,260,ANDY,g,0,85,274,LY,s,0,165324,5989
82,274,JENNY,b,0,78,271,DARIO,s,0,77,263,RICA,p,2,85,269,DAN,b,0,83,262,GREY,p,0,87,258,TERRY,b,0,235146,5990
86,251,NANCY,b,0,81,272,HARVEY,g,0,82,268,RICA,p,0,73,254,TOM,b,0,82,263,PAULA,s,0,74,278,TERRY,b,0,352146,5991
83,265,MIKE,b,2,83,273,JOHN,s,2,87,250,AIMEE,g,0,83,263,JU,g,0,74,264,SAMMY,b,0,75,269,ROBER,g,0,423651,5992
81,279,TOM,s,0,86,273,SEAN,g,0,78,255,ELEN,g,2,78,278,LE,g,0,88,266,ANDY,b,0,85,252,SAM,p,0,462135,5993
85,256,SEAN,s,0,74,274,GRAHAM,s,0,83,260,CLIVE,b,0,73,256,GARY,g,2,79,267,SANDY,g,0,87,273,JAMES,s,0,156243,5994
82,270,EDWARD,s,2,77,268,PAULA,g,0,81,265,PETER,b,0,83,271,DAN,p,0,78,275,GARY,p,2,73,263,LY,b,0,124563,5995
86,277,ROBER,s,0,87,268,FOX,s,0,87,270,JOHN,s,0,78,250,DARIO,p,0,78,277,SAM,s,0,75,277,GEORGE,g,0,213546,5996
83,261,TIM,p,0,75,269,DAN,g,0,77,252,AIMEE,s,0,81,265,SARA,p,0,84,278,PAU,b,2,77,267,ELEN,p,0,641325,5997
88,275,ARL,p,0,78,269,GREY,s,0,82,257,AIMEE,s,0,76,273,HARVEY,s,0,83,279,JAMES,g,0,78,258,RICA,s,0,134625,5998
85,252,JENNY,p,0,81,263,MARIE,g,0,88,262,JOHN,p,0,86,258,SEAN,s,0,74,251,LIA,g,0,73,272,JU,b,0,423516,5999
82,266,FOX,g,0,84,264,ELEN,s,0,78,268,KNIGHT,p,0,81,267,ROBER,s,0,74,252,PAU,p,0,75,262,TIM,g,0,164325,6000
86,273,GEORGE,g,0,86,264,KNIGHT,g,0,83,273,MIKE,g,0,76,252,AIMEE,s,0,80,260,DAN,s,0,77,253,PETER,p,0,621453,6001
84,257,SAM,g,0,82,265,RUDY,s,0,74,278,DARIO,g,0,79,260,TERRY,b,0,79,262,GREY,b,0,78,266,SANDY,s,2,612345,6002
88,271,KNIGHT,b,0,85,259,RUDY,g,0,79,260,PETER,b,0,74,275,GARY,b,0,85,263,PAU,g,0,80,257,LIA,b,0,523614,6003
85,278,FOX,b,0,88,259,TERRY,s,0,84,265,MIKE,b,0,84,254,JU,b,2,84,265,GREY,p,0,82,277,GARY,b,0,254136,6004
74,262,ARL,b,0,76,260,JOEL,g,0,83,270,GARY,b,0,79,269,HARVEY,g,0,76,266,PETER,p,0,83,268,JENNY,g,0,425613,6005
86,269,RUDY,s,0,78,261,SEAN,s,0,73,275,ANDY,s,0,74,277,AIMEE,g,0,75,267,GEORGE,s,0,78,251,JAMES,p,2,214635,6006
84,253,TOM,s,0,81,254,KNIGHT,g,0,78,250,PAULA,s,0,77,262,JU,g,0,81,269,JENNY,b,0,80,272,ROBER,s,0,164235,6007
88,267,SEAN,s,0,77,255,LE,s,0,84,262,ROBER,p,0,87,270,NANCY,p,0,80,277,TERRY,g,0,81,262,TIM,b,0,412536,6008
85,274,SAMMY,p,0,80,256,TIM,g,0,74,267,TOM,p,0,82,256,SEAN,p,0,80,278,JOEL,p,0,83,276,MIKE,g,0,265431,6009
74,258,CLIVE,p,0,83,256,MIKE,s,2,79,272,JOEL,g,0,77,264,LY,p,0,86,250,TERRY,s,2,85,267,ROBIN,p,2,243561,6010
86,272,RICA,p,0,85,250,EDWARD,g,0,85,277,SAMMY,g,0,87,279,MARIE,s,0,85,251,LIA,b,0,86,257,ROBIN,s,0,146235,6011
76,279,ANDY,g,0,73,251,JOHN,s,0,75,252,TIM,g,0,82,257,RUDY,s,0,77,252,LY,b,0,73,271,LIA,b,0,423156,6012
88,263,SAMMY,g,0,76,251,LE,g,0,80,264,SAM,b,2,85,273,SARA,s,0,76,254,ELEN,g,0,83,261,TOM,g,0,246153,6013
85,270,PAULA,g,0,87,252,KNIGHT,s,0,85,269,ARL,b,0,80,251,GEORGE,b,2,82,262,TERRY,p,0,85,252,RICA,p,2,625143,6014
74,254,KNIGHT,g,0,75,252,PAU,g,2,84,274,DAN,s,0,75,266,PETER,b,2,81,263,SAM,s,0,86,265,BLUES,s,0,625314,6015
86,268,GARY,b,0,77,276,GREY,s,0,74,250,JU,s,2,85,274,LY,b,0,87,265,HARVEY,b,0,73,256,CLIVE,b,0,326514,6016
76,275,PAULA,b,0,80,277,SARA,g,0,80,255,MIKE,p,0,80,260,SAM,b,0,87,266,CLIVE,g,0,75,276,RICA,b,0,253146,6017
88,259,LE,b,0,83,277,LIA,s,0,85,267,ARL,p,0,83,268,GRAHAM,g,0,78,267,JENNY,g,0,76,260,FOX,g,0,534261,6018
77,266,ROBIN,s,0,86,278,GREY,g,0,75,272,ARL,p,2,78,253,KNIGHT,g,0,77,269,MARIE,p,0,86,251,NANCY,p,0,425163,6019
74,250,SEAN,s,2,82,272,JU,s,2,81,277,JAMES,g,0,73,261,RUDY,g,0,76,277,AIMEE,s,0,88,271,PAU,s,0,632145,6020
86,264,JENNY,s,0,84,272,GARY,g,0,86,252,RICA,g,0,83,277,SAMMY,p,0,83,278,ARL,b,0,75,255,ROBER,b,0,342165,6021
76,271,GARY,p,0,87,273,LY,s,0,76,257,FOX,b,2,78,255,YOUNG,p,0,82,250,ANDY,g,0,76,275,TOM,g,0,254613,6022
88,255,CLIVE,p,2,75,274,ELEN,g,0,81,262,MIKE,b,0,81,270,GRAHAM,p,0,73,251,GREY,p,2,78,266,SARA,p,0,412653,6023
77,262,BLUES,p,0,78,267,JU,s,0,80,274,GEORGE,s,0,76,278,TIM,s,0,87,252,NANCY,p,0,80,279,TERRY,s,0,365241,6024
74,276,ANDY,g,0,80,268,BLUES,g,0,85,279,ROBIN,s,0,86,263,JU,s,2,79,254,DARIO,s,2,81,270,DAN,b,0,435216,6025
78,260,ROBER,g,2,76,269,LY,s,0,76,254,GRAHAM,p,0,81,272,ANDY,s,0,78,255,SAMMY,b,0,76,260,LIA,g,0,423165,6026
76,267,KNIGHT,g,0,79,269,RUDY,g,0,81,259,JENNY,p,0,76,257,HARVEY,b,0,84,263,PETER,g,0,78,251,MIKE,p,0,263514,6027
88,251,RUDY,b,0,82,263,YOUNG,s,0,86,264,JENNY,p,0,86,265,SANDY,b,0,83,265,JAMES,p,0,79,265,DAN,s,0,325614,6028
77,258,GARY,b,2,85,264,TIM,g,0,77,276,FOX,g,0,74,250,CLIVE,b,0,75,266,AIMEE,s,0,81,255,LE,b,0,235641,6029
74,272,JENNY,b,0,87,264,LY,s,0,82,251,ELEN,g,0,84,259,BLUES,g,0,74,267,LIA,s,0,83,275,LE,g,0,623541,6030
78,256,EDWARD,s,0,75,265,TIM,g,0,87,256,GARY,b,0,79,274,DARIO,g,0,73,269,RICA,b,0,84,259,SAM,g,0,612453,6031
76,263,TIM,s,0,86,259,SEAN,s,0,77,262,BLUES,b,0,74,252,LY,g,0,79,270,YOUNG,g,0,79,250,FOX,p,0,261543,6032
88,277,RUDY,s,0,74,259,TERRY,g,0,83,267,MARIE,s,0,84,267,YOUNG,g,0,79,278,DAN,p,0,81,270,SANDY,s,2,436152,6033
77,254,GARY,s,0,77,260,ELEN,s,0,81,279,ANDY,s,0,87,276,ARL,p,0,85,250,MARIE,s,0,83,254,SEAN,b,0,241356,6034
74,268,CLIVE,p,0,79,260,DARIO,g,0,86,254,JAMES,s,0,82,261,ROBIN,p,2,84,251,GREY,b,0,84,274,ELEN,g,0,632415,6035
78,252,CLIVE,p,0,82,261,RICA,s,0,77,259,SARA,p,0,77,269,JU,p,0,75,252,FOX,b,2,86,265,SANDY,p,0,362415,6036
76,259,GARY,p,0,85,255,NANCY,g,0,82,264,SANDY,p,0,87,254,SEAN,s,0,75,254,SAMMY,g,0,88,279,HARVEY,s,2,634521,6037
80,273,JENNY,g,0,81,255,JU,s,2,87,269,HARVEY,g,0,82,263,BLUES,s,0,81,255,FOX,p,2,75,269,LIA,b,0,632415,6038
77,250,LIA,g,0,84,256,SARA,g,0,78,251,SEAN,g,0,85,278,GRAHAM,s,0,80,256,DAN,s,0,84,259,SAM,g,0,216453,6039
74,264,TERRY,g,0,86,257,ARL,s,0,83,256,GARY,b,0,80,256,MARIE,b,0,86,265,TIM,b,0,86,273,LE,p,0,621345,6040
78,278,MARIE,b,0,74,250,GARY,g,0,73,261,KNIGHT,b,0,75,271,AIMEE,b,0,85,266,DAN,g,0,87,264,LE,s,2,625143,6041
76,255,CLIVE,b,0,77,251,GRAHAM,s,0,79,266,SEAN,b,2,85,250,RUDY,b,0,77,267,GEORGE,g,0,74,254,JOEL,b,0,521346,6042
80,269,FOX,b,0,80,252,SARA,g,2,84,271,NANCY,s,0,80,265,RICA,g,0,76,269,ROBIN,p,0,76,268,AIMEE,g,0,423651,6043
77,276,GREY,s,0,83,252,TERRY,s,0,82,253,GEORGE,s,0,75,273,SANDY,g,0,75,270,BLUES,s,0,78,258,NANCY,g,0,534216,6044
81,260,CLIVE,s,0,78,276,RICA,g,0,87,258,JU,p,2,78,258,ARL,g,2,81,272,ROBIN,b,0,79,279,BLUES,p,2,651234,6045
