108,359,LE,b,0,105,350,PETER,b,2,103,351,CLIVE,s,0,103,363,DAN,p,0,112,363,PAULA,p,0,115,354,TIM,s,0,564312,5399
105,366,RICA,b,0,111,351,JOEL,p,0,108,356,CLIVE,s,0,107,378,JU,p,0,120,364,ROBER,s,0,114,367,SAM,b,0,412356,5400
103,350,JU,s,0,117,375,LE,b,0,114,361,SANDY,p,0,110,357,KNIGHT,s,0,112,366,LIA,b,0,113,358,TERRY,g,0,643152,5401
104,364,LY,s,0,122,375,SAMMY,p,0,119,373,GREY,p,0,114,372,LE,s,0,120,367,CLIVE,b,0,112,378,TOM,p,0,564213,5402
122,371,TOM,s,0,107,376,FOX,b,0,103,378,DAN,g,2,118,350,MARIE,s,0,111,369,ANDY,g,0,110,362,DARIO,s,0,513462,5403
123,355,DARIO,p,0,109,377,JENNY,p,0,109,353,MIKE,g,0,118,365,LIA,b,0,119,377,SAM,p,0,109,352,PETER,b,0,531264,5404
120,362,SEAN,p,0,115,370,EDWARD,b,0,110,358,YOUNG,b,0,122,374,RICA,b,0,107,378,PAULA,s,0,104,373,JENNY,b,0,513462,5405
121,376,DAN,p,0,121,371,ARL,p,0,115,363,SANDY,b,2,106,359,NANCY,b,0,119,350,SAM,b,2,103,357,SEAN,g,0,216345,5406
119,360,ARL,g,0,106,372,ANDY,b,0,120,375,LIA,s,0,109,367,BLUES,g,0,106,351,HARVEY,g,0,122,377,TIM,p,0,613452,5407
116,367,ELEN,g,0,111,372,LIA,p,0,105,350,SARA,s,0,113,352,LE,g,2,118,352,GRAHAM,g,0,121,368,CLIVE,s,0,615342,5408
117,351,YOUNG,g,0,117,366,ARL,b,0,110,355,LE,s,2,113,361,RUDY,g,0,106,354,SANDY,p,0,119,351,DARIO,b,0,513426,5409
114,358,RICA,b,0,119,367,MARIE,p,0,115,361,JENNY,p,0,117,376,TOM,p,0,118,362,PAU,s,0,118,372,DARIO,g,0,534621,5410
115,372,BLUES,b,0,104,367,LY,b,0,121,366,ELEN,p,0,121,354,GARY,p,0,105,363,LIA,b,0,113,362,PETER,p,0,463152,5411
113,356,RICA,b,0,110,368,PETER,p,0,105,378,RUDY,g,2,105,369,GREY,p,0,117,365,HARVEY,g,0,112,376,ELEN,s,0,562143,5412
110,363,LIA,b,2,115,362,LE,b,0,110,353,PAULA,g,0,108,378,SANDY,p,0,105,366,GREY,p,0,110,366,MARIE,b,0,453261,5413
111,377,JOEL,s,0,121,362,JU,p,0,116,358,DAN,b,0,108,363,RICA,s,0,117,367,RUDY,p,0,109,357,HARVEY,g,0,325416,5414
108,354,SEAN,s,0,106,363,BLUES,b,0,117,363,RICA,b,0,112,371,KNIGHT,s,0,104,369,PETER,s,0,108,371,ANDY,p,2,145623,5415
110,368,PAULA,s,2,108,363,JU,p,0,122,368,MARIE,b,0,116,356,NANCY,s,0,116,370,LE,b,0,106,361,SARA,s,0,214563,5416
107,352,GEORGE,p,0,113,357,GREY,b,2,107,350,ELEN,s,0,120,365,YOUNG,b,0,104,378,FOX,g,0,105,352,JU,b,0,561342,5417
108,359,LE,p,0,119,358,RICA,p,0,112,355,JOEL,s,0,103,350,DAN,b,2,112,350,LY,p,0,121,372,DARIO,g,0,356214,5418
105,373,BLUES,p,2,104,358,MIKE,b,0,117,360,JOEL,p,0,107,358,YOUNG,b,0,103,351,PETER,s,2,119,356,JAMES,g,2,316542,5419
103,350,YOUNG,g,0,110,359,TIM,p,0,122,365,JOHN,p,0,107,373,RICA,g,0,111,352,MIKE,s,0,118,376,FOX,p,0,631245,5420
104,364,GREY,g,0,116,360,MARIE,b,0,107,370,JOHN,g,0,111,352,ANDY,g,0,103,354,PETER,b,2,117,367,ELEN,s,0,643152,5421
122,378,RUDY,g,2,117,353,JENNY,p,2,112,352,LY,g,0,115,367,HARVEY,g,0,111,355,TOM,g,0,115,350,ARL,b,0,425136,5422
123,355,JAMES,b,0,123,354,JOEL,b,0,118,357,YOUNG,g,0,119,375,GEORGE,p,0,123,363,JENNY,p,0,114,371,SARA,g,2,643521,5423
120,369,RICA,b,0,108,355,GRAHAM,p,0,123,362,MARIE,b,0,102,360,GARY,p,0,110,365,JAMES,s,0,113,361,PETER,p,0,256431,5424
121,376,YOUNG,b,0,114,355,HARVEY,b,0,103,367,TERRY,b,0,103,368,LY,p,0,122,366,SAM,b,0,108,375,PETER,s,0,423615,5425
118,360,LE,s,0,119,379,SAMMY,p,0,109,372,LIA,s,0,106,354,SAM,s,0,110,367,ANDY,b,0,106,366,LY,b,0,251436,5426
116,374,MIKE,s,0,105,350,ROBIN,b,2,114,378,TIM,s,0,110,362,GREY,s,0,122,369,LE,g,0,105,356,JENNY,g,2,316542,5427
117,351,GREY,s,0,106,350,ARL,p,0,119,359,ROBER,p,0,114,377,MARIE,s,2,109,370,SAM,p,0,104,370,JAMES,p,0,651342,5428
114,365,TOM,p,0,112,351,ARL,b,0,104,365,ANDY,p,0,118,355,JAMES,b,2,118,371,JU,s,0,103,360,SARA,s,0,356412,5429
115,372,JOEL,p,0,118,375,RICA,p,0,109,370,DARIO,p,0,118,371,JENNY,b,0,109,350,GREY,b,0,122,351,TERRY,b,0,213465,5430
113,356,ELEN,p,0,103,375,JOEL,b,0,114,375,LE,g,0,122,379,GARY,b,0,117,351,PAU,g,0,117,364,SEAN,g,0,536142,5431
114,370,AIMEE,p,0,108,376,JAMES,p,0,119,350,TERRY,g,2,105,364,MIKE,b,0,108,352,LE,g,0,115,355,YOUNG,g,0,163254,5432
111,377,YOUNG,g,0,114,376,SEAN,b,0,104,362,FOX,b,0,109,372,DARIO,g,0,117,354,PAULA,p,0,114,375,NANCY,p,0,461352,5433
108,361,HARVEY,g,0,116,370,MARIE,p,0,109,367,JENNY,b,0,113,358,JOHN,g,0,108,355,FOX,s,2,113,359,SAM,s,0,614523,5434
109,375,YOUNG,g,0,122,371,KNIGHT,b,0,111,372,GEORGE,s,2,113,366,AIMEE,g,0,116,356,JENNY,b,0,112,350,JOHN,b,0,143256,5435
107,352,FOX,b,0,107,371,RUDY,p,0,116,377,DAN,s,0,117,351,JENNY,p,0,107,365,AIMEE,g,0,110,370,KNIGHT,g,0,534216,5436
108,366,BLUES,b,0,112,372,SANDY,b,0,121,352,AIMEE,p,0,121,359,JOEL,p,0,116,366,PETER,p,0,109,354,ARL,p,0,456312,5437
105,373,ANDY,b,0,118,366,SAM,p,0,106,364,JAMES,p,2,104,375,SAMMY,p,0,107,367,SEAN,p,0,104,374,EDWARD,s,0,352641,5438
106,357,ROBER,s,0,103,366,JOHN,b,0,111,369,PETER,p,0,108,353,GRAHAM,s,2,115,369,SEAN,s,0,103,365,PAULA,b,0,534162,5439
103,371,ANDY,s,0,109,367,TERRY,p,0,116,374,SEAN,g,0,112,368,RUDY,s,0,103,370,LY,b,0,122,355,BLUES,g,0,634125,5440
121,378,BLUES,s,0,111,368,DAN,b,0,121,379,TIM,g,2,112,376,LIA,s,0,115,372,KNIGHT,g,0,121,369,SARA,p,0,356142,5441
122,362,YOUNG,p,0,116,368,LIA,p,0,106,354,ELEN,b,0,116,361,RUDY,b,0,123,373,JAMES,p,0,119,359,CLIVE,s,0,256143,5442
120,369,ELEN,p,0,122,362,TIM,b,0,111,366,GARY,b,0,120,370,PETER,b,0,114,351,SAM,s,0,118,350,SARA,b,0,514263,5443
121,353,JU,p,0,107,363,SARA,p,0,116,371,LIA,s,0,103,355,MIKE,b,0,122,352,JENNY,s,0,113,364,PAULA,g,0,512634,5444
118,367,JAMES,g,0,113,363,GRAHAM,b,2,118,377,EDWARD,s,0,107,363,SANDY,g,0,114,354,ELEN,b,0,112,354,RICA,g,0,641325,5445
115,374,JOHN,g,0,118,364,JAMES,p,0,123,352,GEORGE,s,0,107,378,LY,g,0,122,355,BLUES,g,0,110,375,DAN,p,2,325614,5446
117,358,ROBIN,g,2,120,358,KNIGHT,b,0,107,357,SAMMY,p,0,111,357,AIMEE,g,0,113,357,PAU,p,2,109,358,GEORGE,s,0,135642,5447
114,365,SAMMY,b,0,105,358,BLUES,p,0,113,362,JOEL,p,0,115,372,HARVEY,g,0,121,358,AIMEE,s,0,108,379,SARA,b,0,524316,5448
115,379,AIMEE,b,0,111,359,JENNY,b,0,118,374,JU,g,0,119,350,JAMES,p,2,113,366,GRAHAM,b,2,107,369,TIM,g,0,534621,5449
112,363,GEORGE,b,2,117,359,EDWARD,p,2,103,379,PAU,g,0,123,365,JU,p,0,121,367,GARY,g,0,105,353,MARIE,p,2,456231,5450
113,370,SEAN,b,0,122,353,FOX,b,0,108,354,CLIVE,b,0,123,374,ARL,p,0,112,369,KNIGHT,g,0,121,373,JU,s,0,564132,5451
111,354,HARVEY,s,0,107,354,ANDY,p,0,113,359,DAN,b,0,106,359,MARIE,s,0,120,370,PAU,p,0,119,364,ELEN,b,0,542136,5452
108,361,ARL,s,2,109,354,ANDY,b,0,118,364,ROBER,b,0,110,367,SEAN,s,0,108,372,RICA,s,0,118,378,JOHN,g,0,641532,5453
109,375,MIKE,s,0,115,355,RUDY,p,0,103,376,JOEL,s,0,114,352,NANCY,s,0,120,373,KNIGHT,b,0,117,368,DAN,p,2,621435,5454
106,359,MIKE,p,0,120,379,SAMMY,b,2,104,351,LY,s,0,118,361,LE,b,0,107,374,SANDY,g,0,116,359,PETER,s,0,562134,5455
108,366,HARVEY,p,2,106,379,SAM,p,0,109,356,DAN,p,0,122,376,PAULA,b,0,119,352,ELEN,p,0,114,372,YOUNG,b,0,532164,5456
105,350,TOM,p,0,111,350,RUDY,b,0,115,361,GEORGE,p,0,122,354,GREY,b,0,107,354,ROBER,p,0,113,363,JAMES,g,0,536412,5457
106,357,SARA,g,0,117,351,ELEN,p,0,120,366,DARIO,g,0,105,369,JOHN,g,0,119,355,AIMEE,s,0,108,353,GEORGE,p,2,521364,5458
103,371,SARA,g,0,119,374,DAN,b,0,104,378,GRAHAM,g,0,109,378,EDWARD,g,2,106,357,ARL,b,0,107,374,PAULA,p,0,641235,5459
121,355,MIKE,g,0,104,375,LE,p,2,110,353,KNIGHT,g,0,113,363,GARY,g,0,118,358,CLIVE,g,2,105,357,JAMES,s,0,415263,5460
122,362,SAM,b,0,109,376,TIM,b,0,115,359,LY,b,2,117,371,GARY,p,0,106,359,PAU,p,0,104,378,HARVEY,b,0,453216,5461
120,376,SANDY,b,0,115,376,SARA,p,0,120,364,GRAHAM,b,0,117,356,RICA,p,0,118,367,DARIO,s,2,103,368,NANCY,g,0,542613,5462
121,353,ARL,b,0,121,377,SANDY,b,0,105,369,JENNY,s,0,121,365,MARIE,p,0,105,369,ELEN,s,0,122,352,JOHN,p,0,463521,5463
118,367,MARIE,s,0,106,371,GEORGE,p,0,106,351,AIMEE,s,2,104,350,JOHN,p,0,113,370,ANDY,b,0,117,373,FOX,s,0,631425,5464
119,351,AIMEE,s,0,108,371,ELEN,b,0,111,356,KNIGHT,p,0,108,358,CLIVE,s,0,105,372,JAMES,g,0,116,363,RICA,b,0,314526,5465
116,358,ROBER,s,0,113,372,SARA,p,0,116,361,ROBIN,p,0,112,373,DAN,s,0,113,373,JU,p,0,114,377,CLIVE,g,0,351624,5466
114,372,GARY,p,0,119,372,EDWARD,b,0,122,366,LE,g,2,112,352,ARL,s,0,104,374,AIMEE,s,0,113,367,SARA,p,0,516342,5467
115,379,GEORGE,p,0,104,366,GREY,p,0,106,371,AIMEE,g,0,116,367,ARL,b,0,112,353,ELEN,b,0,112,358,RUDY,s,0,612345,5468
112,363,TERRY,p,0,110,367,JOEL,b,0,112,376,JAMES,g,0,120,375,LE,b,2,104,354,GARY,b,0,110,371,ROBER,b,0,135624,5469
113,377,RICA,p,0,115,367,SAMMY,p,0,117,358,JAMES,b,2,103,360,NANCY,b,2,112,355,SANDY,g,0,109,362,MIKE,g,0,561234,5470
111,354,ANDY,g,0,117,368,FOX,b,0,122,363,YOUNG,b,0,107,369,AIMEE,g,0,103,357,SAM,p,0,104,352,SEAN,p,0,145632,5471
112,368,AIMEE,g,0,123,362,RICA,p,0,107,368,SAM,s,0,111,354,GARY,g,0,111,358,TERRY,s,0,103,366,CLIVE,p,0,241356,5472
109,375,YOUNG,g,0,108,362,NANCY,b,2,112,373,GRAHAM,s,0,111,362,PAULA,g,0,103,359,KNIGHT,b,0,122,357,LE,s,0,164325,5473
106,359,KNIGHT,b,0,114,363,MARIE,p,0,113,378,SAMMY,p,0,115,377,NANCY,p,0,111,361,SANDY,g,0,121,377,BLUES,b,0,542361,5474
107,372,NANCY,b,0,119,364,TOM,b,0,118,360,JAMES,p,0,119,356,EDWARD,p,0,119,369,JU,g,2,119,361,TERRY,g,0,563412,5475
105,350,GRAHAM,b,0,104,357,MIKE,p,0,103,365,DARIO,p,0,123,371,SARA,p,0,110,370,GREY,p,0,118,351,ANDY,p,0,463521,5476
106,364,MIKE,s,0,106,358,JAMES,b,0,108,371,JU,g,0,106,379,LE,s,0,118,372,DAN,s,0,117,372,KNIGHT,s,2,615432,5477
103,371,YOUNG,s,0,112,359,ROBER,p,2,113,376,ANDY,g,0,106,364,JOEL,s,0,110,373,TOM,b,0,112,355,EDWARD,b,0,342156,5478
104,355,SANDY,s,0,118,359,ELEN,b,0,119,351,SARA,b,0,110,373,SAMMY,s,0,118,374,AIMEE,g,0,110,376,GARY,g,0,435126,5479
122,368,RUDY,p,0,103,353,HARVEY,p,0,103,363,GREY,b,0,114,358,PETER,s,2,109,376,JENNY,p,0,109,366,EDWARD,p,0,146523,5480
119,376,GARY,p,2,108,354,KNIGHT,b,0,108,368,TOM,s,0,118,366,SAMMY,b,0,117,354,AIMEE,p,0,108,357,SARA,s,2,513642,5481
121,359,PAULA,p,0,114,354,LY,p,0,114,373,ROBER,s,0,122,351,SANDY,b,0,109,355,KNIGHT,s,0,107,371,JOEL,b,0,351246,5482
118,367,GRAHAM,g,0,116,355,NANCY,s,2,119,378,PETER,s,0,122,359,JENNY,b,0,117,357,LE,b,0,105,361,TIM,g,0,152634,5483
119,350,GARY,g,2,121,355,RUDY,g,0,120,353,GREY,p,0,105,375,BLUES,g,0,108,358,ANDY,g,0,121,352,PAU,p,0,132645,5484
116,364,JOEL,g,0,107,379,PETER,s,0,105,365,GEORGE,p,0,109,353,JOHN,g,0,116,359,RUDY,p,0,119,365,YOUNG,p,2,165234,5485
113,372,EDWARD,b,0,112,350,PETER,g,0,110,370,GRAHAM,g,0,113,368,GEORGE,g,0,108,361,FOX,s,0,118,356,KNIGHT,s,0,436251,5486
115,355,JENNY,b,2,118,350,JAMES,s,0,115,375,HARVEY,g,0,117,376,TOM,p,0,116,362,GREY,s,0,117,376,GARY,b,0,531426,5487
112,363,KNIGHT,b,0,103,351,FOX,g,2,120,350,GREY,b,0,121,362,SARA,p,0,103,370,SANDY,b,2,116,360,RICA,g,0,642315,5488
113,376,GREY,s,0,105,375,SAM,s,0,105,355,LY,b,0,121,370,TERRY,p,0,115,372,JU,g,0,114,350,PAU,p,2,164523,5489
110,360,SAMMY,s,2,110,375,JOHN,g,0,110,360,DAN,b,2,104,355,ANDY,s,2,103,373,DARIO,p,2,113,371,RICA,s,0,465312,5490
111,367,EDWARD,s,0,116,376,YOUNG,s,0,116,372,BLUES,s,0,108,363,CLIVE,s,0,115,374,JOHN,s,0,108,355,ROBER,b,0,652134,5491
109,351,HARVEY,s,0,122,377,TERRY,g,0,121,377,TOM,s,0,112,379,GRAHAM,s,0,123,376,GREY,b,0,107,375,SANDY,g,0,243156,5492
106,358,CLIVE,p,0,107,370,JU,s,0,105,353,ROBER,p,2,116,357,ROBIN,b,0,114,377,RUDY,b,0,105,365,GRAHAM,p,0,361245,5493
107,372,SEAN,p,0,113,371,GREY,g,0,107,358,TOM,p,0,116,372,YOUNG,b,0,122,355,RICA,g,0,104,379,JENNY,s,0,536214,5494
104,356,SEAN,p,0,114,372,GEORGE,s,0,112,363,JU,g,0,120,350,CLIVE,b,0,114,357,YOUNG,p,0,103,370,DARIO,b,0,351246,5495
106,363,DAN,g,0,120,372,HARVEY,g,0,117,375,GRAHAM,g,2,103,366,FOX,g,0,122,358,JU,s,0,122,360,PETER,g,0,246153,5496
103,377,YOUNG,g,0,105,366,ELEN,s,0,122,350,TIM,b,0,107,374,SAM,g,0,113,359,SANDY,b,0,117,374,GREY,p,0,164235,5497
104,354,GRAHAM,g,0,111,367,GREY,g,0,107,355,LE,b,0,111,359,SEAN,g,0,121,361,CLIVE,g,0,116,364,LY,s,0,613542,5498
122,368,GEORGE,b,0,116,367,TERRY,s,0,112,360,AIMEE,b,2,111,367,JU,g,0,109,362,LY,p,0,114,355,LIA,s,0,562341,5499
119,352,PAULA,b,0,122,368,RICA,g,0,117,365,RUDY,s,0,115,352,MIKE,p,2,121,364,ANDY,p,0,113,369,ELEN,b,0,534216,5500
120,359,JENNY,b,0,103,362,ARL,s,0,123,377,LIA,s,0,119,361,MIKE,p,2,108,372,LE,s,2,112,359,PAULA,g,0,432516,5501
118,373,MARIE,s,0,109,362,GEORGE,g,0,107,352,LIA,p,0,123,376,EDWARD,p,0,120,373,RUDY,b,0,111,379,ROBIN,p,0,264315,5502
119,350,CLIVE,s,0,115,363,KNIGHT,s,0,112,357,PAULA,p,0,106,354,AIMEE,s,0,108,375,GRAHAM,g,2,109,370,RICA,s,0,362415,5503
116,364,JOEL,s,0,120,363,GREY,g,0,114,362,RUDY,g,0,110,369,SARA,s,0,120,376,CLIVE,p,0,104,354,YOUNG,b,0,315246,5504
117,378,YOUNG,p,0,105,357,ROBIN,s,0,119,367,KNIGHT,g,0,110,378,GEORGE,s,0,107,377,JU,s,0,103,374,HARVEY,g,0,145236,5505
114,355,AIMEE,p,0,111,358,JOEL,g,2,104,379,GRAHAM,g,0,114,363,ELEN,b,0,119,379,ROBER,s,0,122,365,CLIVE,p,0,562134,5506
112,369,FOX,p,0,113,358,RICA,s,0,109,354,TERRY,b,0,118,371,ANDY,b,0,107,357,JU,b,0,121,378,ROBIN,s,0,126345,5507
113,376,JAMES,g,0,119,359,JU,g,0,114,359,KNIGHT,b,0,122,356,SEAN,b,0,119,358,LY,g,0,120,369,ROBER,b,2,152346,5508
110,360,LE,g,0,104,360,TERRY,s,0,119,365,JU,s,0,105,365,JOEL,g,0,106,360,MIKE,p,0,118,359,PETER,g,0,163245,5509
111,374,MARIE,g,0,109,354,NANCY,g,0,104,370,LY,s,0,105,350,JOHN,g,0,114,361,JU,s,0,117,373,SANDY,p,0,652314,5510
109,351,NANCY,g,0,115,354,PAULA,s,2,109,375,FOX,p,0,109,358,ROBER,g,2,106,362,YOUNG,b,0,112,363,BLUES,s,0,431625,5511
110,365,TOM,b,0,121,355,SEAN,g,0,114,357,AIMEE,p,0,113,373,GEORGE,p,0,114,364,SAMMY,b,0,111,354,PAULA,s,2,312465,5512
107,372,ELEN,b,0,122,355,TERRY,s,0,120,362,TIM,p,0,117,352,TOM,p,0,105,365,DARIO,g,0,109,368,ANDY,b,0,345216,5513
104,356,DAN,b,0,108,379,JAMES,g,0,121,367,PAULA,g,0,121,367,DARIO,p,0,113,373,AIMEE,p,0,108,358,ROBIN,g,0,364521,5514
105,370,BLUES,s,2,113,350,ROBER,s,0,105,372,DAN,g,0,121,375,HARVEY,p,0,105,375,LIA,s,0,107,379,SEAN,p,0,461253,5515
103,377,GRAHAM,s,0,119,350,GEORGE,g,2,111,377,ROBIN,b,0,104,360,JOEL,s,0,113,376,SARA,b,2,105,362,GREY,s,2,163452,5516
104,361,SANDY,s,0,104,351,TERRY,s,0,116,359,PETER,b,0,108,369,JOHN,s,0,104,377,ARL,g,0,121,353,TIM,b,0,415236,5517
122,368,GARY,p,2,110,375,ROBER,g,0,121,364,JU,s,0,112,354,JOEL,s,0,112,379,HARVEY,g,2,120,373,JOHN,g,0,364152,5518
119,352,NANCY,p,0,111,375,MIKE,s,0,106,369,ANDY,s,2,116,362,GEORGE,b,0,104,350,CLIVE,p,0,118,357,FOX,p,0,165234,5519
120,366,BLUES,p,0,117,376,RUDY,g,0,111,374,SEAN,s,0,116,377,PAULA,b,0,112,358,EDWARD,s,0,117,377,ELEN,s,2,612534,5520
117,373,TIM,g,2,123,377,RICA,s,2,116,379,CLIVE,p,0,120,356,DARIO,b,2,103,360,ROBIN,b,0,116,368,GARY,b,0,125364,5521
119,357,MIKE,g,0,108,370,ROBIN,g,0,121,361,KNIGHT,p,2,103,371,PETER,g,0,111,361,RUDY,g,0,114,358,SEAN,g,0,135642,5522
116,364,DARIO,g,0,114,371,GREY,s,0,106,366,SARA,g,0,107,379,SEAN,g,0,120,362,SANDY,p,0,113,372,TIM,p,0,142356,5523
117,378,LIA,b,2,119,372,SAM,g,0,107,371,FOX,g,0,111,364,TOM,g,0,111,364,SANDY,p,0,108,363,PAULA,s,0,462513,5524
114,362,TIM,b,0,121,372,FOX,s,0,113,376,SEAN,b,2,115,373,MIKE,p,0,119,365,SANDY,s,0,107,353,ELEN,s,0,256143,5525
112,369,PAU,b,0,106,366,GREY,g,0,118,352,MARIE,b,0,115,358,BLUES,p,0,110,373,SANDY,b,0,105,367,LIA,b,0,423615,5526
113,353,ANDY,s,0,112,367,JOEL,s,0,123,363,NANCY,b,0,119,366,AIMEE,p,0,119,375,MIKE,g,0,104,357,BLUES,g,0,541263,5527
110,360,ANDY,s,0,117,367,PAULA,g,0,108,369,MARIE,s,2,123,351,DAN,s,0,110,376,JOHN,p,0,103,378,ELEN,p,0,423561,5528
111,374,GRAHAM,s,0,103,368,LE,s,0,113,374,DARIO,s,0,106,360,SEAN,s,0,118,377,EDWARD,s,2,122,361,HARVEY,s,0,615432,5529
108,358,JU,s,0,108,368,PETER,g,0,118,379,LIA,p,0,110,375,JAMES,s,0,109,379,JOHN,s,0,121,352,LE,b,0,412356,5530
110,365,LY,p,0,110,362,RUDY,s,0,103,354,NANCY,p,0,110,353,JOEL,s,2,118,350,FOX,b,2,116,372,SANDY,g,0,342615,5531
107,379,GEORGE,p,0,116,363,SEAN,g,0,108,359,LE,g,0,114,368,PETER,b,2,109,351,LY,g,0,114,356,RICA,p,0,461532,5532
104,363,NANCY,p,0,121,363,RICA,s,0,109,371,CLIVE,g,0,118,377,EDWARD,b,0,117,360,DAN,p,0,113,377,ROBIN,s,0,256314,5533
105,370,EDWARD,g,0,106,364,CLIVE,g,2,114,376,DARIO,b,0,122,362,ROBIN,b,0,105,361,RUDY,s,0,112,367,ELEN,b,0,512643,5534
102,354,GARY,g,0,112,358,RICA,s,0,120,351,RUDY,b,0,105,370,JOEL,g,0,117,362,TERRY,b,0,111,351,PAULA,g,0,526413,5535
104,361,LIA,g,0,118,358,PAU,g,0,104,356,SEAN,b,0,105,355,ROBER,g,0,104,364,KNIGHT,b,0,109,371,MIKE,p,0,216453,5536
121,375,LY,b,0,103,359,MIKE,s,0,109,361,ARL,s,0,109,363,LIA,g,0,116,365,EDWARD,g,0,104,362,RUDY,s,0,346251,5537
123,359,PAU,b,0,105,360,RICA,g,0,115,373,GEORGE,s,0,113,379,JAMES,p,0,104,366,DARIO,p,0,103,375,LE,b,0,532416,5538
120,366,RUDY,b,0,110,353,SAMMY,s,2,120,378,DARIO,p,0,117,357,LE,p,0,116,375,SARA,s,0,122,366,ROBIN,b,2,542316,5539
117,350,RUDY,s,0,116,354,MARIE,g,0,105,353,PAULA,p,0,121,372,JAMES,p,0,103,376,SAM,b,0,121,356,GEORGE,g,0,614235,5540
118,357,YOUNG,s,0,122,355,MARIE,s,0,110,358,PAULA,g,0,104,350,JOEL,s,0,115,377,CLIVE,g,0,120,370,JAMES,p,0,512643,5541
116,371,YOUNG,s,0,107,355,RICA,g,0,115,364,DARIO,g,0,104,366,FOX,s,2,103,379,TERRY,g,0,118,361,SEAN,s,0,316245,5542
117,355,TOM,p,0,112,379,DAN,s,0,116,375,TIM,g,0,108,374,JOEL,s,0,115,350,GEORGE,p,0,117,351,DARIO,b,2,154326,5543
114,362,JOEL,p,0,114,350,DAN,g,2,122,351,HARVEY,b,0,112,359,PAU,b,0,123,352,JENNY,s,2,112,372,EDWARD,g,0,125634,5544
115,376,HARVEY,p,0,120,350,RUDY,s,0,106,356,PAU,b,0,116,367,JENNY,b,0,110,353,ROBER,b,0,111,355,GRAHAM,p,0,162435,5545
112,353,RUDY,g,0,105,351,JAMES,g,0,111,361,SEAN,s,0,120,353,TOM,b,0,122,361,PETER,g,0,109,376,YOUNG,s,0,531624,5546
110,367,DAN,g,0,111,375,ROBER,s,0,117,366,AIMEE,s,0,120,361,GREY,g,0,110,362,ANDY,p,0,108,366,ROBIN,b,2,534216,5547
111,351,LIA,g,0,116,375,GARY,g,0,122,378,RICA,p,2,103,376,RUDY,g,0,122,364,ANDY,s,0,107,350,AIMEE,g,0,512364,5548
108,358,ANDY,g,2,122,376,KNIGHT,s,2,106,353,FOX,p,0,107,354,YOUNG,g,0,109,365,RUDY,s,0,105,370,NANCY,p,0,651432,5549
109,372,DAN,b,0,103,376,TIM,g,0,112,358,FOX,p,0,111,370,BLUES,g,0,121,367,GARY,b,0,104,361,ANDY,s,0,632415,5550
107,379,AIMEE,b,0,109,377,GRAHAM,s,0,117,363,CLIVE,g,2,115,378,SANDY,p,0,109,368,LE,g,0,120,375,MIKE,b,2,453261,5551
104,363,FOX,b,2,115,371,DAN,g,0,122,368,SARA,g,0,115,363,RUDY,p,2,121,376,HARVEY,p,0,118,365,GRAHAM,b,0,532416,5552
105,377,GRAHAM,s,0,120,371,GREY,s,0,103,373,SAMMY,b,0,119,371,SEAN,p,0,108,377,ROBIN,s,0,117,356,SANDY,g,0,642153,5553
123,354,EDWARD,s,0,105,372,JENNY,g,0,108,355,GREY,b,2,123,356,PAU,s,0,120,379,YOUNG,b,0,116,369,NANCY,p,0,461235,5554
103,368,BLUES,s,2,111,373,FOX,s,0,113,360,RUDY,s,0,106,365,CLIVE,s,0,108,350,ELEN,b,0,115,360,JOEL,s,0,364215,5555
121,375,GARY,p,0,113,366,JOEL,g,0,118,365,GRAHAM,s,0,110,350,TOM,s,0,116,352,HARVEY,g,0,113,350,LIA,b,0,354126,5556
122,359,YOUNG,p,0,118,367,DARIO,s,0,103,370,SAM,s,2,114,358,EDWARD,b,0,107,353,SEAN,p,2,108,364,JOEL,g,0,123654,5557
120,373,YOUNG,p,2,104,368,TOM,g,0,108,376,FOX,p,0,114,373,KNIGHT,b,0,115,354,SAMMY,s,0,107,354,PETER,p,0,514362,5558
117,350,TOM,g,0,109,368,HARVEY,s,0,113,357,GREY,p,0,118,352,YOUNG,b,0,107,362,ROBER,b,2,106,375,LIA,s,0,613254,5559
118,364,PAULA,g,0,115,362,SAMMY,g,0,119,363,LIA,g,0,122,367,KNIGHT,g,0,115,364,TIM,g,0,104,359,BLUES,b,0,416352,5560
115,371,BLUES,g,0,121,363,GEORGE,s,0,103,368,HARVEY,g,0,105,375,JU,g,0,106,365,LY,g,0,103,379,KNIGHT,g,0,123654,5561
117,355,ROBER,b,0,122,363,EDWARD,g,0,109,373,MIKE,b,0,109,360,JOHN,g,2,114,367,ROBIN,p,0,122,370,RICA,p,0,465213,5562
114,369,DAN,b,0,107,364,GEORGE,s,0,110,378,ROBER,b,0,109,369,SANDY,p,2,106,368,ROBIN,s,0,121,353,TIM,s,0,645231,5563
115,376,GREY,b,0,113,358,PETER,g,0,115,360,PAULA,s,0,113,354,RUDY,p,0,114,369,SANDY,b,0,116,374,DARIO,b,0,423156,5564
112,360,GREY,s,0,119,358,RICA,s,0,120,365,LE,s,0,117,362,PETER,p,0,105,378,JU,g,0,115,364,JOHN,b,0,352146,5565
110,367,AIMEE,s,0,104,359,SAM,g,0,105,370,JENNY,s,0,121,377,CLIVE,p,0,113,379,ANDY,p,0,113,355,GREY,g,0,546123,5566
111,351,SEAN,s,0,110,359,LIA,s,2,110,375,RUDY,p,0,104,356,ANDY,s,0,105,350,FOX,p,0,112,368,PAU,p,0,613254,5567
108,365,NANCY,s,0,111,353,PAULA,g,0,115,350,GREY,p,0,104,371,HARVEY,s,0,113,352,RUDY,s,0,111,359,MARIE,s,0,415236,5568
109,372,SEAN,p,0,117,354,ARL,s,0,121,362,SAMMY,g,0,108,379,KNIGHT,s,0,121,353,TERRY,b,0,109,379,RICA,b,0,231465,5569
106,356,TOM,p,0,123,354,EDWARD,g,0,105,367,SARA,g,0,112,364,HARVEY,b,0,112,354,TERRY,g,2,104,363,JU,g,2,213645,5570
108,363,PAULA,p,0,108,355,PAU,s,0,110,372,JU,b,0,116,373,EDWARD,b,0,120,356,ROBIN,p,0,103,354,AIMEE,p,0,512634,5571
105,377,GREY,g,0,113,356,TOM,g,2,116,377,YOUNG,b,0,120,358,TIM,b,0,112,364,ARL,s,2,122,374,SANDY,s,0,651234,5572
123,361,CLIVE,g,0,119,379,JENNY,s,0,117,352,PETER,b,0,103,366,ARL,g,2,120,365,LY,s,0,121,358,SAMMY,b,0,152436,5573
103,368,GEORGE,g,0,121,350,PAU,g,0,122,358,PETER,s,0,103,351,NANCY,g,0,111,367,ANDY,b,0,120,378,TERRY,g,2,321654,5574
121,352,SARA,b,0,106,351,LIA,s,0,107,369,RICA,s,0,107,360,ARL,g,0,119,368,SANDY,g,0,118,369,JU,p,0,653241,5575
122,359,MIKE,b,0,112,351,LE,g,0,112,375,EDWARD,p,0,111,375,JOHN,p,0,111,369,PAULA,p,0,117,352,DARIO,s,0,632451,5576
120,373,SAMMY,b,0,117,375,EDWARD,s,2,117,350,JAMES,p,2,115,353,SANDY,p,0,119,371,KNIGHT,s,0,112,373,RICA,b,0,453126,5577
121,357,PETER,s,0,102,376,MARIE,g,0,122,355,NANCY,g,0,119,368,YOUNG,p,0,110,379,ROBER,b,0,111,363,GEORGE,g,2,534612,5578
118,364,YOUNG,s,0,108,376,PETER,s,0,107,360,GARY,g,0,119,377,SAM,s,0,118,350,MIKE,b,0,109,377,GEORGE,g,0,416235,5579
115,378,JAMES,s,2,110,377,KNIGHT,g,0,112,372,GEORGE,g,2,123,362,AIMEE,s,0,106,352,EDWARD,g,0,108,368,ARL,p,0,153462,5580
116,355,KNIGHT,p,0,116,371,MIKE,s,0,118,377,DAN,b,0,106,370,TIM,s,0,118,353,PAU,p,0,107,358,RUDY,s,0,425163,5581
114,369,ANDY,p,0,121,371,LIA,g,0,123,352,EDWARD,b,0,110,355,LY,s,0,105,354,DARIO,s,0,106,372,SANDY,b,2,214563,5582
115,353,AIMEE,p,2,106,372,YOUNG,s,0,103,357,GARY,s,2,114,364,SAM,b,2,117,356,ANDY,b,0,104,362,BLUES,g,0,136245,5583
112,360,SEAN,g,0,112,372,PETER,g,0,109,362,LIA,s,0,114,379,JOEL,b,0,105,364,PAU,g,0,120,353,JOHN,p,0,153624,5584
109,374,PAU,g,0,118,366,MARIE,s,0,114,374,ARL,p,0,118,357,RICA,b,0,117,365,GREY,g,2,118,373,GRAHAM,s,0,356124,5585
110,351,HARVEY,g,2,120,367,FOX,g,0,119,379,DARIO,p,2,122,372,LE,g,0,104,367,KNIGHT,p,0,117,357,ANDY,b,0,213456,5586
108,365,RUDY,g,0,105,367,SEAN,s,0,104,354,TOM,p,0,105,351,JU,g,0,116,368,RICA,s,0,116,377,SANDY,g,0,541326,5587
109,379,ANDY,b,0,110,368,GRAHAM,g,0,109,359,PETER,g,0,109,366,JOHN,g,0,104,369,TOM,b,0,115,368,JAMES,p,0,623514,5588
106,356,GARY,b,2,116,362,LE,s,0,114,364,TIM,g,0,113,374,SAM,p,0,116,371,ELEN,g,0,113,351,BLUES,s,0,253641,5589
107,370,TIM,b,0,122,362,LY,g,0,119,376,SARA,b,0,113,359,HARVEY,p,0,103,372,GRAHAM,p,0,108,372,ELEN,b,0,524316,5590
105,377,ROBER,s,0,107,363,GARY,s,0,104,351,PAU,b,0,117,368,GREY,p,0,111,350,JOEL,p,0,107,362,MIKE,g,0,654123,5591
122,361,TOM,s,2,108,364,SEAN,g,0,109,357,JAMES,s,0,121,353,GRAHAM,s,0,103,352,LY,s,0,106,376,TIM,g,0,514632,5592
103,374,BLUES,s,0,114,364,ANDY,s,0,111,362,PETER,s,0,104,361,EDWARD,s,2,111,353,JENNY,b,0,104,367,ARL,p,0,362415,5593
121,352,CLIVE,p,0,120,358,JU,g,0,116,367,AIMEE,p,0,108,376,BLUES,s,2,123,354,TERRY,g,0,103,357,DARIO,s,0,135246,5594
122,366,NANCY,p,0,105,359,PAULA,s,2,121,372,ROBIN,p,0,108,354,CLIVE,b,0,110,356,DARIO,p,0,122,371,ROBER,b,0,135246,5595
119,373,RUDY,p,0,111,359,EDWARD,g,0,106,354,SEAN,p,0,112,370,JENNY,b,0,122,357,GREY,s,0,121,361,AIMEE,g,0,516324,5596
120,357,ROBIN,g,0,116,360,ROBER,s,0,111,359,AIMEE,g,0,116,378,RICA,b,0,110,365,SAMMY,s,0,116,352,GARY,p,0,156234,5597
118,370,TIM,g,0,118,354,PETER,g,0,116,364,ANDY,g,0,120,363,JU,b,0,122,367,BLUES,b,2,115,365,PAU,s,0,132645,5598
115,378,GREY,g,0,103,354,NANCY,s,0,121,369,GEORGE,b,0,103,371,ANDY,g,0,109,368,JENNY,g,0,113,356,KNIGHT,b,0,125364,5599
116,361,BLUES,b,0,109,355,SAMMY,g,2,106,374,SANDY,b,0,103,357,DAN,g,0,121,369,PAU,p,2,112,376,DARIO,g,0,564231,5600
113,369,SAM,b,0,114,355,SANDY,s,0,111,356,NANCY,s,0,107,365,MIKE,g,0,109,371,RICA,s,0,111,360,BLUES,p,2,625341,5601
115,352,ROBIN,b,0,120,379,SANDY,g,0,112,361,GRAHAM,s,0,111,350,DAN,p,0,121,372,BLUES,b,0,109,351,MARIE,s,0,342651,5602
112,366,NANCY,s,0,105,350,FOX,s,0,118,366,RICA,s,0,115,358,PETER,p,0,108,374,PAULA,g,0,108,371,ARL,b,0,531426,5603
113,374,LIA,s,0,107,350,ELEN,g,0,123,371,SANDY,p,0,119,374,YOUNG,p,2,116,352,MARIE,g,0,103,355,JOEL,g,0,354126,5604
110,357,SANDY,s,0,113,351,ELEN,s,2,107,376,HARVEY,p,0,119,352,YOUNG,s,0,108,353,NANCY,p,0,122,375,GARY,g,2,564132,5605
108,365,SAM,p,0,118,375,ROBIN,g,0,113,358,KNIGHT,g,2,123,367,SEAN,s,0,116,355,RICA,s,0,121,366,SARA,p,0,462153,5606
109,378,SAMMY,p,0,103,375,JOEL,s,0,118,363,JOHN,g,0,106,375,TIM,s,0,107,356,PAU,b,0,120,356,TERRY,s,0,631425,5607
106,362,ROBIN,p,0,109,376,RICA,g,0,103,369,GARY,b,0,110,361,CLIVE,b,0,115,357,FOX,g,0,118,370,KNIGHT,b,0,152346,5608
107,369,KNIGHT,p,0,115,377,EDWARD,s,0,108,374,PETER,b,2,114,369,GARY,b,0,107,359,TERRY,p,0,117,360,JAMES,g,2,512634,5609
104,353,JOEL,g,0,117,370,BLUES,g,2,113,379,JU,b,0,118,354,RICA,b,0,115,367,JOHN,p,0,112,351,MARIE,p,0,625143,5610
106,360,ELEN,g,0,122,371,ANDY,s,0,118,361,PAULA,s,0,118,362,FOX,g,0,106,368,GREY,s,0,111,365,SAMMY,s,0,132546,5611
103,374,SANDY,g,0,107,372,MARIE,g,0,119,366,LE,s,2,122,377,NANCY,g,0,114,370,PAU,b,0,109,355,SAM,b,0,321456,5612
121,358,HARVEY,b,0,113,372,BLUES,s,0,104,371,ROBER,p,0,105,356,GEORGE,g,0,106,371,SAM,g,2,108,376,TIM,g,2,523461,5613
122,365,NANCY,b,2,119,373,SEAN,g,0,109,376,RICA,p,0,109,371,TERRY,p,2,114,372,SAM,p,0,107,359,RUDY,p,0,245361,5614
119,379,ELEN,b,0,104,367,YOUNG,s,0,115,351,ROBIN,g,2,113,379,SARA,p,0,122,374,ROBER,s,0,106,350,AIMEE,s,0,453261,5615
120,356,JAMES,s,0,106,367,BLUES,g,0,120,356,PETER,g,0,113,364,TERRY,p,0,113,375,JENNY,s,0,104,370,YOUNG,b,0,513246,5616
118,370,HARVEY,s,2,111,368,LY,s,0,104,368,RUDY,g,0,117,373,SAMMY,p,0,122,353,AIMEE,b,0,120,354,SANDY,g,0,542163,5617
115,354,JENNY,s,0,117,368,LY,g,0,110,373,LE,b,0,120,358,BLUES,s,0,113,355,JOHN,g,0,119,374,RICA,p,0,564123,5618
116,361,ARL,p,0,123,362,JOHN,s,0,115,378,EDWARD,b,0,104,366,SAM,s,0,121,356,RICA,p,0,117,365,SARA,p,0,215643,5619
113,375,LE,p,2,108,363,GARY,g,0,120,353,RUDY,s,0,108,351,LY,s,0,112,357,JOHN,s,0,116,379,JU,s,0,136542,5620
114,352,CLIVE,p,0,113,363,SAM,s,0,105,358,JAMES,s,0,108,360,LY,b,0,120,359,GARY,b,0,115,369,GRAHAM,b,0,132456,5621
112,366,KNIGHT,g,0,115,364,GRAHAM,g,0,106,370,JAMES,p,0,112,375,TOM,b,0,112,360,ELEN,b,0,113,360,LY,g,0,621345,5622
113,350,YOUNG,g,2,121,358,LIA,s,2,111,375,JENNY,p,0,116,353,SARA,b,0,120,368,DAN,g,0,108,373,MARIE,p,0,562134,5623
110,357,PETER,g,0,106,358,RICA,g,0,116,351,BLUES,g,0,119,368,JAMES,g,2,111,370,LY,p,0,107,364,JU,s,0,514362,5624
107,371,GARY,b,0,112,359,TERRY,s,0,122,356,HARVEY,g,0,103,377,SANDY,g,2,119,371,SARA,s,0,106,354,AIMEE,b,0,453261,5625
109,355,TOM,b,2,117,360,RUDY,g,0,106,361,SARA,g,0,107,362,MIKE,g,0,107,372,SANDY,b,2,104,368,GEORGE,g,0,234615,5626
106,362,JOHN,b,0,123,353,LIA,s,0,111,373,CLIVE,b,0,107,370,DARIO,p,0,119,374,PETER,g,0,103,358,SAMMY,p,0,526341,5627
107,376,GEORGE,b,0,104,354,DARIO,g,2,117,378,PAULA,b,0,111,355,SAMMY,p,0,106,375,SARA,g,2,122,379,NANCY,s,0,564231,5628
104,353,ROBER,s,0,110,355,SAM,s,0,122,353,CLIVE,s,0,115,364,GARY,p,0,118,353,FOX,p,0,121,369,MIKE,b,0,345216,5629
105,367,HARVEY,s,0,116,355,LY,g,0,107,358,GEORGE,s,0,118,379,PETER,s,0,106,355,KNIGHT,s,0,116,353,TERRY,g,0,256413,5630
103,351,PAU,s,0,121,379,JOEL,s,0,112,363,JENNY,p,0,122,357,CLIVE,s,0,118,356,SANDY,b,0,115,374,SEAN,p,0,534216,5631
120,358,TOM,p,0,106,350,FOX,g,0,113,375,JAMES,p,0,122,372,DAN,s,0,105,357,EDWARD,g,0,113,364,LIA,p,2,631452,5632
122,372,DAN,p,0,112,350,NANCY,s,2,118,350,ROBER,p,0,106,351,GARY,s,0,117,359,KNIGHT,p,0,112,378,SARA,s,0,352614,5633
119,379,CLIVE,p,0,114,351,NANCY,g,0,103,355,JOEL,g,0,110,366,YOUNG,b,0,105,360,ARL,p,0,111,368,GRAHAM,b,0,531246,5634
120,363,PETER,g,0,119,351,JOEL,s,0,108,360,TERRY,g,2,114,374,LIA,b,2,117,361,SAMMY,s,0,110,359,TOM,g,0,125634,5635
117,377,NANCY,g,0,105,375,RICA,g,0,113,365,MIKE,b,0,117,359,TIM,b,0,104,370,TOM,b,0,108,372,SEAN,p,2,614523,5636
118,354,BLUES,g,0,110,376,DARIO,s,0,119,377,LIA,b,0,118,368,JOEL,g,0,116,371,HARVEY,g,0,103,363,TIM,s,0,514623,5637
116,368,PAULA,b,0,116,376,LE,g,2,103,352,FOX,s,2,121,353,DARIO,g,0,104,372,JAMES,p,0,122,353,ELEN,b,0,542316,5638
113,375,DAN,b,0,122,377,MIKE,s,0,108,357,SAMMY,s,0,105,361,YOUNG,g,0,112,374,SANDY,s,2,121,367,HARVEY,g,0,625341,5639
114,359,SAM,b,0,107,371,LIA,g,0,114,362,PAULA,s,0,109,376,LE,p,0,103,375,PETER,s,0,120,358,SARA,p,2,634251,5640
111,373,CLIVE,s,0,108,371,MIKE,s,0,119,368,ARL,p,2,113,355,PAU,p,0,112,376,ANDY,b,2,119,378,LY,s,0,361425,5641
113,350,JAMES,s,0,114,372,ROBIN,g,0,120,373,SAM,p,0,116,370,HARVEY,p,0,103,355,LY,g,0,117,362,KNIGHT,b,0,324156,5642
110,364,ROBIN,s,0,120,373,HARVEY,s,0,105,355,DARIO,g,0,117,378,GEORGE,s,0,111,356,SAMMY,p,0,112,352,JAMES,g,0,516423,5643
111,371,MIKE,p,0,105,366,GREY,g,0,110,360,SANDY,g,2,120,363,YOUNG,s,0,102,357,GARY,s,0,111,373,JU,p,2,154632,5644
108,355,LE,p,0,111,367,PAU,s,0,115,365,GREY,b,0,104,372,DARIO,s,2,111,359,CLIVE,b,0,110,356,JENNY,p,0,214365,5645
106,369,PAU,p,0,116,368,SANDY,g,0,120,370,TOM,b,0,108,357,AIMEE,b,0,123,360,JOHN,b,0,108,377,GRAHAM,s,0,261345,5646
107,376,JAMES,p,0,118,368,JENNY,s,0,105,375,YOUNG,b,0,112,365,HARVEY,b,0,110,362,SEAN,g,0,107,367,ARL,b,0,251643,5647
104,360,ARL,g,2,103,362,DARIO,g,0,110,357,TERRY,s,0,112,350,PETER,b,0,122,363,BLUES,p,0,106,351,MARIE,g,0,315642,5648
105,367,PAU,g,0,109,363,MIKE,s,0,115,362,SEAN,s,0,115,359,JENNY,b,0,110,371,SANDY,s,0,104,372,DARIO,p,0,521364,5649
123,351,GREY,g,0,114,363,ANDY,g,0,121,367,JOEL,p,0,119,374,TIM,g,0,118,372,NANCY,b,0,120,362,MARIE,s,0,364152,5650
104,365,ELEN,b,2,120,364,RICA,s,0,105,372,SAM,p,0,103,352,LY,g,0,109,374,NANCY,g,0,119,353,SEAN,b,0,521346,5651
121,372,DARIO,b,0,105,358,TIM,g,0,107,377,LIA,g,0,107,367,ROBER,g,0,117,375,JAMES,p,0,117,366,ARL,g,0,263541,5652
119,356,LE,b,0,107,358,GREY,s,0,112,359,KNIGHT,g,0,107,375,JOHN,p,0,109,377,GARY,p,0,116,357,BLUES,p,0,645213,5653
120,363,EDWARD,s,2,113,359,PETER,g,0,117,364,RUDY,b,0,111,361,LY,p,0,117,378,RICA,s,2,115,377,PAULA,s,0,524613,5654
117,377,TOM,s,0,118,360,LIA,s,0,122,369,GARY,b,0,114,369,PAULA,p,2,108,356,ROBIN,b,0,113,361,LE,b,0,124563,5655
118,361,DAN,s,0,103,360,JAMES,g,2,107,374,KNIGHT,b,0,118,354,GRAHAM,s,0,116,357,TOM,g,0,112,351,SARA,g,0,152643,5656
116,368,GARY,p,2,109,354,MARIE,s,0,112,350,JOHN,s,0,122,362,ARL,s,0,108,359,SAM,p,0,107,372,DAN,p,0,453162,5657
113,352,AIMEE,p,0,115,355,SANDY,g,0,117,361,EDWARD,s,0,106,378,GARY,s,0,116,360,GRAHAM,s,0,106,356,ANDY,s,0,531264,5658
114,359,NANCY,p,0,117,355,LE,s,0,123,367,RUDY,p,0,106,356,LIA,b,0,107,362,MARIE,s,0,104,376,MIKE,s,0,231564,5659
111,373,TERRY,g,2,122,356,JOEL,g,0,107,372,KNIGHT,p,0,110,371,LE,b,0,115,363,PAULA,b,0,103,367,NANCY,b,0,123546,5660
112,357,LY,g,0,107,350,BLUES,s,2,112,377,NANCY,g,0,113,379,GEORGE,b,0,103,364,ROBIN,g,0,122,350,LIA,g,0,356412,5661
110,364,BLUES,g,0,113,350,PETER,g,0,114,352,DARIO,g,0,117,365,YOUNG,g,0,115,372,RICA,p,0,121,371,JAMES,p,0,563241,5662
111,378,ELEN,b,0,119,351,BLUES,s,0,119,357,AIMEE,g,0,121,373,RICA,g,0,123,374,ARL,s,0,116,361,CLIVE,s,2,643251,5663
108,355,BLUES,b,0,104,351,TERRY,g,0,104,369,HARVEY,b,2,121,358,RUDY,g,0,114,375,JOHN,b,0,115,375,YOUNG,b,0,245613,5664
105,369,RICA,b,0,106,375,MARIE,s,0,109,374,LE,b,0,105,366,CLIVE,g,2,122,377,JU,b,0,113,365,EDWARD,g,0,465231,5665
107,353,LY,b,0,111,376,GREY,g,2,114,379,ARL,s,0,109,352,PAU,p,2,114,378,LE,g,0,112,356,JOHN,p,0,653421,5666
104,360,GARY,s,0,117,376,NANCY,s,0,119,354,PETER,s,2,112,360,BLUES,p,0,122,379,ROBIN,p,2,111,370,JENNY,s,2,536241,5667
105,374,PAULA,s,0,123,377,TIM,g,0,104,359,DARIO,p,0,116,375,MARIE,p,0,113,358,SARA,s,0,110,360,ANDY,b,0,254163,5668
123,351,RUDY,s,0,108,371,MIKE,s,0,109,371,JOEL,p,0,116,353,JOHN,s,0,121,359,ROBER,b,2,108,351,TIM,g,0,634125,5669
103,365,ROBER,p,0,113,371,SAM,g,0,114,376,ARL,p,2,120,368,GARY,s,0,113,360,TERRY,g,0,103,371,DARIO,p,0,543612,5670
121,379,PAU,p,0,115,372,RUDY,s,0,116,351,TOM,g,0,104,377,JOEL,s,0,121,362,NANCY,g,0,122,355,DARIO,s,2,153642,5671
119,356,JENNY,p,0,121,373,ROBER,g,0,121,356,TIM,g,0,108,362,RICA,b,0,112,363,LY,p,0,121,375,GREY,s,0,126354,5672
120,370,JOEL,g,0,106,366,GRAHAM,s,0,105,362,LIA,b,2,111,370,MIKE,b,0,120,364,BLUES,s,0,120,366,GARY,b,0,156243,5673
117,377,HARVEY,g,0,112,367,RUDY,g,0,111,373,GEORGE,b,0,115,355,RICA,b,0,108,366,PAU,b,0,119,379,CLIVE,g,0,261534,5674
118,361,HARVEY,g,0,117,368,SAMMY,s,0,116,379,JAMES,s,0,115,364,RUDY,g,0,120,374,GEORGE,g,0,117,370,FOX,p,2,413652,5675
115,375,JAMES,b,0,123,368,EDWARD,g,0,121,354,SAMMY,s,0,119,379,DAN,g,2,107,375,JENNY,p,0,112,360,JOHN,s,0,234561,5676
117,352,SEAN,b,0,104,369,HARVEY,s,0,106,359,ROBIN,s,0,103,357,GRAHAM,g,0,119,377,TIM,p,0,111,374,JAMES,b,0,532461,5677
114,366,MIKE,b,0,110,363,JU,g,0,111,364,DAN,p,0,107,372,TOM,p,0,107,378,ELEN,s,0,110,364,KNIGHT,g,0,534261,5678
111,373,KNIGHT,s,0,115,363,PETER,s,0,116,376,GRAHAM,p,0,110,351,JOEL,p,0,119,379,SAMMY,b,0,108,355,TIM,p,0,634125,5679
112,357,PETER,s,0,121,364,ANDY,b,0,121,351,JU,g,0,111,366,ROBIN,p,0,106,351,JENNY,g,2,107,369,RUDY,s,0,435612,5680
109,371,LE,s,0,106,364,JENNY,p,0,123,356,JOHN,g,0,114,374,FOX,s,0,118,359,JOEL,p,0,106,359,DAN,b,0,531246,5681
111,378,DARIO,p,2,112,358,PETER,b,0,107,361,GREY,b,0,118,359,ANDY,s,0,106,360,ROBIN,s,2,105,350,RUDY,g,0,546123,5682
108,362,RUDY,p,0,114,359,JENNY,p,0,113,366,DAN,b,0,122,368,MIKE,s,0,118,362,CLIVE,s,0,120,363,HARVEY,p,0,521643,5683
109,369,BLUES,p,0,119,359,GARY,b,2,118,371,RUDY,s,0,106,353,JU,s,0,105,363,LE,b,0,119,354,AIMEE,s,0,634125,5684
106,353,SAM,p,2,104,360,RICA,p,0,123,353,KNIGHT,s,0,106,361,TOM,b,0,113,364,DAN,g,0,117,374,ARL,b,0,632145,5685
104,367,GRAHAM,g,0,110,354,TERRY,b,0,108,358,ARL,s,0,109,376,NANCY,b,2,105,366,SEAN,p,0,116,358,PAU,b,0,135624,5686
105,374,JOEL,g,0,116,354,DAN,p,0,113,363,DARIO,p,0,113,355,HARVEY,b,0,113,374,ELEN,s,0,115,378,GRAHAM,g,0,432156,5687
123,358,TERRY,g,2,121,355,RUDY,b,0,118,368,LIA,p,0,117,370,MIKE,g,0,104,375,GRAHAM,b,0,114,369,SANDY,p,0,634152,5688
103,365,JENNY,b,0,103,356,SAMMY,p,2,103,374,RICA,g,0,121,378,LY,g,0,112,377,SEAN,b,0,112,353,PETER,s,0,346251,5689
121,379,ROBER,b,0,108,379,JOEL,b,0,108,355,TERRY,g,0,105,363,JOHN,g,0,104,378,JAMES,g,0,107,373,EDWARD,b,0,534621,5690
118,363,ARL,b,2,114,350,FOX,p,0,109,361,JU,b,0,105,372,PAU,p,0,112,379,TIM,p,0,106,364,AIMEE,g,0,564321,5691
119,370,MARIE,s,0,120,351,HARVEY,b,0,114,366,RUDY,b,0,108,357,ROBER,p,0,103,351,JOEL,s,0,105,354,EDWARD,p,0,146532,5692
117,354,SEAN,s,0,105,351,JOHN,p,0,120,371,GRAHAM,b,2,112,365,PAULA,p,0,111,352,LE,b,0,103,368,LIA,s,0,143265,5693
118,361,FOX,s,2,110,375,GREY,b,2,104,376,BLUES,s,0,116,350,KNIGHT,s,0,103,360,MARIE,g,0,123,358,DAN,b,2,135426,5694
115,375,TIM,p,0,112,376,PAU,p,0,109,358,LY,s,0,120,359,SARA,s,0,111,362,MIKE,g,2,121,379,JU,g,0,216453,5695
116,359,ARL,p,0,118,376,KNIGHT,b,0,115,363,RICA,p,2,120,374,AIMEE,s,2,119,363,RUDY,p,0,116,362,LIA,p,0,516432,5696
114,366,JU,p,0,103,377,PETER,p,0,120,368,BLUES,p,0,104,352,CLIVE,b,2,110,364,LE,s,2,115,353,DARIO,s,0,321564,5697
111,350,LY,g,0,109,377,LE,b,0,105,373,TERRY,g,0,107,367,JOEL,b,0,118,366,NANCY,b,0,114,373,GREY,b,2,136254,5698
112,357,JENNY,g,0,114,371,SAMMY,p,2,110,378,CLIVE,g,2,111,376,ROBER,b,0,110,367,BLUES,g,0,112,357,YOUNG,b,0,231456,5699
109,371,SARA,g,0,120,372,SAMMY,b,0,115,360,JAMES,g,0,115,361,TOM,b,0,118,375,SANDY,p,0,111,378,LIA,g,0,351642,5700
110,355,JOHN,b,0,122,372,KNIGHT,p,0,116,365,AIMEE,b,0,115,369,ARL,g,0,109,377,RICA,p,0,110,368,BLUES,p,0,462513,5701
108,362,ROBER,b,0,107,373,SAM,b,0,121,370,KNIGHT,b,2,119,354,GRAHAM,g,0,117,378,GEORGE,s,0,108,352,JENNY,s,2,345621,5702
109,376,DARIO,b,0,113,367,JOHN,p,0,106,375,TIM,s,0,103,363,ARL,g,0,109,379,NANCY,b,0,103,372,RICA,b,0,234561,5703
106,353,PAULA,b,0,118,367,GRAHAM,b,0,111,350,NANCY,s,0,106,378,YOUNG,p,0,117,351,JOEL,g,0,123,363,GEORGE,g,0,564312,5704
103,367,SEAN,s,0,103,368,TERRY,p,0,117,356,PAULA,p,0,110,356,JAMES,p,0,108,352,MIKE,p,0,121,376,SANDY,p,0,165423,5705
105,351,MARIE,s,0,109,369,LY,b,0,122,367,DARIO,p,0,110,371,ROBER,p,0,116,354,ANDY,s,0,120,367,JOEL,s,2,145632,5706
122,358,ANDY,s,0,111,362,TOM,p,0,106,373,PAULA,p,0,114,350,ROBER,s,2,108,362,GEORGE,b,0,119,357,YOUNG,b,0,143265,5707
103,372,ROBER,p,0,116,363,JU,b,0,112,378,HARVEY,g,0,118,365,CLIVE,s,0,116,363,ARL,b,2,117,371,YOUNG,g,0,436152,5708
121,379,PETER,p,0,122,364,GRAHAM,p,0,117,353,TERRY,g,0,122,373,TOM,s,0,103,365,CLIVE,g,0,116,362,ROBIN,p,0,145236,5709
122,363,GRAHAM,p,0,107,364,JAMES,b,0,122,358,YOUNG,b,0,105,358,LE,b,0,115,366,LY,p,2,111,352,RUDY,s,0,165432,5710
119,376,PAULA,g,0,113,358,MARIE,p,0,103,370,JENNY,b,0,109,366,EDWARD,b,0,103,367,GRAHAM,s,0,110,366,AIMEE,b,0,125346,5711
117,354,DAN,g,0,119,359,LY,b,2,108,375,JOEL,s,0,109,352,ELEN,b,0,115,369,YOUNG,b,0,108,356,SAMMY,b,0,134652,5712
118,368,SAM,g,0,120,359,BLUES,p,0,113,350,RUDY,s,0,113,360,TERRY,g,0,123,377,MARIE,g,0,107,377,KNIGHT,g,0,152346,5713
115,375,NANCY,b,0,105,360,ROBIN,b,0,118,355,HARVEY,p,0,117,375,EDWARD,g,0,114,378,JENNY,g,0,106,367,JOHN,p,0,563421,5714
116,359,SARA,b,0,111,354,DAN,p,0,103,360,SEAN,p,0,121,353,ANDY,g,0,122,350,GRAHAM,p,0,105,351,CLIVE,s,0,534621,5715
113,372,GARY,b,2,117,354,DAN,b,0,108,372,LY,p,0,104,369,BLUES,g,0,114,351,PAU,s,0,120,371,SAMMY,b,0,453216,5716
115,350,SEAN,s,0,122,355,LY,p,2,113,377,JENNY,g,0,104,377,DARIO,p,2,122,352,BLUES,b,0,119,362,SARA,g,0,321456,5717
112,363,CLIVE,s,0,108,355,EDWARD,b,0,119,352,PAULA,g,0,108,362,SAM,p,0,113,354,PETER,g,0,117,376,MARIE,p,0,365412,5718
109,371,MARIE,s,2,109,356,AIMEE,p,0,103,357,ARL,b,0,112,370,NANCY,p,0,121,355,BLUES,p,0,116,366,GARY,s,0,652143,5719
110,354,YOUNG,p,0,115,350,SARA,b,0,109,362,MARIE,b,0,116,356,HARVEY,s,0,109,363,RICA,p,0,115,357,SEAN,b,0,145263,5720
108,368,PAULA,p,0,121,350,NANCY,p,0,110,374,ROBER,s,0,120,364,ARL,s,0,121,365,KNIGHT,s,0,114,370,CLIVE,g,0,456321,5721
109,376,JAMES,p,2,106,351,EDWARD,b,2,115,379,RICA,s,0,120,379,YOUNG,s,0,108,366,JENNY,b,0,112,361,SANDY,p,0,431652,5722
106,359,ARL,g,0,111,352,BLUES,p,0,120,355,CLIVE,s,0,103,357,YOUNG,b,0,120,367,LIA,g,2,107,351,ROBER,s,0,562314,5723
103,373,EDWARD,g,0,117,375,SAMMY,b,0,105,360,JOEL,p,0,107,373,ELEN,b,0,108,369,TOM,p,0,106,365,NANCY,b,0,153426,5724
104,350,HARVEY,g,2,119,376,JAMES,p,0,110,365,LY,p,2,111,351,YOUNG,b,0,120,370,SAM,s,0,105,355,PETER,g,2,621354,5725
122,364,PAU,g,0,104,377,FOX,b,0,115,370,EDWARD,g,0,115,366,SAMMY,g,0,107,378,GEORGE,s,0,103,376,TIM,g,0,134562,5726
103,371,ELEN,b,0,110,377,FOX,p,2,121,352,SAMMY,g,0,119,374,JOHN,g,2,119,350,EDWARD,b,0,123,360,KNIGHT,p,0,346251,5727
121,355,GREY,b,0,115,371,ELEN,b,0,105,357,JU,b,2,119,359,ROBIN,g,2,107,351,PAULA,g,0,121,350,DAN,s,0,645123,5728
122,369,LIA,b,0,121,372,EDWARD,p,0,110,362,ELEN,b,0,102,368,GRAHAM,p,0,119,352,MARIE,p,0,116,371,ROBER,b,2,524613,5729
119,376,TIM,s,0,106,372,KNIGHT,b,0,116,367,CLIVE,b,0,106,353,RUDY,p,0,106,354,HARVEY,s,0,115,354,SAM,g,0,416532,5730
116,360,BLUES,s,0,108,373,LE,p,0,117,372,GARY,s,2,110,361,JU,p,0,115,355,PETER,b,0,114,375,LY,p,0,361425,5731
117,367,GEORGE,s,0,114,367,FOX,b,0,122,354,LIA,s,0,114,376,GARY,s,0,106,356,SAM,b,0,112,365,GREY,s,0,143625,5732
115,351,SARA,p,0,119,367,RICA,p,0,107,359,PAU,p,0,114,355,JENNY,s,0,114,365,LE,g,0,111,356,RUDY,b,2,154236,5733
116,365,DAN,p,0,104,368,JOEL,b,0,112,364,EDWARD,p,0,118,370,AIMEE,s,0,105,366,KNIGHT,p,0,110,369,PETER,g,0,146532,5734
113,372,GARY,p,0,110,368,PAULA,p,0,117,369,LY,g,0,122,378,FOX,s,0,114,367,TOM,s,0,109,360,JAMES,p,0,345612,5735
114,356,YOUNG,g,0,116,362,MIKE,b,0,122,374,ANDY,g,0,105,363,DAN,b,0,105,369,DARIO,b,2,103,350,TOM,s,0,136425,5736
112,363,GRAHAM,g,0,117,363,SEAN,p,0,107,356,TOM,g,0,109,372,TERRY,b,0,113,370,GREY,g,0,123,364,RUDY,b,2,132546,5737
109,377,TIM,g,0,103,363,EDWARD,b,0,112,361,CLIVE,b,0,109,357,SEAN,b,2,104,371,LY,g,2,121,355,ROBIN,g,0,612453,5738
110,361,JAMES,b,0,108,364,JENNY,p,0,117,366,DAN,b,0,113,365,KNIGHT,g,0,113,350,JOHN,p,0,120,375,AIMEE,g,0,465231,5739
107,368,GRAHAM,b,0,114,365,PETER,b,0,119,372,HARVEY,s,0,117,350,ROBIN,g,0,104,351,RICA,s,0,119,359,RUDY,p,0,436512,5740
108,352,TERRY,b,0,120,358,FOX,p,0,103,377,PETER,s,0,121,359,PAU,g,0,112,352,DARIO,b,0,118,379,TOM,s,0,624315,5741
106,359,JAMES,s,0,105,359,SARA,b,0,109,359,TERRY,p,0,104,374,DARIO,p,0,103,354,LY,g,0,116,370,YOUNG,b,0,615342,5742
107,373,GEORGE,s,0,110,360,GRAHAM,p,0,114,364,JU,p,0,108,352,EDWARD,p,0,112,355,ROBER,p,0,111,353,JAMES,g,0,245361,5743
104,357,MIKE,s,0,112,360,ROBER,b,0,119,369,PETER,g,0,108,367,KNIGHT,p,0,120,357,FOX,p,0,110,374,SEAN,p,0,154362,5744
122,364,GARY,s,0,118,354,MARIE,p,2,104,374,GREY,g,0,112,352,GRAHAM,s,0,111,365,PAULA,s,0,109,364,JOHN,s,0,132654,5745
103,378,SAMMY,p,0,103,355,LIA,b,0,109,379,JOHN,g,0,116,361,RUDY,s,0,119,366,JOEL,b,0,107,378,BLUES,b,0,341526,5746
120,355,JOEL,p,0,109,355,LIA,p,0,114,354,AIMEE,b,0,120,376,LE,s,0,111,367,PETER,g,0,106,369,ROBIN,g,0,412653,5747
122,369,LY,p,0,114,356,SAM,b,0,119,366,GRAHAM,b,0,103,354,YOUNG,b,2,119,369,ROBER,p,0,105,359,HARVEY,p,0,135462,5748
119,353,ELEN,g,0,120,350,PETER,p,0,104,371,JOEL,s,0,103,369,LY,b,0,110,370,CLIVE,s,2,120,373,KNIGHT,s,0,612354,5749
120,360,JAMES,g,2,122,350,MIKE,b,2,105,376,YOUNG,s,0,107,378,SAMMY,b,0,118,372,EDWARD,s,0,119,363,RICA,b,0,315264,5750
117,374,KNIGHT,g,0,107,351,SANDY,p,0,111,351,SEAN,p,0,111,363,NANCY,b,0,109,373,YOUNG,b,2,118,354,DAN,g,0,163254,5751
115,351,NANCY,b,0,112,351,ROBER,b,0,116,356,ROBIN,p,0,115,371,KNIGHT,g,0,118,351,TERRY,g,0,116,367,SAM,g,0,635412,5752
116,365,YOUNG,b,2,118,375,GREY,p,0,121,368,HARVEY,p,0,119,356,SARA,g,0,109,352,LE,p,0,115,358,GEORGE,p,0,423561,5753
113,379,PETER,b,0,103,376,NANCY,b,0,106,373,MARIE,g,2,119,365,GEORGE,g,0,117,354,LE,s,0,114,378,LY,s,0,534612,5754
114,356,GRAHAM,s,0,109,376,CLIVE,p,2,111,378,DAN,g,0,123,350,SANDY,p,0,105,355,MIKE,b,0,112,369,TIM,b,0,612345,5755
111,370,SAM,s,2,111,377,GEORGE,b,0,116,354,NANCY,b,0,106,358,CLIVE,p,0,117,357,GRAHAM,g,0,107,353,SAMMY,g,2,164532,5756
109,377,GREY,s,0,116,371,AIMEE,p,0,121,359,GEORGE,b,2,110,373,DARIO,p,0,104,358,MARIE,g,0,106,373,PETER,p,0,125463,5757
110,361,ROBER,p,0,122,371,LE,b,0,106,371,JENNY,s,0,114,352,FOX,s,2,116,366,NANCY,p,0,105,363,TERRY,s,0,164352,5758
107,375,JU,p,2,107,372,ARL,p,0,111,376,GARY,s,0,118,367,GRAHAM,s,2,104,367,YOUNG,s,0,103,377,PAU,b,0,251436,5759
108,352,TOM,p,0,113,373,EDWARD,b,0,112,351,RICA,s,2,118,375,DAN,s,0,116,369,PAULA,b,0,123,368,PAU,g,2,613452,5760
106,366,ANDY,g,0,118,373,SARA,p,0,118,356,JAMES,p,0,122,360,JENNY,b,0,103,370,CLIVE,g,0,121,358,GEORGE,p,0,615324,5761
107,373,MIKE,g,0,120,367,AIMEE,b,0,123,361,EDWARD,p,0,105,369,GEORGE,b,0,115,372,JOEL,p,0,120,372,ARL,s,0,263154,5762
104,357,GRAHAM,g,0,105,368,GREY,p,0,107,373,JAMES,g,0,109,354,BLUES,b,0,103,373,JOHN,p,0,115,362,DAN,b,0,321456,5763
122,371,RUDY,g,0,111,368,GRAHAM,b,0,113,378,HARVEY,g,0,113,362,EDWARD,g,0,115,374,PETER,s,2,114,353,GARY,g,2,613452,5764
123,378,TERRY,b,0,117,369,JOEL,p,0,118,353,HARVEY,b,0,113,377,GARY,g,0,123,352,GREY,b,0,112,367,MIKE,p,0,624135,5765
120,362,AIMEE,b,0,122,363,LE,b,0,102,358,PAU,b,0,117,356,GRAHAM,g,0,110,354,FOX,g,0,111,357,NANCY,p,0,465132,5766
121,369,ROBIN,b,0,107,363,SANDY,p,0,108,363,LE,b,0,121,371,SEAN,g,0,122,355,JOHN,p,0,110,377,SARA,s,0,452613,5767
119,353,KNIGHT,s,0,109,364,RICA,b,0,113,368,GREY,s,0,104,379,LY,p,0,110,357,ANDY,s,0,109,361,HARVEY,b,2,315426,5768
120,367,DARIO,s,0,115,364,CLIVE,p,0,118,350,PETER,s,0,108,364,SAMMY,p,2,122,358,EDWARD,s,0,103,352,ARL,g,0,135642,5769
117,374,NANCY,s,0,121,358,SANDY,b,0,119,355,TIM,p,0,108,373,JOHN,p,0,109,359,ELEN,b,0,123,372,JU,p,0,436152,5770
114,358,RICA,p,0,106,359,KNIGHT,p,0,104,360,JOHN,p,0,112,358,TIM,s,0,121,368,LY,g,0,121,356,ARL,s,0,614235,5771
116,365,JOHN,p,0,111,359,ANDY,b,0,109,366,ROBIN,g,0,116,366,SEAN,s,0,109,369,FOX,p,0,120,376,GRAHAM,b,0,145362,5772
113,379,PETER,p,0,117,360,RICA,p,2,115,371,JU,g,0,120,351,FOX,s,0,121,370,JOHN,s,0,119,367,LE,g,0,135642,5773
114,363,SAMMY,g,0,119,354,MARIE,b,0,120,353,RICA,g,0,103,360,AIMEE,b,0,108,372,JAMES,b,0,118,350,HARVEY,p,0,361542,5774
111,370,DARIO,g,0,104,354,JENNY,p,0,104,358,NANCY,b,0,107,375,SAM,b,0,120,373,EDWARD,b,0,116,371,ANDY,s,0,621453,5775
112,354,GARY,g,0,110,355,EDWARD,b,0,110,363,GREY,b,0,107,353,RICA,b,0,108,374,PAU,g,0,111,361,TOM,b,0,156342,5776
110,361,SARA,b,0,115,356,BLUES,p,0,115,368,ELEN,s,0,111,368,JAMES,g,0,116,376,PAULA,p,2,110,352,GRAHAM,g,0,364251,5777
107,375,SAM,b,0,121,379,JENNY,b,2,120,373,SANDY,s,0,115,377,TOM,g,0,107,354,HARVEY,s,0,109,366,SEAN,p,0,346512,5778
108,359,PETER,b,0,106,350,SAM,p,0,105,355,LIA,p,0,119,362,JU,g,2,115,355,RUDY,b,2,107,356,LE,p,0,426351,5779
105,366,SANDY,s,0,108,351,TOM,b,0,106,360,ROBER,p,0,123,370,GRAHAM,p,0,107,357,PAU,g,0,106,377,NANCY,s,0,143652,5780
106,350,DARIO,s,0,113,351,SEAN,p,0,111,365,JU,g,0,123,355,MARIE,p,0,115,358,PAU,g,0,105,360,LIA,b,0,421635,5781
104,357,MIKE,s,0,119,352,JAMES,b,0,116,370,MARIE,g,0,106,363,TIM,p,0,106,359,FOX,p,0,103,351,LE,g,0,361452,5782
105,371,ROBER,s,0,104,376,YOUNG,p,2,122,375,PETER,g,2,110,379,DAN,p,0,114,361,PAU,s,0,119,371,LY,p,0,326541,5783
123,355,TOM,p,2,110,376,LE,b,0,106,357,BLUES,b,0,114,357,DAN,s,0,106,369,SAMMY,b,0,118,355,MARIE,s,0,142563,5784
120,362,JOEL,p,0,116,377,MIKE,p,0,111,362,SARA,b,0,118,372,YOUNG,s,0,114,370,BLUES,g,0,116,375,SAM,b,0,415263,5785
121,376,MIKE,p,0,117,378,GEORGE,b,0,117,367,GARY,s,2,118,350,MARIE,s,0,105,372,JAMES,p,0,115,366,NANCY,g,0,451362,5786
118,353,TOM,g,2,102,371,ROBIN,p,0,122,372,FOX,s,0,122,366,PAU,b,0,113,373,JU,p,0,114,350,RICA,p,2,356214,5787
120,367,EDWARD,g,0,108,372,SEAN,b,2,107,378,GEORGE,p,0,105,374,LE,b,0,105,374,SANDY,s,0,113,370,ARL,s,0,163524,5788
117,351,KNIGHT,g,0,114,373,ELEN,p,0,112,353,ARL,p,2,109,359,ROBER,b,2,113,376,JENNY,b,0,107,361,EDWARD,b,0,312645,5789
114,358,JOEL,b,2,119,373,YOUNG,b,0,113,365,SEAN,p,0,113,367,GEORGE,g,2,121,377,SAM,g,0,106,374,RICA,g,0,456312,5790
115,372,FOX,b,0,105,367,SANDY,p,0,118,370,RICA,g,0,113,353,GEORGE,g,0,112,355,LIA,p,0,105,365,DARIO,p,2,436521,5791
113,379,GRAHAM,b,0,106,368,SEAN,b,0,103,375,ELEN,g,0,117,361,LY,g,0,120,357,BLUES,s,2,103,355,TERRY,p,0,645312,5792
114,363,AIMEE,s,2,112,368,ARL,p,0,108,350,SANDY,b,0,121,376,PETER,p,0,112,358,KNIGHT,s,0,123,369,RUDY,s,0,641253,5793
111,377,LE,s,0,118,369,YOUNG,b,0,113,355,AIMEE,b,0,104,354,MARIE,p,0,120,359,PAU,b,0,122,359,JOHN,b,0,164235,5794
112,354,YOUNG,s,0,103,363,RUDY,p,0,119,367,DAN,s,0,108,370,RICA,p,0,111,361,GARY,g,0,120,350,MIKE,g,2,463125,5795
109,368,BLUES,p,0,108,363,GEORGE,b,0,103,372,LIA,s,0,112,378,ARL,s,0,119,362,AIMEE,p,0,115,370,KNIGHT,p,0,165432,5796
107,375,RUDY,p,0,114,364,PETER,p,0,108,377,DARIO,s,0,112,363,ROBIN,s,0,111,370,TERRY,s,0,114,354,JOEL,s,0,314562,5797
108,359,TIM,p,0,116,364,MARIE,b,0,114,352,GREY,p,0,116,371,JENNY,s,0,119,372,JAMES,b,0,113,375,ARL,b,0,431652,5798
105,373,KNIGHT,g,0,122,358,RICA,p,0,119,357,CLIVE,p,0,120,356,JOEL,b,0,110,373,SAM,b,0,111,365,GEORGE,g,2,326145,5799
106,350,FOX,g,0,107,359,AIMEE,b,0,120,369,KNIGHT,g,0,103,365,MARIE,b,2,118,374,GREY,g,0,110,379,GRAHAM,p,0,563142,5800
104,364,FOX,g,0,112,359,TERRY,p,2,105,374,JENNY,g,0,107,350,JAMES,b,0,106,376,SAM,p,0,109,369,SANDY,s,0,621354,5801
105,371,MIKE,g,0,118,360,LIA,b,0,110,379,MARIE,b,0,107,358,HARVEY,b,0,118,377,SARA,s,0,104,360,GARY,b,0,215346,5802
123,355,GEORGE,b,0,103,361,TOM,p,0,115,354,SAMMY,b,0,111,373,SANDY,g,0,105,355,JU,b,0,123,373,LIA,g,0,246153,5803
120,369,ANDY,b,0,105,354,HARVEY,b,0,120,360,PETER,b,0,115,352,SAM,g,0,117,357,KNIGHT,g,0,122,364,EDWARD,p,0,465312,5804
121,376,JAMES,b,0,111,355,BLUES,p,0,105,371,SEAN,s,0,119,367,HARVEY,g,0,105,358,GREY,p,2,120,354,GRAHAM,s,0,412635,5805
118,360,MARIE,s,0,116,356,SAMMY,b,2,110,377,MIKE,s,0,123,375,SARA,p,0,117,360,DARIO,p,0,119,368,NANCY,s,0,431256,5806
119,367,LIA,s,0,122,356,TERRY,p,0,115,352,LE,p,0,123,360,EDWARD,p,0,104,361,AIMEE,s,2,118,359,TOM,b,0,142635,5807
117,351,GARY,s,0,107,350,GRAHAM,b,0,121,357,RUDY,p,0,106,369,TIM,p,0,116,362,JOHN,b,0,116,379,JENNY,g,0,136425,5808
118,365,ANDY,p,0,113,351,SARA,p,0,105,362,GEORGE,g,0,110,354,TIM,s,0,104,364,ROBER,g,0,111,363,YOUNG,p,0,126453,5809
115,372,LIA,p,0,114,351,KNIGHT,b,0,107,367,JOHN,g,0,114,362,SEAN,s,2,116,372,ROBIN,p,0,110,353,LE,s,0,413562,5810
112,356,JOEL,p,0,120,352,FOX,p,2,112,379,RICA,b,0,118,377,ROBER,s,0,103,373,GRAHAM,s,0,109,374,GREY,b,0,642513,5811
114,363,GEORGE,g,0,105,376,AIMEE,b,0,117,354,SAM,b,2,122,356,SARA,b,0,111,375,GRAHAM,s,0,107,357,ARL,g,0,156432,5812
111,377,LIA,g,0,111,376,NANCY,p,0,122,359,ROBER,b,0,122,371,ARL,b,0,103,376,DARIO,b,0,106,378,GRAHAM,p,0,126534,5813
112,361,ELEN,g,0,117,377,JENNY,b,0,107,364,TIM,s,0,105,379,NANCY,b,0,111,377,TERRY,g,0,105,368,SAMMY,s,0,136425,5814
109,368,LIA,b,0,122,377,GEORGE,p,0,112,369,SARA,s,2,109,364,TOM,g,0,123,379,DARIO,p,0,104,352,DAN,b,0,254361,5815
110,352,GREY,b,0,103,371,DARIO,b,2,117,351,PETER,p,0,113,373,EDWARD,g,0,110,357,GEORGE,s,0,119,373,KNIGHT,g,0,436512,5816
108,359,PAULA,b,0,109,372,CLIVE,p,0,123,356,DAN,p,0,117,358,NANCY,g,0,122,358,ROBER,b,0,118,363,SAMMY,p,0,634215,5817
105,373,JOHN,s,2,115,372,PETER,b,0,107,361,GRAHAM,g,2,117,366,RUDY,g,0,110,360,GARY,b,2,116,354,JOEL,s,2,416352,5818
106,357,GARY,s,0,121,373,LE,p,0,109,366,JOHN,g,0,121,351,SARA,p,0,122,361,ROBER,g,0,115,367,KNIGHT,s,0,523461,5819
103,364,ANDY,s,0,106,367,LIA,b,0,114,372,PETER,g,0,104,360,MARIE,p,2,109,362,SARA,p,2,114,358,RUDY,b,0,135462,5820
105,378,ELEN,s,2,111,367,MIKE,p,0,119,353,BLUES,b,0,108,375,JENNY,p,2,121,364,SARA,s,0,113,378,MARIE,g,0,316452,5821
122,361,GARY,p,0,113,368,LE,b,0,104,359,ELEN,b,0,112,353,SANDY,s,0,109,365,PETER,b,0,107,362,ROBIN,p,2,164352,5822
103,369,AIMEE,p,0,119,369,ARL,p,0,109,364,KNIGHT,s,0,112,368,MIKE,s,0,121,373,LIA,g,0,106,352,TIM,s,0,453216,5823
121,353,MARIE,p,2,104,369,RICA,b,0,114,369,TOM,s,0,116,377,SANDY,s,0,108,375,GEORGE,g,0,105,373,BLUES,b,0,153426,5824
118,360,HARVEY,g,0,109,363,CLIVE,p,0,119,374,JENNY,p,0,120,362,ARL,b,0,116,376,LIA,p,0,104,357,FOX,g,0,356214,5825
119,374,SARA,g,0,115,364,ROBER,b,0,104,356,LE,p,0,103,370,ELEN,b,0,108,377,CLIVE,s,0,123,377,DARIO,p,2,623514,5826
116,357,HARVEY,g,2,121,364,MIKE,p,0,109,361,SARA,p,0,107,355,PAU,b,0,116,379,BLUES,b,0,122,368,GARY,s,0,623145,5827
118,365,GRAHAM,b,0,123,365,SAMMY,b,0,114,366,SEAN,g,0,111,364,SANDY,g,0,107,350,SAM,g,0,120,351,JOHN,b,0,643215,5828
115,378,ANDY,b,0,108,359,RUDY,p,0,116,371,MARIE,g,0,111,379,SAM,g,0,115,358,PETER,p,0,115,372,BLUES,g,0,453621,5829
112,356,BLUES,b,0,113,359,JENNY,b,0,121,376,ROBIN,b,0,115,357,SAMMY,g,0,107,360,JAMES,p,0,114,362,GREY,p,2,465132,5830
113,370,JOEL,s,0,119,360,SANDY,p,0,105,351,LE,b,0,119,372,SAM,p,2,115,361,TIM,s,0,113,376,PETER,s,0,426153,5831
111,353,MIKE,s,0,104,360,TIM,b,0,111,363,JENNY,s,0,123,351,JOHN,p,0,106,362,ROBER,b,0,111,366,KNIGHT,s,0,164352,5832
112,361,SANDY,s,0,110,354,SARA,p,0,116,368,LY,s,0,106,366,PAULA,p,0,114,364,JU,g,2,110,357,TIM,b,0,145236,5833
109,374,EDWARD,p,0,112,355,ROBER,b,2,121,373,CLIVE,s,0,106,374,PETER,p,0,106,365,RUDY,p,0,109,371,KNIGHT,g,0,314562,5834
110,352,TOM,p,0,117,355,GEORGE,p,0,106,378,SANDY,p,0,110,359,YOUNG,s,0,114,366,ELEN,s,0,107,361,GRAHAM,p,0,254136,5835
107,365,LY,p,0,123,356,JENNY,b,0,111,353,AIMEE,p,0,114,368,RICA,s,0,122,375,SEAN,s,0,123,352,ELEN,s,0,354612,5836
105,379,PAU,g,0,108,350,YOUNG,p,0,116,365,MIKE,g,0,118,353,GARY,s,0,113,376,SAMMY,b,0,122,365,SARA,b,0,431265,5837
106,356,JENNY,g,0,114,350,ROBIN,b,0,121,370,JU,g,0,122,361,EDWARD,b,0,122,377,SARA,g,0,120,356,CLIVE,g,0,635142,5838
103,370,CLIVE,g,0,119,351,RICA,p,2,123,376,ELEN,b,0,122,376,SAMMY,b,0,113,379,JENNY,p,0,119,376,PETER,p,0,256134,5839
104,378,DAN,b,0,104,352,SAMMY,b,0,107,351,LIA,b,0,105,354,GEORGE,b,0,121,350,EDWARD,s,0,118,367,MARIE,s,0,653412,5840
122,361,TIM,b,0,106,375,ROBIN,p,0,113,356,TERRY,s,2,109,370,ELEN,g,2,112,351,GARY,b,0,116,350,SAMMY,b,0,643215,5841
103,375,TOM,b,0,112,376,PAU,b,0,118,368,JOHN,s,0,113,378,SANDY,g,0,121,360,EDWARD,b,0,111,371,DARIO,g,0,364152,5842
121,352,CLIVE,b,0,118,377,EDWARD,p,0,123,373,JAMES,s,0,117,363,SARA,g,0,112,361,JU,g,0,110,361,KNIGHT,p,0,524361,5843
118,366,SANDY,s,0,103,377,HARVEY,b,2,108,378,PAULA,p,2,121,371,RICA,p,0,120,362,YOUNG,p,0,109,375,TOM,s,0,415632,5844
119,373,NANCY,s,0,108,378,MARIE,p,0,113,353,FOX,p,0,121,357,JENNY,p,0,111,364,GRAHAM,s,0,107,366,HARVEY,b,0,243516,5845
116,357,PAU,s,0,114,372,GRAHAM,b,0,118,358,ELEN,g,0,104,365,TIM,p,0,120,365,LIA,b,2,106,356,JENNY,b,0,413256,5846
117,371,GEORGE,p,0,116,372,LY,p,0,103,370,SARA,g,2,108,350,NANCY,s,0,107,367,AIMEE,g,0,105,370,EDWARD,g,0,162543,5847
115,378,MIKE,p,0,122,373,RUDY,b,0,108,375,ELEN,b,0,112,358,TIM,s,0,119,368,PAU,g,2,104,360,AIMEE,p,0,145623,5848
116,362,SANDY,p,0,107,373,PAU,p,0,109,350,LE,b,0,116,374,FOX,s,0,107,376,JU,p,0,119,351,DARIO,s,2,236145,5849
113,369,GREY,g,0,112,367,ELEN,b,0,114,355,JOEL,b,0,116,352,PETER,s,0,119,377,GARY,s,0,118,364,SARA,b,0,451236,5850
110,353,SANDY,g,0,118,368,KNIGHT,p,0,120,360,SEAN,s,0,120,367,NANCY,b,2,106,379,JENNY,b,0,117,355,TOM,g,0,631254,5851
112,367,PETER,g,2,103,368,CLIVE,b,0,104,372,LIA,s,0,103,375,ARL,b,0,118,350,ROBER,g,0,115,375,GARY,p,0,561324,5852
109,374,RICA,b,0,105,369,ROBER,p,0,109,377,GARY,p,0,107,361,ANDY,b,0,106,352,PETER,p,0,114,359,SAM,s,2,623541,5853
110,358,JENNY,b,0,111,363,GREY,b,0,115,352,SAM,p,0,111,369,JOEL,g,0,118,353,RUDY,p,0,113,350,NANCY,b,0,345216,5854
107,365,GARY,b,2,116,363,HARVEY,p,0,120,358,ANDY,g,0,111,354,JAMES,g,0,105,361,DARIO,s,0,108,370,GEORGE,g,0,123465,5855
108,379,DAN,s,0,122,364,RICA,b,0,104,363,JU,g,0,115,362,JENNY,g,0,117,362,RUDY,b,0,106,354,LE,p,0,431625,5856
106,363,KNIGHT,s,0,107,365,ELEN,p,0,110,368,RUDY,g,0,119,377,CLIVE,p,0,105,364,AIMEE,g,0,105,374,GARY,s,2,642315,5857
103,370,LE,s,2,113,358,GEORGE,b,0,115,350,GRAHAM,b,0,123,356,CLIVE,p,0,117,365,GARY,p,0,104,365,SANDY,b,0,451632,5858
104,354,LE,p,0,114,359,GARY,p,0,116,355,PAULA,b,0,106,371,FOX,p,0,104,367,HARVEY,s,2,123,355,SEAN,b,0,415236,5859
122,361,DAN,p,0,120,360,MARIE,b,0,121,360,PAU,s,0,110,379,BLUES,s,0,112,368,AIMEE,b,0,122,369,MIKE,g,0,631425,5860
103,375,BLUES,p,2,105,360,ELEN,p,0,106,365,LE,s,0,110,364,SEAN,s,0,104,376,KNIGHT,b,2,120,359,RUDY,p,2,624315,5861
120,359,TERRY,p,0,111,354,DARIO,b,2,111,370,ANDY,p,0,114,373,FOX,s,2,112,377,GEORGE,g,0,115,350,KNIGHT,s,0,634512,5862
118,366,ROBIN,g,0,117,355,ANDY,p,0,117,352,JOHN,p,0,118,358,DARIO,b,0,103,379,MIKE,p,0,114,363,TIM,b,0,312546,5863
119,350,SEAN,g,0,122,355,GARY,b,0,122,357,DAN,p,0,122,366,PAULA,b,0,111,350,RUDY,s,0,113,354,JOHN,g,0,315642,5864
116,357,NANCY,g,0,103,356,GREY,p,0,106,362,GEORGE,g,0,105,351,JU,b,0,103,352,AIMEE,b,0,111,374,MIKE,p,0,312645,5865
117,371,GREY,b,0,109,350,EDWARD,b,0,112,367,PAU,g,0,105,360,SEAN,g,0,111,353,DARIO,g,0,110,358,BLUES,s,0,365421,5866
115,355,ROBER,b,0,115,350,JOHN,p,2,117,372,RUDY,b,0,109,375,SEAN,g,0,123,354,LE,g,0,109,379,GREY,b,0,245361,5867
116,362,MIKE,b,0,120,351,SAMMY,b,0,122,354,HARVEY,b,0,113,353,JOEL,g,0,110,363,GRAHAM,p,0,108,369,PETER,g,0,642153,5868
113,376,DARIO,s,0,106,351,EDWARD,p,0,103,359,JAMES,s,0,117,368,JOHN,g,0,122,364,TIM,s,0,123,353,GEORGE,p,0,245163,5869
110,353,SEAN,s,0,111,352,SAMMY,b,0,108,364,JAMES,s,2,121,377,YOUNG,p,0,110,365,LIA,b,0,122,373,SARA,s,0,623145,5870
111,367,JU,s,0,113,376,CLIVE,p,0,113,370,PAULA,p,0,121,362,JAMES,p,0,118,367,KNIGHT,g,0,120,364,SARA,b,0,134265,5871
109,351,LY,p,0,119,376,GARY,b,2,118,375,RUDY,p,0,104,370,YOUNG,p,2,109,368,GEORGE,p,0,119,377,PAU,b,0,315426,5872
110,358,SANDY,p,0,104,377,NANCY,p,0,103,357,DARIO,p,2,108,355,JU,s,0,117,369,JOHN,p,0,118,368,PAULA,g,0,465213,5873
107,372,TERRY,p,0,109,378,SAM,b,0,108,362,FOX,g,0,112,364,DAN,s,0,109,378,PAULA,s,2,117,358,JENNY,p,0,653412,5874
108,379,SARA,g,0,115,371,DAN,p,0,113,367,GEORGE,g,0,116,379,PETER,s,0,117,379,JOEL,b,0,111,372,PAULA,s,0,324165,5875
105,363,AIMEE,g,0,121,372,RUDY,b,0,119,372,TIM,b,2,116,357,JAMES,b,0,108,350,JENNY,g,2,110,363,ANDY,b,0,152463,5876
103,377,JENNY,g,0,123,373,AIMEE,g,2,103,377,JOEL,b,0,120,372,JAMES,b,0,116,352,DAN,p,0,109,353,ARL,g,0,652431,5877
104,354,DARIO,b,0,108,373,MARIE,s,0,108,352,JU,s,0,103,351,GREY,b,0,108,353,ARL,s,0,108,367,ANDY,p,0,365214,5878
122,368,NANCY,b,0,113,367,LY,g,0,110,364,ROBER,s,0,107,366,PETER,g,0,116,354,GRAHAM,s,0,106,357,JOEL,s,0,326541,5879
123,375,HARVEY,b,0,119,368,MARIE,s,0,115,369,TIM,s,0,111,374,ARL,g,0,107,356,LY,b,0,105,378,EDWARD,b,2,342165,5880
120,359,ARL,b,0,104,368,GREY,g,0,120,374,SAMMY,p,0,115,359,GARY,g,0,115,364,RUDY,g,0,104,368,TOM,g,0,563412,5881
121,373,SEAN,s,0,110,369,KNIGHT,s,0,105,379,RICA,p,0,115,368,GRAHAM,p,2,103,365,ANDY,p,0,119,352,LY,p,0,634125,5882
119,350,DAN,s,0,112,363,ROBIN,g,0,110,354,JU,g,0,119,353,ANDY,p,0,115,367,SEAN,s,0,118,372,PETER,s,0,261345,5883
116,364,NANCY,s,0,117,363,GARY,s,0,115,366,CLIVE,g,0,123,361,JAMES,p,0,123,368,YOUNG,b,0,117,363,ANDY,b,2,413256,5884
117,371,DARIO,p,0,123,364,SEAN,g,0,121,371,LY,b,0,106,376,SAMMY,p,0,114,369,GEORGE,b,0,115,377,GARY,g,0,126435,5885
114,355,JENNY,p,2,108,364,MIKE,s,0,105,376,SAM,b,0,110,355,EDWARD,s,0,122,371,TOM,g,0,114,367,AIMEE,g,0,451623,5886
115,369,ROBIN,p,0,114,358,PAULA,g,0,110,352,FOX,b,0,110,370,TOM,s,0,114,379,RUDY,p,2,113,358,GARY,p,0,654123,5887
113,376,MIKE,g,0,119,359,AIMEE,s,0,112,357,TIM,s,0,114,378,GEORGE,s,0,122,350,HARVEY,s,0,111,371,ARL,s,2,425631,5888
114,360,JENNY,g,2,121,359,DARIO,g,0,117,369,GREY,s,0,118,363,ROBIN,b,0,113,352,PETER,b,2,106,362,NANCY,b,0,216345,5889
111,367,NANCY,g,0,106,360,SAMMY,s,2,122,374,SAM,p,0,122,372,GRAHAM,b,0,121,353,LY,g,0,105,352,PETER,g,0,532641,5890
108,351,CLIVE,b,0,112,361,ROBER,g,0,107,379,HARVEY,p,0,105,357,PAU,b,0,113,354,LE,g,0,104,366,TOM,p,0,253641,5891
110,365,TIM,b,2,118,354,JU,s,0,112,354,LY,g,0,105,365,ROBIN,g,2,121,356,GREY,p,0,102,356,LIA,s,2,243561,5892
107,372,DAN,b,0,103,355,SEAN,g,0,117,359,PETER,g,0,109,350,ROBER,g,2,112,357,HARVEY,s,0,122,377,FOX,b,0,342561,5893
108,356,ANDY,s,0,108,356,MIKE,s,0,122,371,RUDY,g,0,113,359,ELEN,g,0,120,365,SARA,b,0,120,361,ROBIN,g,0,326415,5894
105,363,ELEN,s,2,110,356,PAULA,g,2,107,376,ROBER,b,0,117,374,JENNY,p,0,108,367,PETER,g,0,115,351,TOM,p,0,624135,5895
103,377,SEAN,s,0,116,350,RUDY,s,0,112,351,YOUNG,b,0,121,352,FOX,p,0,120,368,PAU,p,0,114,372,SAMMY,s,0,452613,5896
104,361,AIMEE,p,0,121,351,FOX,g,0,117,356,JENNY,s,0,104,367,TERRY,p,0,107,369,GRAHAM,p,0,113,355,SAMMY,b,0,345216,5897
122,368,LY,p,0,107,351,MIKE,s,0,119,361,DAN,s,0,104,375,SAMMY,s,0,119,371,JOEL,s,0,111,376,EDWARD,g,0,134562,5898
123,352,LE,p,0,112,352,JOHN,g,0,103,366,BLUES,p,2,108,361,SEAN,s,0,107,372,FOX,b,0,110,366,SARA,g,0,641235,5899
120,359,SEAN,p,0,118,376,GRAHAM,s,2,109,378,SARA,p,0,112,369,DARIO,s,0,119,350,TOM,g,0,109,350,GREY,p,0,624153,5900
121,373,JAMES,g,0,120,376,CLIVE,g,0,114,353,JU,g,0,116,354,GARY,s,0,106,352,SAMMY,p,0,108,370,ANDY,s,0,346512,5901
118,357,PAULA,g,0,105,377,JENNY,s,0,119,358,GRAHAM,g,2,120,362,CLIVE,b,0,118,353,AIMEE,s,2,102,361,GEORGE,b,0,532146,5902
116,364,SEAN,g,0,110,377,HARVEY,g,0,104,364,JOEL,g,0,120,378,ROBER,b,2,106,354,JOHN,s,0,122,351,SAM,g,0,641532,5903
117,378,ROBER,b,0,116,371,JOEL,s,0,109,369,PAULA,b,0,103,356,SAMMY,b,0,118,356,GEORGE,b,0,120,365,SEAN,p,0,625134,5904
114,355,JOEL,b,0,122,372,YOUNG,g,2,114,351,TIM,b,2,107,371,PAULA,g,0,105,357,MARIE,g,0,119,356,SAMMY,s,0,462351,5905
115,369,RUDY,b,0,107,372,YOUNG,s,0,119,356,TIM,s,0,111,379,JAMES,g,0,113,359,PAU,p,0,118,376,MARIE,b,0,364521,5906
113,353,PAU,s,0,109,373,TIM,g,0,104,361,JOEL,s,0,115,365,PETER,g,0,105,367,SAMMY,s,0,117,360,FOX,g,0,463152,5907
114,360,ARL,s,0,114,367,SEAN,s,0,105,366,LY,p,0,115,373,SAM,p,0,113,368,JOEL,b,0,111,350,JAMES,p,0,641235,5908
111,374,HARVEY,s,0,120,367,PAULA,g,0,110,371,GREY,p,0,119,358,NANCY,p,0,104,370,JENNY,g,0,110,371,TOM,s,0,412635,5909
108,351,SARA,p,0,105,368,JAMES,s,0,116,353,GEORGE,p,0,122,366,AIMEE,p,0,112,371,DARIO,g,0,109,354,LY,b,0,342156,5910
109,365,KNIGHT,p,0,111,369,PETER,g,0,121,358,LY,g,0,106,352,TOM,s,0,104,372,MIKE,p,0,108,375,TERRY,g,2,432156,5911
107,379,KNIGHT,p,0,116,369,PAU,s,0,106,363,FOX,g,0,110,360,JOEL,s,0,112,374,GRAHAM,s,0,106,365,LIA,g,0,236154,5912
108,356,GARY,g,0,118,363,JAMES,g,0,111,368,SAM,b,0,114,375,JENNY,s,2,103,352,ARL,b,0,105,379,CLIVE,p,0,264153,5913
105,370,ANDY,g,0,103,364,GEORGE,s,0,116,373,JAMES,b,0,114,353,TOM,b,0,111,353,ROBER,g,0,104,370,TIM,s,0,625134,5914
106,354,DARIO,g,0,109,364,PETER,g,0,121,355,SARA,s,0,118,368,BLUES,b,0,103,355,MARIE,p,2,119,360,SAM,b,2,342156,5915
104,361,SAMMY,b,0,115,365,SARA,s,0,106,360,YOUNG,s,0,121,377,ARL,b,0,111,356,NANCY,p,0,118,374,PAULA,g,0,253416,5916
121,375,JOHN,b,0,120,359,HARVEY,g,0,111,365,SAM,s,0,105,362,YOUNG,g,0,119,357,SANDY,s,2,117,364,KNIGHT,p,0,625431,5917
123,352,RICA,b,0,105,359,MIKE,s,0,112,370,GREY,p,0,109,370,HARVEY,g,0,110,359,FOX,b,0,115,355,SEAN,s,0,346215,5918
120,366,FOX,b,0,107,360,ARL,g,0,118,376,TIM,p,0,109,355,SARA,g,0,118,367,DARIO,g,0,114,368,MIKE,b,2,432516,5919
121,350,GEORGE,s,2,113,361,SAM,s,0,123,351,PAULA,g,0,113,364,AIMEE,g,0,110,368,JOHN,p,0,113,359,TERRY,g,0,436125,5920
118,357,DAN,s,0,119,354,HARVEY,g,0,107,363,GEORGE,g,0,117,379,JAMES,p,0,118,370,BLUES,s,0,112,379,SARA,p,0,254613,5921
119,371,ROBIN,s,0,104,355,JOHN,s,0,113,368,ELEN,b,0,120,357,SAMMY,p,0,109,371,ANDY,s,0,106,363,GEORGE,s,0,416253,5922
117,378,JENNY,p,2,109,356,PETER,g,2,118,373,LE,b,0,104,372,MARIE,p,2,117,372,DARIO,b,0,105,354,JOHN,b,2,241635,5923
114,362,JOHN,p,0,115,356,MIKE,s,0,102,378,HARVEY,b,0,104,351,GRAHAM,s,2,109,374,MARIE,g,0,104,374,SANDY,g,0,641253,5924
115,376,CLIVE,p,0,117,350,SARA,g,0,108,353,SAMMY,s,0,108,366,ROBIN,s,0,117,375,JOEL,p,0,103,365,TOM,p,0,325146,5925
112,353,PAU,g,2,122,351,SARA,s,0,113,365,LIA,s,0,112,374,YOUNG,s,0,108,353,GEORGE,s,0,122,378,RUDY,p,0,214365,5926
114,367,DARIO,g,0,108,351,GREY,g,0,118,370,GRAHAM,p,0,116,359,HARVEY,b,0,116,355,JENNY,b,0,121,369,SARA,s,0,312654,5927
111,374,KNIGHT,g,0,113,352,DARIO,s,2,119,375,MARIE,p,2,119,368,NANCY,b,0,108,356,TERRY,b,2,115,359,ELEN,b,0,423165,5928
108,358,SEAN,b,2,119,376,LY,g,0,104,350,JOHN,g,0,103,353,JOEL,b,0,116,357,TOM,g,0,114,373,TIM,g,0,325461,5929
109,372,JENNY,b,0,104,376,LIA,s,0,109,355,ELEN,g,0,103,361,TOM,g,0,103,359,JAMES,p,2,113,363,MARIE,p,0,612354,5930
106,379,LIA,b,0,106,377,KNIGHT,g,0,115,367,PETER,b,2,107,376,LE,g,0,115,360,GARY,s,0,112,354,RUDY,s,0,265341,5931
108,363,DAN,s,0,111,377,MARIE,s,0,120,372,TOM,b,0,111,355,ROBER,g,0,103,368,JOEL,b,0,110,368,FOX,b,0,421653,5932
105,370,YOUNG,s,0,117,378,PAULA,g,2,104,377,MIKE,b,0,115,370,LE,p,0,115,370,DARIO,g,0,109,358,SARA,g,0,624513,5933
106,354,PAULA,s,0,123,372,JOHN,s,0,110,352,JENNY,s,2,118,378,NANCY,p,2,123,371,SARA,g,0,108,379,MIKE,p,0,216534,5934
103,368,RICA,p,0,108,372,ROBER,g,0,115,358,PAULA,s,0,118,363,ARL,p,0,114,372,BLUES,p,0,103,362,GARY,s,0,534216,5935
121,375,SEAN,p,0,114,373,ANDY,s,0,120,369,CLIVE,p,0,122,372,RUDY,p,0,123,374,JU,s,0,122,353,SAMMY,b,0,641325,5936
122,359,KNIGHT,p,0,115,374,SANDY,g,0,105,374,TIM,p,2,106,357,LY,s,0,114,375,SEAN,b,0,121,373,SARA,g,0,142635,5937
120,366,JOHN,p,0,121,367,RICA,s,0,106,350,YOUNG,g,0,110,365,SAMMY,s,0,122,376,KNIGHT,g,0,119,357,ANDY,p,0,215634,5938
121,350,TERRY,g,0,106,368,SANDY,g,0,111,355,GARY,g,0,114,350,DARIO,s,0,113,355,PAU,p,0,118,377,JU,p,0,463152,5939
118,363,NANCY,g,0,112,369,AIMEE,s,0,116,360,JOHN,g,0,114,359,TERRY,b,0,122,356,LIA,p,0,117,368,EDWARD,s,0,631524,5940
119,371,ROBIN,g,0,117,369,FOX,g,0,122,365,ANDY,b,0,117,374,KNIGHT,b,0,109,357,SEAN,s,0,115,352,JOEL,b,0,125643,5941
116,355,ELEN,b,0,103,363,SAMMY,s,0,106,377,LE,b,0,121,352,LIA,b,0,121,359,EDWARD,b,0,110,372,GREY,g,2,126354,5942
114,362,TERRY,b,0,108,364,FOX,g,0,111,352,BLUES,s,0,105,367,SANDY,g,0,109,360,TOM,g,2,109,362,RUDY,p,0,423561,5943
115,376,JOEL,b,0,110,364,SARA,s,0,117,357,PAU,s,0,109,376,ROBER,g,2,121,362,RUDY,p,0,108,353,JOHN,s,0,352614,5944
112,359,JOHN,s,0,116,365,YOUNG,g,0,122,362,PAU,p,0,113,361,FOX,g,0,108,370,TOM,s,2,106,367,SANDY,b,0,132456,5945
113,367,PAULA,s,0,121,359,SAMMY,s,0,106,367,JOEL,p,0,113,369,JU,p,0,120,371,MARIE,s,0,105,357,GEORGE,g,2,613245,5946
111,350,SANDY,s,0,106,359,YOUNG,g,0,112,379,TOM,p,0,116,354,JAMES,p,0,108,372,SAM,b,0,104,378,JENNY,p,0,416235,5947
112,358,GRAHAM,p,0,112,360,LIA,s,0,113,354,MIKE,g,0,120,363,SANDY,p,0,119,374,DARIO,g,0,119,361,AIMEE,s,0,532461,5948
109,371,GEORGE,p,0,118,360,FOX,g,0,118,359,GREY,g,0,104,378,GARY,s,0,107,375,SAM,p,0,118,352,ANDY,b,0,314652,5949
106,355,LIA,p,0,120,354,JAMES,s,0,103,364,HARVEY,b,0,108,356,ROBIN,s,0,119,377,LE,s,0,117,372,TOM,g,2,621453,5950
107,363,ROBER,g,0,105,355,AIMEE,g,2,108,369,GREY,b,0,108,371,JENNY,s,0,107,378,ROBIN,b,0,115,356,DARIO,p,0,412635,5951
105,376,JOHN,g,0,110,355,YOUNG,s,0,113,351,PAULA,s,0,112,379,JENNY,s,0,115,356,DAN,b,0,114,376,MIKE,s,0,461325,5952
106,354,GRAHAM,g,0,116,356,MIKE,g,0,119,356,SANDY,s,0,115,365,BLUES,b,0,106,357,ROBIN,g,0,113,367,HARVEY,s,0,316254,5953
103,367,SANDY,b,2,122,357,JOHN,s,0,103,362,ARL,s,0,119,373,SARA,b,2,114,359,TIM,p,0,112,351,CLIVE,b,2,235146,5954
104,351,TIM,b,0,107,350,JAMES,g,0,108,367,PAULA,p,0,103,358,ARL,b,2,106,360,DAN,s,0,106,371,ANDY,g,0,263451,5955
122,358,DAN,b,0,109,351,LE,s,2,114,372,EDWARD,p,0,103,366,LY,g,0,114,362,ANDY,b,2,105,362,JOHN,p,0,245361,5956
119,372,GARY,s,2,114,352,PAU,g,0,115,354,AIMEE,g,2,107,352,TIM,g,0,105,363,ARL,g,0,104,375,PETER,s,0,132645,5957
121,350,KNIGHT,s,0,120,352,NANCY,s,0,120,359,ROBER,g,0,111,360,PAU,g,0,113,371,DARIO,p,2,103,366,DAN,b,0,134256,5958
118,363,YOUNG,s,0,105,376,HARVEY,g,0,105,364,JU,b,0,114,375,ARL,p,0,104,372,ANDY,p,0,122,356,PETER,g,0,416253,5959
119,377,SAMMY,s,2,111,377,GEORGE,s,0,110,369,YOUNG,b,2,118,353,RICA,p,0,113,374,TOM,s,0,121,370,BLUES,p,0,264153,5960
116,354,GARY,p,0,116,377,TOM,g,2,115,374,SAM,s,0,118,369,PETER,p,0,104,375,EDWARD,b,0,115,360,LIA,s,0,321645,5961
114,368,NANCY,p,0,118,378,JENNY,s,0,120,379,PAULA,s,0,122,377,EDWARD,s,0,112,377,ELEN,g,0,114,351,MIKE,b,0,413526,5962
115,375,RICA,p,2,103,372,GREY,g,0,105,361,LE,s,2,106,362,ARL,s,0,103,378,LIA,p,0,113,365,ELEN,g,0,361245,5963
112,359,MARIE,g,0,109,372,PAU,s,0,110,366,NANCY,p,0,110,370,TERRY,s,0,112,356,ARL,s,0,112,355,JAMES,p,0,426531,5964
113,373,FOX,g,0,115,373,ROBIN,g,0,115,371,TERRY,p,0,113,356,RUDY,b,2,120,357,HARVEY,s,0,110,376,TIM,s,0,625134,5965
110,350,ROBER,g,0,120,373,LE,s,2,121,376,SARA,g,2,117,364,GEORGE,b,0,111,359,PAULA,b,0,109,366,ELEN,s,0,463125,5966
112,364,LY,b,0,105,367,KNIGHT,g,0,122,351,JOHN,g,0,117,379,SANDY,b,0,119,360,FOX,g,0,108,350,SARA,b,0,532164,5967
109,371,ELEN,b,0,107,368,RUDY,s,0,107,363,RICA,b,0,121,357,TIM,b,0,111,362,GARY,p,0,103,370,NANCY,g,0,523614,5968
106,355,SEAN,b,0,113,368,SARA,g,0,112,368,SAMMY,b,0,105,372,YOUNG,g,0,119,363,FOX,s,0,122,361,KNIGHT,p,0,654132,5969
107,369,KNIGHT,s,0,118,369,AIMEE,s,0,117,374,JAMES,b,0,109,351,LY,g,0,110,364,TERRY,b,0,121,374,JOEL,s,0,461235,5970
104,376,JOHN,s,0,104,363,ANDY,g,0,122,379,JAMES,s,0,112,366,DARIO,g,0,118,373,TOM,b,2,119,365,YOUNG,b,0,431652,5971
106,360,PAU,s,0,109,363,ARL,s,0,107,354,ROBER,s,0,112,374,JOEL,p,0,110,374,SANDY,g,0,118,355,SEAN,g,0,134625,5972
103,367,CLIVE,p,0,115,364,RUDY,g,0,112,366,JAMES,p,0,116,359,PAU,p,0,118,375,TERRY,p,0,117,369,LY,p,2,246351,5973
104,351,SANDY,p,0,117,365,GREY,s,0,117,371,AIMEE,p,0,120,368,ROBIN,p,0,109,377,TERRY,s,0,116,360,SAMMY,s,0,245631,5974
122,365,FOX,p,0,122,365,JAMES,g,0,123,376,ROBIN,g,0,104,353,JOHN,s,2,117,378,ARL,b,0,110,350,RUDY,b,0,312456,5975
119,372,KNIGHT,g,0,107,359,JU,s,0,107,351,FOX,g,0,108,361,AIMEE,s,0,105,379,GREY,g,0,109,364,GEORGE,g,0,261435,5976
120,356,SEAN,g,0,113,360,MARIE,g,0,108,356,TIM,g,0,108,376,ELEN,s,0,117,358,GARY,g,0,108,354,FOX,p,2,125346,5977
118,363,EDWARD,g,0,119,360,MIKE,s,0,114,368,GARY,b,0,111,355,JOHN,b,0,104,359,BLUES,p,0,107,375,GEORGE,s,0,215634,5978
119,377,BLUES,g,0,104,361,SANDY,g,2,119,373,DARIO,b,0,115,370,PAULA,b,0,116,360,JOEL,s,0,105,358,CLIVE,s,0,152634,5979
116,361,GREY,b,0,106,355,PAULA,s,0,104,378,ROBIN,s,0,119,378,LE,b,0,104,362,EDWARD,b,0,104,379,TIM,b,0,123654,5980
117,368,JU,b,0,111,355,FOX,g,0,109,353,GREY,s,0,103,363,YOUNG,g,0,116,363,ARL,g,0,119,369,TERRY,g,2,256314,5981
114,352,HARVEY,b,0,117,356,PAU,s,0,114,358,ARL,p,0,107,372,JAMES,g,0,103,364,JENNY,p,0,118,353,GRAHAM,p,0,632514,5982
112,359,GREY,s,0,123,356,KNIGHT,g,0,119,363,SANDY,p,0,107,357,NANCY,g,0,115,366,ARL,p,0,117,374,RUDY,s,0,235641,5983
113,373,RICA,s,0,108,350,TERRY,s,2,104,375,ROBIN,p,0,110,365,AIMEE,p,0,103,374,FOX,s,2,116,364,LE,b,0,142356,5984
110,357,PAULA,s,0,113,351,LE,g,0,109,350,MIKE,g,0,114,350,AIMEE,p,2,115,375,DAN,b,0,114,378,HARVEY,g,2,614235,5985
111,364,ANDY,p,0,115,351,SAM,s,0,114,356,SARA,g,2,118,359,HARVEY,p,2,123,377,SAMMY,g,2,113,368,ROBIN,p,0,365421,5986
109,378,SAMMY,p,0,121,352,ANDY,g,0,116,361,LIA,b,0,122,374,SANDY,p,0,110,378,MIKE,p,0,112,359,ARL,s,0,642153,5987
110,355,JU,p,2,106,376,AIMEE,s,0,121,366,CLIVE,b,0,122,352,MIKE,s,0,122,379,KNIGHT,s,0,107,379,PAU,b,0,413256,5988
107,369,JOHN,g,0,112,376,BLUES,g,2,105,378,PETER,s,2,106,367,EDWARD,s,0,110,351,MARIE,s,0,105,363,SEAN,g,0,624513,5989
104,353,SANDY,g,0,117,377,PETER,s,0,111,353,YOUNG,s,0,109,376,GRAHAM,s,0,122,359,LY,b,0,104,353,PAU,p,0,246315,5990
105,360,ELEN,g,2,102,378,TOM,g,0,116,358,LE,s,0,113,361,AIMEE,b,0,109,360,ANDY,g,0,103,374,LY,s,0,125364,5991
103,374,JENNY,b,0,104,371,DARIO,s,0,121,363,RICA,p,2,117,369,DAN,b,0,121,362,GREY,p,0,122,358,TERRY,b,0,352614,5992
104,351,NANCY,b,0,110,372,HARVEY,g,0,106,368,RICA,p,0,117,354,TOM,b,0,109,363,PAULA,s,0,121,378,TERRY,b,0,512346,5993
122,365,MIKE,b,2,116,373,JOHN,s,2,111,350,AIMEE,g,0,121,363,JU,g,0,121,364,SAMMY,b,0,119,369,ROBER,g,0,462351,5994
119,379,TOM,s,0,121,373,SEAN,g,0,116,355,ELEN,g,2,105,378,LE,g,0,108,366,ANDY,b,0,114,352,SAM,p,0,612453,5995
120,356,SEAN,s,0,106,374,GRAHAM,s,0,121,360,CLIVE,b,0,108,356,GARY,g,2,120,367,SANDY,g,0,113,373,JAMES,s,0,165243,5996
117,370,EDWARD,s,2,112,368,PAULA,g,0,123,365,PETER,b,0,112,371,DAN,p,0,108,375,GARY,p,2,112,363,LY,b,0,124356,5997
119,377,ROBER,s,0,114,368,FOX,s,0,107,370,JOHN,s,0,116,350,DARIO,p,0,116,377,SAM,s,0,110,377,GEORGE,g,0,241653,5998
116,361,TIM,p,0,119,369,DAN,g,0,112,352,AIMEE,s,0,116,365,SARA,p,0,107,378,PAU,b,2,109,367,ELEN,p,0,246135,5999
117,375,ARL,p,0,105,369,GREY,s,0,118,357,AIMEE,s,0,120,373,HARVEY,s,0,115,379,JAMES,g,0,108,358,RICA,s,0,546312,6000
114,352,JENNY,p,0,110,363,MARIE,g,0,123,362,JOHN,p,0,104,358,SEAN,s,0,107,351,LIA,g,0,103,372,JU,b,0,312465,6001
112,366,FOX,g,0,116,364,ELEN,s,0,108,368,KNIGHT,p,0,107,367,ROBER,s,0,115,352,PAU,p,0,122,362,TIM,g,0,426513,6002
113,373,GEORGE,g,0,122,364,KNIGHT,g,0,113,373,MIKE,g,0,111,352,AIMEE,s,0,106,360,DAN,s,0,121,353,PETER,p,0,623145,6003
110,357,SAM,g,0,103,365,RUDY,s,0,118,378,DARIO,g,0,111,360,TERRY,b,0,114,362,GREY,b,0,119,366,SANDY,s,2,163254,6004
111,371,KNIGHT,b,0,108,359,RUDY,g,0,103,360,PETER,b,0,115,375,GARY,b,0,106,363,PAU,g,0,118,357,LIA,b,0,321564,6005
108,378,FOX,b,0,114,359,TERRY,s,0,108,365,MIKE,b,0,119,354,JU,b,2,114,365,GREY,p,0,117,377,GARY,b,0,521463,6006
110,362,ARL,b,0,120,360,JOEL,g,0,109,370,GARY,b,0,103,369,HARVEY,g,0,105,366,PETER,p,0,116,368,JENNY,g,0,265341,6007
107,369,RUDY,s,0,105,361,SEAN,s,0,114,375,ANDY,s,0,106,377,AIMEE,g,0,113,367,GEORGE,s,0,110,351,JAMES,p,2,146523,6008
104,353,TOM,s,0,111,354,KNIGHT,g,0,120,350,PAULA,s,0,106,362,JU,g,0,105,369,JENNY,b,0,109,372,ROBER,s,0,163245,6009
105,367,SEAN,s,0,112,355,LE,s,0,104,362,ROBER,p,0,110,370,NANCY,p,0,113,377,TERRY,g,0,108,362,TIM,b,0,462315,6010
103,374,SAMMY,p,0,118,356,TIM,g,0,109,367,TOM,p,0,114,356,SEAN,p,0,121,378,JOEL,p,0,107,376,MIKE,g,0,325416,6011
104,358,CLIVE,p,0,103,356,MIKE,s,2,115,372,JOEL,g,0,118,364,LY,p,0,112,350,TERRY,s,2,105,367,ROBIN,p,2,134265,6012
122,372,RICA,p,0,109,350,EDWARD,g,0,120,377,SAMMY,g,0,122,379,MARIE,s,0,120,351,LIA,b,0,104,357,ROBIN,s,0,143652,6013
123,379,ANDY,g,0,114,351,JOHN,s,0,104,352,TIM,g,0,105,357,RUDY,s,0,112,352,LY,b,0,103,371,LIA,b,0,421365,6014
120,363,SAMMY,g,0,120,351,LE,g,0,110,364,SAM,b,2,105,373,SARA,s,0,120,354,ELEN,g,0,118,361,TOM,g,0,542613,6015
117,370,PAULA,g,0,122,352,KNIGHT,s,0,115,369,ARL,b,0,109,351,GEORGE,b,2,111,362,TERRY,p,0,117,352,RICA,p,2,162534,6016
118,354,KNIGHT,g,0,107,352,PAU,g,2,116,374,DAN,s,0,113,366,PETER,b,2,119,363,SAM,s,0,116,365,BLUES,s,0,156324,6017
116,368,GARY,b,0,113,376,GREY,s,0,121,350,JU,s,2,117,374,LY,b,0,111,365,HARVEY,b,0,114,356,CLIVE,b,0,326541,6018
117,375,PAULA,b,0,118,377,SARA,g,0,106,355,MIKE,p,0,121,360,SAM,b,0,119,366,CLIVE,g,0,113,376,RICA,b,0,253641,6019
114,359,LE,b,0,103,377,LIA,s,0,111,367,ARL,p,0,121,368,GRAHAM,g,0,110,367,JENNY,g,0,112,360,FOX,g,0,243615,6020
115,366,ROBIN,s,0,109,378,GREY,g,0,116,372,ARL,p,2,104,353,KNIGHT,g,0,118,369,MARIE,p,0,107,351,NANCY,p,0,513264,6021
113,350,SEAN,s,2,111,372,JU,s,2,122,377,JAMES,g,0,108,361,RUDY,g,0,106,377,AIMEE,s,0,105,371,PAU,s,0,632415,6022
110,364,JENNY,s,0,117,372,GARY,g,0,106,352,RICA,g,0,112,377,SAMMY,p,0,118,378,ARL,b,0,104,355,ROBER,b,0,241365,6023
111,371,GARY,p,0,122,373,LY,s,0,112,357,FOX,b,2,116,355,YOUNG,p,0,105,350,ANDY,g,0,103,375,TOM,g,0,214536,6024
108,355,CLIVE,p,2,107,374,ELEN,g,0,117,362,MIKE,b,0,116,370,GRAHAM,p,0,117,351,GREY,p,2,122,366,SARA,p,0,451263,6025
109,362,BLUES,p,0,113,367,JU,s,0,118,374,GEORGE,s,0,120,378,TIM,s,0,105,352,NANCY,p,0,121,379,TERRY,s,0,632541,6026
107,376,ANDY,g,0,119,368,BLUES,g,0,103,379,ROBIN,s,0,103,363,JU,s,2,117,354,DARIO,s,2,120,370,DAN,b,0,235146,6027
108,360,ROBER,g,2,121,369,LY,s,0,108,354,GRAHAM,p,0,107,372,ANDY,s,0,104,355,SAMMY,b,0,114,360,LIA,g,0,362145,6028
105,367,KNIGHT,g,0,106,369,RUDY,g,0,113,359,JENNY,p,0,111,357,HARVEY,b,0,116,363,PETER,g,0,113,351,MIKE,p,0,516342,6029
123,351,RUDY,b,0,111,363,YOUNG,s,0,118,364,JENNY,p,0,115,365,SANDY,b,0,104,365,JAMES,p,0,112,365,DAN,s,0,326541,6030
103,358,GARY,b,2,117,364,TIM,g,0,103,376,FOX,g,0,115,350,CLIVE,b,0,116,366,AIMEE,s,0,111,355,LE,b,0,532164,6031
121,372,JENNY,b,0,123,364,LY,s,0,108,351,ELEN,g,0,119,359,BLUES,g,0,103,367,LIA,s,0,109,375,LE,g,0,625413,6032
122,356,EDWARD,s,0,108,365,TIM,g,0,113,356,GARY,b,0,102,374,DARIO,g,0,111,369,RICA,b,0,108,359,SAM,g,0,162345,6033
120,363,TIM,s,0,109,359,SEAN,s,0,119,362,BLUES,b,0,106,352,LY,g,0,103,370,YOUNG,g,0,103,350,FOX,p,0,412563,6034
117,377,RUDY,s,0,115,359,TERRY,g,0,103,367,MARIE,s,0,110,367,YOUNG,g,0,111,378,DAN,p,0,122,370,SANDY,s,2,431562,6035
118,354,GARY,s,0,121,360,ELEN,s,0,105,379,ANDY,s,0,110,376,ARL,p,0,123,350,MARIE,s,0,121,354,SEAN,b,0,615324,6036
115,368,CLIVE,p,0,106,360,DARIO,g,0,110,354,JAMES,s,0,114,361,ROBIN,p,2,110,351,GREY,b,0,120,374,ELEN,g,0,642315,6037
117,352,CLIVE,p,0,112,361,RICA,s,0,115,359,SARA,p,0,118,369,JU,p,0,122,352,FOX,b,2,118,365,SANDY,p,0,416235,6038
114,359,GARY,p,0,117,355,NANCY,g,0,120,364,SANDY,p,0,122,354,SEAN,s,0,110,354,SAMMY,g,0,117,379,HARVEY,s,2,546123,6039
115,373,JENNY,g,0,119,355,JU,s,2,105,369,HARVEY,g,0,105,363,BLUES,s,0,122,355,FOX,p,2,116,369,LIA,b,0,215346,6040
112,350,LIA,g,0,104,356,SARA,g,0,110,351,SEAN,g,0,105,378,GRAHAM,s,0,109,356,DAN,s,0,111,359,SAM,g,0,126534,6041
110,364,TERRY,g,0,110,357,ARL,s,0,115,356,GARY,b,0,109,356,MARIE,b,0,121,365,TIM,b,0,109,373,LE,p,0,261345,6042
111,378,MARIE,b,0,116,350,GARY,g,0,121,361,KNIGHT,b,0,113,371,AIMEE,b,0,109,366,DAN,g,0,108,364,LE,s,2,624531,6043
108,355,CLIVE,b,0,121,351,GRAHAM,s,0,105,366,SEAN,b,2,117,350,RUDY,b,0,121,367,GEORGE,g,0,107,354,JOEL,b,0,253146,6044
109,369,FOX,b,0,106,352,SARA,g,2,110,371,NANCY,s,0,121,365,RICA,g,0,108,369,ROBIN,p,0,105,368,AIMEE,g,0,423561,6045
106,376,GREY,s,0,112,352,TERRY,s,0,112,353,GEORGE,s,0,104,373,SANDY,g,0,117,370,BLUES,s,0,104,358,NANCY,g,0,234516,6046
108,360,CLIVE,s,0,114,376,RICA,g,0,117,358,JU,p,2,104,358,ARL,g,2,108,372,ROBIN,b,0,103,379,BLUES,p,2,234165,6047
105,374,ROBIN,s,0,119,377,RUDY,s,0,122,363,YOUNG,p,0,108,367,ROBER,p,0,116,350,NANCY,g,0,118,362,SAM,s,0,621345,6048
123,351,JU,p,0,104,377,GEORGE,g,0,107,368,GARY,g,0,112,352,SAM,p,0,107,351,YOUNG,p,0,117,353,TERRY,b,0,143526,6049
