99,309,LE,b,0,91,300,PETER,b,2,97,301,CLIVE,s,0,88,313,DAN,p,0,95,313,PAULA,p,0,101,304,TIM,s,0,364512,5399
103,316,RICA,b,0,90,301,JOEL,p,0,105,306,CLIVE,s,0,101,328,JU,p,0,94,314,ROBER,s,0,96,317,SAM,b,0,423561,5400
88,300,JU,s,0,90,325,LE,b,0,96,311,SANDY,p,0,96,307,KNIGHT,s,0,100,316,LIA,b,0,92,308,TERRY,g,0,634125,5401
98,314,LY,s,0,90,325,SAMMY,p,0,104,323,GREY,p,0,91,322,LE,s,0,99,317,CLIVE,b,0,88,328,TOM,p,0,326145,5402
101,321,TOM,s,0,90,326,FOX,b,0,95,328,DAN,g,2,104,300,MARIE,s,0,88,319,ANDY,g,0,101,312,DARIO,s,0,341652,5403
93,305,DARIO,p,0,100,327,JENNY,p,0,103,303,MIKE,g,0,92,315,LIA,b,0,105,327,SAM,p,0,97,302,PETER,b,0,352146,5404
97,312,SEAN,p,0,100,320,EDWARD,b,0,104,308,YOUNG,b,0,105,324,RICA,b,0,104,328,PAULA,s,0,104,323,JENNY,b,0,516432,5405
89,326,DAN,p,0,100,321,ARL,p,0,95,313,SANDY,b,2,100,309,NANCY,b,0,92,300,SAM,b,2,100,307,SEAN,g,0,261534,5406
92,310,ARL,g,0,100,322,ANDY,b,0,103,325,LIA,s,0,95,317,BLUES,g,0,92,301,HARVEY,g,0,95,327,TIM,p,0,316542,5407
95,317,ELEN,g,0,100,322,LIA,p,0,93,300,SARA,s,0,90,302,LE,g,2,98,302,GRAHAM,g,0,91,318,CLIVE,s,0,523614,5408
105,301,YOUNG,g,0,99,316,ARL,b,0,101,305,LE,s,2,96,311,RUDY,g,0,97,304,SANDY,p,0,105,301,DARIO,b,0,135426,5409
91,308,RICA,b,0,92,317,MARIE,p,0,92,311,JENNY,p,0,91,326,TOM,p,0,103,312,PAU,s,0,100,322,DARIO,g,0,645231,5410
101,322,BLUES,b,0,92,317,LY,b,0,100,316,ELEN,p,0,104,304,GARY,p,0,102,313,LIA,b,0,89,312,PETER,p,0,436215,5411
104,306,RICA,b,0,92,318,PETER,p,0,91,328,RUDY,g,2,99,319,GREY,p,0,91,315,HARVEY,g,0,103,326,ELEN,s,0,624351,5412
89,313,LIA,b,2,92,312,LE,b,0,99,303,PAULA,g,0,94,328,SANDY,p,0,90,316,GREY,p,0,99,316,MARIE,b,0,345612,5413
99,327,JOEL,s,0,91,312,JU,p,0,89,308,DAN,b,0,100,313,RICA,s,0,96,317,RUDY,p,0,94,307,HARVEY,g,0,541263,5414
103,304,SEAN,s,0,91,313,BLUES,b,0,91,313,RICA,b,0,95,321,KNIGHT,s,0,96,319,PETER,s,0,90,321,ANDY,p,2,541623,5415
95,318,PAULA,s,2,102,313,JU,p,0,99,318,MARIE,b,0,90,306,NANCY,s,0,102,320,LE,b,0,104,311,SARA,s,0,264153,5416
98,302,GEORGE,p,0,102,307,GREY,b,2,89,300,ELEN,s,0,103,315,YOUNG,b,0,101,328,FOX,g,0,99,302,JU,b,0,531642,5417
90,309,LE,p,0,101,308,RICA,p,0,97,305,JOEL,s,0,98,300,DAN,b,2,100,300,LY,p,0,88,322,DARIO,g,0,531264,5418
93,323,BLUES,p,2,101,308,MIKE,b,0,88,310,JOEL,p,0,93,308,YOUNG,b,0,89,301,PETER,s,2,102,306,JAMES,g,2,613524,5419
97,300,YOUNG,g,0,101,309,TIM,p,0,96,315,JOHN,p,0,99,323,RICA,g,0,88,302,MIKE,s,0,97,326,FOX,p,0,635214,5420
89,314,GREY,g,0,101,310,MARIE,b,0,104,320,JOHN,g,0,94,302,ANDY,g,0,94,304,PETER,b,2,93,317,ELEN,s,0,631425,5421
92,328,RUDY,g,2,94,303,JENNY,p,2,95,302,LY,g,0,89,317,HARVEY,g,0,93,305,TOM,g,0,89,300,ARL,b,0,312456,5422
102,305,JAMES,b,0,94,304,JOEL,b,0,103,307,YOUNG,g,0,102,325,GEORGE,p,0,99,313,JENNY,p,0,102,321,SARA,g,2,436521,5423
105,319,RICA,b,0,93,305,GRAHAM,p,0,93,312,MARIE,b,0,97,310,GARY,p,0,99,315,JAMES,s,0,98,311,PETER,p,0,564231,5424
98,326,YOUNG,b,0,93,305,HARVEY,b,0,95,317,TERRY,b,0,103,318,LY,p,0,105,316,SAM,b,0,105,325,PETER,s,0,461235,5425
101,310,LE,s,0,93,329,SAMMY,p,0,103,322,LIA,s,0,98,304,SAM,s,0,104,317,ANDY,b,0,101,316,LY,b,0,312465,5426
104,324,MIKE,s,0,93,300,ROBIN,b,2,93,328,TIM,s,0,93,312,GREY,s,0,93,319,LE,g,0,96,306,JENNY,g,2,631452,5427
96,301,GREY,s,0,103,300,ARL,p,0,101,309,ROBER,p,0,88,327,MARIE,s,2,92,320,SAM,p,0,92,320,JAMES,p,0,263154,5428
99,315,TOM,p,0,103,301,ARL,b,0,92,315,ANDY,p,0,101,305,JAMES,b,2,91,321,JU,s,0,88,310,SARA,s,0,315624,5429
92,322,JOEL,p,0,103,325,RICA,p,0,100,320,DARIO,p,0,89,321,JENNY,b,0,97,300,GREY,b,0,101,301,TERRY,b,0,321546,5430
95,306,ELEN,p,0,103,325,JOEL,b,0,91,325,LE,g,0,102,329,GARY,b,0,96,301,PAU,g,0,90,314,SEAN,g,0,513642,5431
105,320,AIMEE,p,0,103,326,JAMES,p,0,99,300,TERRY,g,2,97,314,MIKE,b,0,103,302,LE,g,0,104,305,YOUNG,g,0,126345,5432
90,327,YOUNG,g,0,102,326,SEAN,b,0,89,312,FOX,b,0,92,322,DARIO,g,0,102,304,PAULA,p,0,99,325,NANCY,p,0,645123,5433
93,311,HARVEY,g,0,95,320,MARIE,p,0,97,317,JENNY,b,0,104,308,JOHN,g,0,90,305,FOX,s,2,95,309,SAM,s,0,642513,5434
103,325,YOUNG,g,0,95,321,KNIGHT,b,0,99,322,GEORGE,s,2,93,316,AIMEE,g,0,90,306,JENNY,b,0,91,300,JOHN,b,0,134625,5435
89,302,FOX,b,0,95,321,RUDY,p,0,89,327,DAN,s,0,88,301,JENNY,p,0,96,315,AIMEE,g,0,104,320,KNIGHT,g,0,654231,5436
99,316,BLUES,b,0,95,322,SANDY,b,0,97,302,AIMEE,p,0,101,309,JOEL,p,0,95,316,PETER,p,0,100,304,ARL,p,0,563412,5437
102,323,ANDY,b,0,94,316,SAM,p,0,88,314,JAMES,p,2,96,325,SAMMY,p,0,101,317,SEAN,p,0,89,324,EDWARD,s,0,324651,5438
94,307,ROBER,s,0,94,316,JOHN,b,0,96,319,PETER,p,0,91,303,GRAHAM,s,2,100,319,SEAN,s,0,103,315,PAULA,b,0,534162,5439
98,321,ANDY,s,0,94,317,TERRY,p,0,104,324,SEAN,g,0,103,318,RUDY,s,0,100,320,LY,b,0,98,305,BLUES,g,0,364125,5440
101,328,BLUES,s,0,105,318,DAN,b,0,95,329,TIM,g,2,92,326,LIA,s,0,88,322,KNIGHT,g,0,94,319,SARA,p,0,416532,5441
93,312,YOUNG,p,0,104,318,LIA,p,0,103,304,ELEN,b,0,104,311,RUDY,b,0,105,323,JAMES,p,0,90,309,CLIVE,s,0,251643,5442
96,319,ELEN,p,0,104,312,TIM,b,0,93,316,GARY,b,0,100,320,PETER,b,0,93,301,SAM,s,0,103,300,SARA,b,0,512463,5443
89,303,JU,p,0,104,313,SARA,p,0,102,321,LIA,s,0,95,305,MIKE,b,0,93,302,JENNY,s,0,92,314,PAULA,g,0,632514,5444
92,317,JAMES,g,0,104,313,GRAHAM,b,2,103,327,EDWARD,s,0,90,313,SANDY,g,0,99,304,ELEN,b,0,88,304,RICA,g,0,134526,5445
95,324,JOHN,g,0,104,314,JAMES,p,0,93,302,GEORGE,s,0,96,328,LY,g,0,98,305,BLUES,g,0,102,325,DAN,p,2,623415,5446
105,308,ROBIN,g,2,97,308,KNIGHT,b,0,102,307,SAMMY,p,0,91,307,AIMEE,g,0,104,307,PAU,p,2,97,308,GEORGE,s,0,156342,5447
90,315,SAMMY,b,0,96,308,BLUES,p,0,92,312,JOEL,p,0,103,322,HARVEY,g,0,104,308,AIMEE,s,0,93,329,SARA,b,0,523461,5448
100,329,AIMEE,b,0,96,309,JENNY,b,0,100,324,JU,g,0,99,300,JAMES,p,2,92,316,GRAHAM,b,2,89,319,TIM,g,0,346251,5449
103,313,GEORGE,b,2,96,309,EDWARD,p,2,91,329,PAU,g,0,94,315,JU,p,0,91,317,GARY,g,0,102,303,MARIE,p,2,462351,5450
96,320,SEAN,b,0,96,303,FOX,b,0,99,304,CLIVE,b,0,99,324,ARL,p,0,97,319,KNIGHT,g,0,91,323,JU,s,0,564132,5451
99,304,HARVEY,s,0,96,304,ANDY,p,0,89,309,DAN,b,0,95,309,MARIE,s,0,97,320,PAU,p,0,105,314,ELEN,b,0,425163,5452
102,311,ARL,s,2,88,304,ANDY,b,0,98,314,ROBER,b,0,90,317,SEAN,s,0,96,322,RICA,s,0,100,328,JOHN,g,0,561423,5453
94,325,MIKE,s,0,88,305,RUDY,p,0,88,326,JOEL,s,0,102,302,NANCY,s,0,102,323,KNIGHT,b,0,96,318,DAN,p,2,423165,5454
98,309,MIKE,p,0,88,329,SAMMY,b,2,89,301,LY,s,0,97,311,LE,b,0,101,324,SANDY,g,0,92,309,PETER,s,0,516324,5455
90,316,HARVEY,p,2,88,329,SAM,p,0,98,306,DAN,p,0,93,326,PAULA,b,0,90,302,ELEN,p,0,88,322,YOUNG,b,0,315264,5456
93,300,TOM,p,0,105,300,RUDY,b,0,88,311,GEORGE,p,0,98,304,GREY,b,0,89,304,ROBER,p,0,101,313,JAMES,g,0,135642,5457
103,307,SARA,g,0,105,301,ELEN,p,0,96,316,DARIO,g,0,94,319,JOHN,g,0,95,305,AIMEE,s,0,90,303,GEORGE,p,2,123564,5458
89,321,SARA,g,0,98,324,DAN,b,0,104,328,GRAHAM,g,0,89,328,EDWARD,g,2,94,307,ARL,b,0,104,324,PAULA,p,0,614532,5459
92,305,MIKE,g,0,98,325,LE,p,2,95,303,KNIGHT,g,0,101,313,GARY,g,0,100,308,CLIVE,g,2,99,307,JAMES,s,0,641253,5460
102,312,SAM,b,0,98,326,TIM,b,0,103,309,LY,b,2,96,321,GARY,p,0,100,309,PAU,p,0,95,328,HARVEY,b,0,456312,5461
105,326,SANDY,b,0,97,326,SARA,p,0,94,314,GRAHAM,b,0,102,306,RICA,p,0,88,317,DARIO,s,2,91,318,NANCY,g,0,246513,5462
97,303,ARL,b,0,97,327,SANDY,b,0,102,319,JENNY,s,0,97,315,MARIE,p,0,105,319,ELEN,s,0,104,302,JOHN,p,0,564321,5463
100,317,MARIE,s,0,97,321,GEORGE,p,0,103,301,AIMEE,s,2,93,300,JOHN,p,0,104,320,ANDY,b,0,93,323,FOX,s,0,143625,5464
93,301,AIMEE,s,0,90,321,ELEN,b,0,94,306,KNIGHT,p,0,105,308,CLIVE,s,0,93,322,JAMES,g,0,89,313,RICA,b,0,453126,5465
96,308,ROBER,s,0,90,322,SARA,p,0,102,311,ROBIN,p,0,100,323,DAN,s,0,92,323,JU,p,0,103,327,CLIVE,g,0,324615,5466
99,322,GARY,p,0,90,322,EDWARD,b,0,92,316,LE,g,2,89,302,ARL,s,0,98,324,AIMEE,s,0,98,317,SARA,p,0,651342,5467
91,329,GEORGE,p,0,89,316,GREY,p,0,100,321,AIMEE,g,0,101,317,ARL,b,0,98,303,ELEN,b,0,94,308,RUDY,s,0,136245,5468
94,313,TERRY,p,0,89,317,JOEL,b,0,91,326,JAMES,g,0,96,325,LE,b,2,104,304,GARY,b,0,90,321,ROBER,b,0,513264,5469
104,327,RICA,p,0,89,317,SAMMY,p,0,99,308,JAMES,b,2,92,310,NANCY,b,2,103,305,SANDY,g,0,103,312,MIKE,g,0,615234,5470
90,304,ANDY,g,0,100,318,FOX,b,0,90,313,YOUNG,b,0,104,319,AIMEE,g,0,91,307,SAM,p,0,92,302,SEAN,p,0,615423,5471
100,318,AIMEE,g,0,99,312,RICA,p,0,98,318,SAM,s,0,99,304,GARY,g,0,91,308,TERRY,s,0,88,316,CLIVE,p,0,243516,5472
103,325,YOUNG,g,0,99,312,NANCY,b,2,88,323,GRAHAM,s,0,105,312,PAULA,g,0,97,309,KNIGHT,b,0,101,307,LE,s,0,146325,5473
89,309,KNIGHT,b,0,99,313,MARIE,p,0,90,328,SAMMY,p,0,100,327,NANCY,p,0,96,311,SANDY,g,0,97,327,BLUES,b,0,423561,5474
99,322,NANCY,b,0,99,314,TOM,b,0,98,310,JAMES,p,0,95,306,EDWARD,p,0,95,319,JU,g,2,93,311,TERRY,g,0,536421,5475
102,300,GRAHAM,b,0,99,307,MIKE,p,0,88,315,DARIO,p,0,91,321,SARA,p,0,101,320,GREY,p,0,89,301,ANDY,p,0,352461,5476
94,314,MIKE,s,0,91,308,JAMES,b,0,96,321,JU,g,0,103,329,LE,s,0,101,322,DAN,s,0,102,322,KNIGHT,s,2,645132,5477
97,321,YOUNG,s,0,91,309,ROBER,p,2,105,326,ANDY,g,0,92,314,JOEL,s,0,89,323,TOM,b,0,91,305,EDWARD,b,0,134256,5478
90,305,SANDY,s,0,91,309,ELEN,b,0,95,301,SARA,b,0,104,323,SAMMY,s,0,88,324,AIMEE,g,0,105,326,GARY,g,0,645123,5479
93,318,RUDY,p,0,91,303,HARVEY,p,0,103,313,GREY,b,0,99,308,PETER,s,2,94,326,JENNY,p,0,100,316,EDWARD,p,0,641523,5480
96,326,GARY,p,2,91,304,KNIGHT,b,0,94,318,TOM,s,0,94,316,SAMMY,b,0,94,304,AIMEE,p,0,96,307,SARA,s,2,613542,5481
88,309,PAULA,p,0,90,304,LY,p,0,102,323,ROBER,s,0,90,301,SANDY,b,0,100,305,KNIGHT,s,0,92,321,JOEL,b,0,351246,5482
91,317,GRAHAM,g,0,101,305,NANCY,s,2,92,328,PETER,s,0,95,309,JENNY,b,0,99,307,LE,b,0,105,311,TIM,g,0,263145,5483
101,300,GARY,g,2,101,305,RUDY,g,0,94,303,GREY,p,0,91,325,BLUES,g,0,105,308,ANDY,g,0,94,302,PAU,p,0,136452,5484
104,314,JOEL,g,0,101,329,PETER,s,0,102,315,GEORGE,p,0,103,303,JOHN,g,0,105,309,RUDY,p,0,90,315,YOUNG,p,2,534126,5485
90,322,EDWARD,b,0,100,300,PETER,g,0,92,320,GRAHAM,g,0,98,318,GEORGE,g,0,93,311,FOX,s,0,103,306,KNIGHT,s,0,542631,5486
100,305,JENNY,b,2,100,300,JAMES,s,0,101,325,HARVEY,g,0,93,326,TOM,p,0,92,312,GREY,s,0,99,326,GARY,b,0,324561,5487
103,313,KNIGHT,b,0,100,301,FOX,g,2,91,300,GREY,b,0,89,312,SARA,p,0,92,320,SANDY,b,2,95,310,RICA,g,0,264531,5488
95,326,GREY,s,0,93,325,SAM,s,0,99,305,LY,b,0,94,320,TERRY,p,0,98,322,JU,g,0,91,300,PAU,p,2,261453,5489
99,310,SAMMY,s,2,93,325,JOHN,g,0,90,310,DAN,b,2,90,305,ANDY,s,2,97,323,DARIO,p,2,104,321,RICA,s,0,652143,5490
91,317,EDWARD,s,0,93,326,YOUNG,s,0,98,322,BLUES,s,0,102,313,CLIVE,s,0,103,324,JOHN,s,0,93,305,ROBER,b,0,532416,5491
94,301,HARVEY,s,0,92,327,TERRY,g,0,88,327,TOM,s,0,97,329,GRAHAM,s,0,102,326,GREY,b,0,89,325,SANDY,g,0,461235,5492
97,308,CLIVE,p,0,92,320,JU,s,0,97,303,ROBER,p,2,92,307,ROBIN,b,0,91,327,RUDY,b,0,102,315,GRAHAM,p,0,631245,5493
90,322,SEAN,p,0,92,321,GREY,g,0,98,308,TOM,p,0,98,322,YOUNG,b,0,90,305,RICA,g,0,98,329,JENNY,s,0,563124,5494
93,306,SEAN,p,0,103,322,GEORGE,s,0,88,313,JU,g,0,93,300,CLIVE,b,0,96,307,YOUNG,p,0,94,320,DARIO,b,0,251364,5495
103,313,DAN,g,0,102,322,HARVEY,g,0,97,325,GRAHAM,g,2,89,316,FOX,g,0,95,308,JU,s,0,90,310,PETER,g,0,125634,5496
88,327,YOUNG,g,0,102,316,ELEN,s,0,105,300,TIM,b,0,101,324,SAM,g,0,102,309,SANDY,b,0,96,324,GREY,p,0,241653,5497
98,304,GRAHAM,g,0,102,317,GREY,g,0,95,305,LE,b,0,96,309,SEAN,g,0,101,311,CLIVE,g,0,92,314,LY,s,0,526134,5498
101,318,GEORGE,b,0,102,317,TERRY,s,0,103,310,AIMEE,b,2,102,317,JU,g,0,100,312,LY,p,0,88,305,LIA,s,0,426531,5499
104,302,PAULA,b,0,102,318,RICA,g,0,94,315,RUDY,s,0,97,302,MIKE,p,2,89,314,ANDY,p,0,101,319,ELEN,b,0,354261,5500
97,309,JENNY,b,0,95,312,ARL,s,0,102,327,LIA,s,0,92,311,MIKE,p,2,88,322,LE,s,2,97,309,PAULA,g,0,365241,5501
100,323,MARIE,s,0,94,312,GEORGE,g,0,93,302,LIA,p,0,105,326,EDWARD,p,0,94,323,RUDY,b,0,93,329,ROBIN,p,0,412635,5502
92,300,CLIVE,s,0,94,313,KNIGHT,s,0,101,307,PAULA,p,0,100,304,AIMEE,s,0,93,325,GRAHAM,g,2,89,320,RICA,s,0,462315,5503
95,314,JOEL,s,0,94,313,GREY,g,0,102,312,RUDY,g,0,95,319,SARA,s,0,99,326,CLIVE,p,0,95,304,YOUNG,b,0,534126,5504
88,328,YOUNG,p,0,94,307,ROBIN,s,0,93,317,KNIGHT,g,0,101,328,GEORGE,s,0,99,327,JU,s,0,91,324,HARVEY,g,0,254163,5505
91,305,AIMEE,p,0,93,308,JOEL,g,2,101,329,GRAHAM,g,0,96,313,ELEN,b,0,105,329,ROBER,s,0,104,315,CLIVE,p,0,652134,5506
94,319,FOX,p,0,104,308,RICA,s,0,91,304,TERRY,b,0,91,321,ANDY,b,0,104,307,JU,b,0,100,328,ROBIN,s,0,216534,5507
104,326,JAMES,g,0,104,309,JU,g,0,99,309,KNIGHT,b,0,104,306,SEAN,b,0,92,308,LY,g,0,96,319,ROBER,b,2,152364,5508
90,310,LE,g,0,104,310,TERRY,s,0,90,315,JU,s,0,99,315,JOEL,g,0,92,310,MIKE,p,0,92,309,PETER,g,0,524316,5509
100,324,MARIE,g,0,103,304,NANCY,g,0,98,320,LY,s,0,105,300,JOHN,g,0,91,311,JU,s,0,105,323,SANDY,p,0,623514,5510
103,301,NANCY,g,0,103,304,PAULA,s,2,89,325,FOX,p,0,100,308,ROBER,g,2,97,312,YOUNG,b,0,94,313,BLUES,s,0,143625,5511
95,315,TOM,b,0,103,305,SEAN,g,0,97,307,AIMEE,p,0,95,323,GEORGE,p,0,96,314,SAMMY,b,0,90,304,PAULA,s,2,243651,5512
98,322,ELEN,b,0,96,305,TERRY,s,0,105,312,TIM,p,0,90,302,TOM,p,0,102,315,DARIO,g,0,103,318,ANDY,b,0,354261,5513
101,306,DAN,b,0,96,329,JAMES,g,0,88,317,PAULA,g,0,103,317,DARIO,p,0,102,323,AIMEE,p,0,99,308,ROBIN,g,0,465231,5514
94,320,BLUES,s,2,96,300,ROBER,s,0,97,322,DAN,g,0,91,325,HARVEY,p,0,90,325,LIA,s,0,95,329,SEAN,p,0,254361,5515
97,327,GRAHAM,s,0,95,300,GEORGE,g,2,105,327,ROBIN,b,0,104,310,JOEL,s,0,89,326,SARA,b,2,91,312,GREY,s,2,642135,5516
89,311,SANDY,s,0,95,301,TERRY,s,0,95,309,PETER,b,0,99,319,JOHN,s,0,96,327,ARL,g,0,97,303,TIM,b,0,542163,5517
92,318,GARY,p,2,95,325,ROBER,g,0,103,314,JU,s,0,94,304,JOEL,s,0,95,329,HARVEY,g,2,93,323,JOHN,g,0,135426,5518
95,302,NANCY,p,0,88,325,MIKE,s,0,94,319,ANDY,s,2,89,312,GEORGE,b,0,101,300,CLIVE,p,0,89,307,FOX,p,0,531624,5519
88,316,BLUES,p,0,105,326,RUDY,g,0,102,324,SEAN,s,0,95,327,PAULA,b,0,100,308,EDWARD,s,0,102,327,ELEN,s,2,635214,5520
91,323,TIM,g,2,105,327,RICA,s,2,93,329,CLIVE,p,0,90,306,DARIO,b,2,89,310,ROBIN,b,0,98,318,GARY,b,0,123654,5521
101,307,MIKE,g,0,105,320,ROBIN,g,0,101,311,KNIGHT,p,2,103,321,PETER,g,0,88,311,RUDY,g,0,94,308,SEAN,g,0,132465,5522
104,314,DARIO,g,0,105,321,GREY,s,0,91,316,SARA,g,0,98,329,SEAN,g,0,105,312,SANDY,p,0,90,322,TIM,p,0,142653,5523
96,328,LIA,b,2,105,322,SAM,g,0,93,321,FOX,g,0,93,314,TOM,g,0,93,314,SANDY,p,0,96,313,PAULA,s,0,643521,5524
100,312,TIM,b,0,98,322,FOX,s,0,101,326,SEAN,b,2,88,323,MIKE,p,0,93,315,SANDY,s,0,92,303,ELEN,s,0,562431,5525
103,319,PAU,b,0,97,316,GREY,g,0,91,302,MARIE,b,0,94,308,BLUES,p,0,99,323,SANDY,b,0,88,317,LIA,b,0,246153,5526
95,303,ANDY,s,0,97,317,JOEL,s,0,99,313,NANCY,b,0,89,316,AIMEE,p,0,98,325,MIKE,g,0,101,307,BLUES,g,0,526413,5527
98,310,ANDY,s,0,97,317,PAULA,g,0,90,319,MARIE,s,2,102,301,DAN,s,0,104,326,JOHN,p,0,97,328,ELEN,p,0,654123,5528
90,324,GRAHAM,s,0,97,318,LE,s,0,98,324,DARIO,s,0,97,310,SEAN,s,0,103,327,EDWARD,s,2,93,311,HARVEY,s,0,354261,5529
94,308,JU,s,0,96,318,PETER,g,0,89,329,LIA,p,0,92,325,JAMES,s,0,92,329,JOHN,s,0,89,302,LE,b,0,521436,5530
104,315,LY,p,0,89,312,RUDY,s,0,97,304,NANCY,p,0,98,303,JOEL,s,2,91,300,FOX,b,2,95,322,SANDY,g,0,134625,5531
89,329,GEORGE,p,0,89,313,SEAN,g,0,105,309,LE,g,0,93,318,PETER,b,2,97,301,LY,g,0,91,306,RICA,p,0,126534,5532
92,313,NANCY,p,0,89,313,RICA,s,0,89,321,CLIVE,g,0,88,327,EDWARD,b,0,96,310,DAN,p,0,104,327,ROBIN,s,0,561324,5533
102,320,EDWARD,g,0,89,314,CLIVE,g,2,97,326,DARIO,b,0,101,312,ROBIN,b,0,96,311,RUDY,s,0,100,317,ELEN,b,0,152463,5534
88,304,GARY,g,0,89,308,RICA,s,0,105,301,RUDY,b,0,96,320,JOEL,g,0,102,312,TERRY,b,0,96,301,PAULA,g,0,462153,5535
98,311,LIA,g,0,88,308,PAU,g,0,95,306,SEAN,b,0,102,305,ROBER,g,0,101,314,KNIGHT,b,0,92,321,MIKE,p,0,641235,5536
101,325,LY,b,0,88,309,MIKE,s,0,104,311,ARL,s,0,97,313,LIA,g,0,90,315,EDWARD,g,0,98,312,RUDY,s,0,365421,5537
93,309,PAU,b,0,99,310,RICA,g,0,94,323,GEORGE,s,0,92,329,JAMES,p,0,89,316,DARIO,p,0,94,325,LE,b,0,342516,5538
96,316,RUDY,b,0,99,303,SAMMY,s,2,102,328,DARIO,p,0,105,307,LE,p,0,95,325,SARA,s,0,90,316,ROBIN,b,2,542316,5539
100,300,RUDY,s,0,98,304,MARIE,g,0,93,303,PAULA,p,0,100,322,JAMES,p,0,94,326,SAM,b,0,103,306,GEORGE,g,0,624135,5540
92,307,YOUNG,s,0,98,305,MARIE,s,0,101,308,PAULA,g,0,95,300,JOEL,s,0,100,327,CLIVE,g,0,99,320,JAMES,p,0,536214,5541
95,321,YOUNG,s,0,98,305,RICA,g,0,91,314,DARIO,g,0,101,316,FOX,s,2,100,329,TERRY,g,0,95,311,SEAN,s,0,546213,5542
105,305,TOM,p,0,98,329,DAN,s,0,93,325,TIM,g,0,96,324,JOEL,s,0,88,300,GEORGE,p,0,91,301,DARIO,b,2,125436,5543
91,312,JOEL,p,0,91,300,DAN,g,2,101,301,HARVEY,b,0,91,309,PAU,b,0,105,302,JENNY,s,2,97,322,EDWARD,g,0,651243,5544
100,326,HARVEY,p,0,91,300,RUDY,s,0,91,306,PAU,b,0,104,317,JENNY,b,0,104,303,ROBER,b,0,93,305,GRAHAM,p,0,126543,5545
104,303,RUDY,g,0,90,301,JAMES,g,0,100,311,SEAN,s,0,99,303,TOM,b,0,93,311,PETER,g,0,89,326,YOUNG,s,0,315642,5546
89,317,DAN,g,0,90,325,ROBER,s,0,90,316,AIMEE,s,0,105,311,GREY,g,0,92,312,ANDY,p,0,102,316,ROBIN,b,2,453126,5547
99,301,LIA,g,0,90,325,GARY,g,0,98,328,RICA,p,2,100,326,RUDY,g,0,98,314,ANDY,s,0,98,300,AIMEE,g,0,264135,5548
102,308,ANDY,g,2,90,326,KNIGHT,s,2,89,303,FOX,p,0,95,304,YOUNG,g,0,97,315,RUDY,s,0,94,320,NANCY,p,0,625413,5549
95,322,DAN,b,0,100,326,TIM,g,0,97,308,FOX,p,0,90,320,BLUES,g,0,103,317,GARY,b,0,90,311,ANDY,s,0,234651,5550
98,329,AIMEE,b,0,100,327,GRAHAM,s,0,105,313,CLIVE,g,2,103,328,SANDY,p,0,103,318,LE,g,0,96,325,MIKE,b,2,523416,5551
101,313,FOX,b,2,100,321,DAN,g,0,96,318,SARA,g,0,91,313,RUDY,p,2,91,326,HARVEY,p,0,92,315,GRAHAM,b,0,234561,5552
93,327,GRAHAM,s,0,100,321,GREY,s,0,97,323,SAMMY,b,0,104,321,SEAN,p,0,90,327,ROBIN,s,0,105,306,SANDY,g,0,264513,5553
96,304,EDWARD,s,0,99,322,JENNY,g,0,105,305,GREY,b,2,99,306,PAU,s,0,97,329,YOUNG,b,0,101,319,NANCY,p,0,421635,5554
89,318,BLUES,s,2,99,323,FOX,s,0,96,310,RUDY,s,0,94,315,CLIVE,s,0,96,300,ELEN,b,0,97,310,JOEL,s,0,324615,5555
92,325,GARY,p,0,92,316,JOEL,g,0,104,315,GRAHAM,s,0,89,300,TOM,s,0,95,302,HARVEY,g,0,93,300,LIA,b,0,321456,5556
102,309,YOUNG,p,0,92,317,DARIO,s,0,94,320,SAM,s,2,102,308,EDWARD,b,0,101,303,SEAN,p,2,99,314,JOEL,g,0,152634,5557
105,323,YOUNG,p,2,92,318,TOM,g,0,102,326,FOX,p,0,90,323,KNIGHT,b,0,100,304,SAMMY,s,0,95,304,PETER,p,0,135264,5558
91,300,TOM,g,0,92,318,HARVEY,s,0,93,307,GREY,p,0,103,302,YOUNG,b,0,89,312,ROBER,b,2,91,325,LIA,s,0,162345,5559
100,314,PAULA,g,0,91,312,SAMMY,g,0,101,313,LIA,g,0,98,317,KNIGHT,g,0,88,314,TIM,g,0,104,309,BLUES,b,0,324156,5560
104,321,BLUES,g,0,91,313,GEORGE,s,0,92,318,HARVEY,g,0,93,325,JU,g,0,94,315,LY,g,0,100,329,KNIGHT,g,0,126354,5561
96,305,ROBER,b,0,102,313,EDWARD,g,0,100,323,MIKE,b,0,88,310,JOHN,g,2,94,317,ROBIN,p,0,96,320,RICA,p,0,526413,5562
99,319,DAN,b,0,102,314,GEORGE,s,0,101,328,ROBER,b,0,94,319,SANDY,p,2,100,318,ROBIN,s,0,92,303,TIM,s,0,654231,5563
91,326,GREY,b,0,101,308,PETER,g,0,92,310,PAULA,s,0,89,304,RUDY,p,0,99,319,SANDY,b,0,98,324,DARIO,b,0,423516,5564
95,310,GREY,s,0,101,308,RICA,s,0,100,315,LE,s,0,102,312,PETER,p,0,105,328,JU,g,0,94,314,JOHN,b,0,453216,5565
98,317,AIMEE,s,0,101,309,SAM,g,0,90,320,JENNY,s,0,97,327,CLIVE,p,0,104,329,ANDY,p,0,90,305,GREY,g,0,541362,5566
90,301,SEAN,s,0,101,309,LIA,s,2,98,325,RUDY,p,0,92,306,ANDY,s,0,93,300,FOX,p,0,103,318,PAU,p,0,624351,5567
93,315,NANCY,s,0,94,303,PAULA,g,0,89,300,GREY,p,0,98,321,HARVEY,s,0,92,302,RUDY,s,0,99,309,MARIE,s,0,416532,5568
103,322,SEAN,p,0,94,304,ARL,s,0,97,312,SAMMY,g,0,93,329,KNIGHT,s,0,91,303,TERRY,b,0,95,329,RICA,b,0,213465,5569
89,306,TOM,p,0,93,304,EDWARD,g,0,105,317,SARA,g,0,88,314,HARVEY,b,0,97,304,TERRY,g,2,101,313,JU,g,2,623514,5570
99,313,PAULA,p,0,93,305,PAU,s,0,96,322,JU,b,0,101,323,EDWARD,b,0,97,306,ROBIN,p,0,97,304,AIMEE,p,0,156234,5571
102,327,GREY,g,0,93,306,TOM,g,2,104,327,YOUNG,b,0,96,308,TIM,b,0,103,314,ARL,s,2,93,324,SANDY,s,0,156234,5572
105,311,CLIVE,g,0,93,329,JENNY,s,0,105,302,PETER,b,0,91,316,ARL,g,2,102,315,LY,s,0,89,308,SAMMY,b,0,152463,5573
97,318,GEORGE,g,0,103,300,PAU,g,0,96,308,PETER,s,0,97,301,NANCY,g,0,91,317,ANDY,b,0,102,328,TERRY,g,2,234651,5574
101,302,SARA,b,0,103,301,LIA,s,0,104,319,RICA,s,0,92,310,ARL,g,0,90,318,SANDY,g,0,98,319,JU,p,0,432561,5575
93,309,MIKE,b,0,103,301,LE,g,0,94,325,EDWARD,p,0,105,325,JOHN,p,0,96,319,PAULA,p,0,94,302,DARIO,s,0,425631,5576
96,323,SAMMY,b,0,103,325,EDWARD,s,2,103,300,JAMES,p,2,100,303,SANDY,p,0,95,321,KNIGHT,s,0,100,323,RICA,b,0,534216,5577
88,307,PETER,s,0,102,326,MARIE,g,0,93,305,NANCY,g,0,95,318,YOUNG,p,0,101,329,ROBER,b,0,96,313,GEORGE,g,2,241356,5578
91,314,YOUNG,s,0,102,326,PETER,s,0,101,310,GARY,g,0,101,327,SAM,s,0,101,300,MIKE,b,0,92,327,GEORGE,g,0,632415,5579
95,328,JAMES,s,2,95,327,KNIGHT,g,0,92,322,GEORGE,g,2,96,312,AIMEE,s,0,100,302,EDWARD,g,0,105,318,ARL,p,0,564213,5580
105,305,KNIGHT,p,0,95,321,MIKE,s,0,100,327,DAN,b,0,91,320,TIM,s,0,88,303,PAU,p,0,101,308,RUDY,s,0,126543,5581
90,319,ANDY,p,0,95,321,LIA,g,0,90,302,EDWARD,b,0,104,305,LY,s,0,105,304,DARIO,s,0,97,322,SANDY,b,2,512436,5582
100,303,AIMEE,p,2,95,322,YOUNG,s,0,92,307,GARY,s,2,99,314,SAM,b,2,94,306,ANDY,b,0,93,312,BLUES,g,0,123654,5583
103,310,SEAN,g,0,94,322,PETER,g,0,100,312,LIA,s,0,105,329,JOEL,b,0,93,314,PAU,g,0,99,303,JOHN,p,0,316254,5584
89,324,PAU,g,0,94,316,MARIE,s,0,90,324,ARL,p,0,100,307,RICA,b,0,99,315,GREY,g,2,95,323,GRAHAM,s,0,265314,5585
99,301,HARVEY,g,2,105,317,FOX,g,0,99,329,DARIO,p,2,95,322,LE,g,0,98,317,KNIGHT,p,0,91,307,ANDY,b,0,512346,5586
102,315,RUDY,g,0,105,317,SEAN,s,0,89,304,TOM,p,0,90,301,JU,g,0,104,318,RICA,s,0,104,327,SANDY,g,0,615324,5587
94,329,ANDY,b,0,104,318,GRAHAM,g,0,97,309,PETER,g,0,103,316,JOHN,g,0,104,319,TOM,b,0,100,318,JAMES,p,0,463215,5588
97,306,GARY,b,2,104,312,LE,s,0,105,314,TIM,g,0,98,324,SAM,p,0,92,321,ELEN,g,0,96,301,BLUES,s,0,345621,5589
90,320,TIM,b,0,104,312,LY,g,0,96,326,SARA,b,0,104,309,HARVEY,p,0,91,322,GRAHAM,p,0,102,322,ELEN,b,0,524316,5590
93,327,ROBER,s,0,104,313,GARY,s,0,104,301,PAU,b,0,99,318,GREY,p,0,91,300,JOEL,p,0,98,312,MIKE,g,0,264153,5591
96,311,TOM,s,2,97,314,SEAN,g,0,95,307,JAMES,s,0,94,303,GRAHAM,s,0,97,302,LY,s,0,94,326,TIM,g,0,613245,5592
88,324,BLUES,s,0,97,314,ANDY,s,0,96,312,PETER,s,0,89,311,EDWARD,s,2,96,303,JENNY,b,0,90,317,ARL,p,0,326145,5593
91,302,CLIVE,p,0,96,308,JU,g,0,104,317,AIMEE,p,0,102,326,BLUES,s,2,102,304,TERRY,g,0,103,307,DARIO,s,0,513642,5594
101,316,NANCY,p,0,96,309,PAULA,s,2,95,322,ROBIN,p,0,90,304,CLIVE,b,0,102,306,DARIO,p,0,99,321,ROBER,b,0,125364,5595
105,323,RUDY,p,0,96,309,EDWARD,g,0,103,304,SEAN,p,0,103,320,JENNY,b,0,90,307,GREY,s,0,95,311,AIMEE,g,0,215364,5596
97,307,ROBIN,g,0,96,310,ROBER,s,0,93,309,AIMEE,g,0,98,328,RICA,b,0,89,315,SAMMY,s,0,101,302,GARY,p,0,261543,5597
100,320,TIM,g,0,89,304,PETER,g,0,101,314,ANDY,g,0,93,313,JU,b,0,95,317,BLUES,b,2,97,315,PAU,s,0,623145,5598
103,328,GREY,g,0,88,304,NANCY,s,0,92,319,GEORGE,b,0,88,321,ANDY,g,0,95,318,JENNY,g,0,93,306,KNIGHT,b,0,152436,5599
96,311,BLUES,b,0,88,305,SAMMY,g,2,100,324,SANDY,b,0,94,307,DAN,g,0,101,319,PAU,p,2,89,326,DARIO,g,0,524631,5600
99,319,SAM,b,0,88,305,SANDY,s,0,90,306,NANCY,s,0,89,315,MIKE,g,0,100,321,RICA,s,0,102,310,BLUES,p,2,563241,5601
91,302,ROBIN,b,0,88,329,SANDY,g,0,92,311,GRAHAM,s,0,102,300,DAN,p,0,88,322,BLUES,b,0,98,301,MARIE,s,0,634251,5602
94,316,NANCY,s,0,105,300,FOX,s,0,100,316,RICA,s,0,97,308,PETER,p,0,88,324,PAULA,g,0,93,321,ARL,b,0,231456,5603
104,324,LIA,s,0,98,300,ELEN,g,0,90,321,SANDY,p,0,92,324,YOUNG,p,2,105,302,MARIE,g,0,100,305,JOEL,g,0,134625,5604
90,307,SANDY,s,0,98,301,ELEN,s,2,99,326,HARVEY,p,0,98,302,YOUNG,s,0,93,303,NANCY,p,0,96,325,GARY,g,2,234561,5605
93,315,SAM,p,0,98,325,ROBIN,g,0,89,308,KNIGHT,g,2,93,317,SEAN,s,0,92,305,RICA,s,0,92,316,SARA,p,0,246513,5606
103,328,SAMMY,p,0,98,325,JOEL,s,0,97,313,JOHN,g,0,88,325,TIM,s,0,98,306,PAU,b,0,105,306,TERRY,s,0,316425,5607
88,312,ROBIN,p,0,97,326,RICA,g,0,88,319,GARY,b,0,101,311,CLIVE,b,0,98,307,FOX,g,0,101,320,KNIGHT,b,0,521364,5608
98,319,KNIGHT,p,0,97,327,EDWARD,s,0,96,324,PETER,b,2,96,319,GARY,b,0,104,309,TERRY,p,0,97,310,JAMES,g,2,521634,5609
101,303,JOEL,g,0,90,320,BLUES,g,2,104,329,JU,b,0,91,304,RICA,b,0,103,317,JOHN,p,0,103,301,MARIE,p,0,156234,5610
94,310,ELEN,g,0,90,321,ANDY,s,0,95,311,PAULA,s,0,97,312,FOX,g,0,92,318,GREY,s,0,99,315,SAMMY,s,0,534126,5611
97,324,SANDY,g,0,90,322,MARIE,g,0,96,316,LE,s,2,92,327,NANCY,g,0,91,320,PAU,b,0,95,305,SAM,b,0,241365,5612
100,308,HARVEY,b,0,90,322,BLUES,s,0,104,321,ROBER,p,0,105,306,GEORGE,g,0,97,321,SAM,g,2,91,326,TIM,g,2,536241,5613
92,315,NANCY,b,2,89,323,SEAN,g,0,95,326,RICA,p,0,100,321,TERRY,p,2,96,322,SAM,p,0,104,309,RUDY,p,0,432651,5614
96,329,ELEN,b,0,89,317,YOUNG,s,0,103,301,ROBIN,g,2,95,329,SARA,p,0,96,324,ROBER,s,0,100,300,AIMEE,s,0,465321,5615
88,306,JAMES,s,0,100,317,BLUES,g,0,93,306,PETER,g,0,101,314,TERRY,p,0,102,325,JENNY,s,0,96,320,YOUNG,b,0,425316,5616
91,320,HARVEY,s,2,100,318,LY,s,0,101,318,RUDY,g,0,96,323,SAMMY,p,0,101,303,AIMEE,b,0,102,304,SANDY,g,0,234615,5617
94,304,JENNY,s,0,99,318,LY,g,0,92,323,LE,b,0,91,308,BLUES,s,0,89,305,JOHN,g,0,98,324,RICA,p,0,261453,5618
104,311,ARL,p,0,99,312,JOHN,s,0,100,328,EDWARD,b,0,104,316,SAM,s,0,89,306,RICA,p,0,94,315,SARA,p,0,214653,5619
90,325,LE,p,2,99,313,GARY,g,0,91,303,RUDY,s,0,99,301,LY,s,0,95,307,JOHN,s,0,89,329,JU,s,0,243156,5620
100,302,CLIVE,p,0,99,313,SAM,s,0,99,308,JAMES,s,0,105,310,LY,b,0,94,309,GARY,b,0,103,319,GRAHAM,b,0,123456,5621
103,316,KNIGHT,g,0,92,314,GRAHAM,g,0,100,320,JAMES,p,0,100,325,TOM,b,0,100,310,ELEN,b,0,99,310,LY,g,0,162354,5622
95,300,YOUNG,g,2,91,308,LIA,s,2,91,325,JENNY,p,0,95,303,SARA,b,0,99,318,DAN,g,0,105,323,MARIE,p,0,652314,5623
98,307,PETER,g,0,91,308,RICA,g,0,99,301,BLUES,g,0,90,318,JAMES,g,2,88,320,LY,p,0,101,314,JU,s,0,235614,5624
101,321,GARY,b,0,91,309,TERRY,s,0,89,306,HARVEY,g,0,103,327,SANDY,g,2,105,321,SARA,s,0,97,304,AIMEE,b,0,453261,5625
94,305,TOM,b,2,91,310,RUDY,g,0,97,311,SARA,g,0,98,312,MIKE,g,0,104,322,SANDY,b,2,93,318,GEORGE,g,0,346251,5626
97,312,JOHN,b,0,91,303,LIA,s,0,88,323,CLIVE,b,0,104,320,DARIO,p,0,93,324,PETER,g,0,88,308,SAMMY,p,0,452631,5627
89,326,GEORGE,b,0,101,304,DARIO,g,2,96,328,PAULA,b,0,99,305,SAMMY,p,0,92,325,SARA,g,2,102,329,NANCY,s,0,624531,5628
92,303,ROBER,s,0,101,305,SAM,s,0,104,303,CLIVE,s,0,94,314,GARY,p,0,98,303,FOX,p,0,98,319,MIKE,b,0,542316,5629
102,317,HARVEY,s,0,101,305,LY,g,0,95,308,GEORGE,s,0,89,329,PETER,s,0,97,305,KNIGHT,s,0,104,303,TERRY,g,0,621534,5630
88,301,PAU,s,0,101,329,JOEL,s,0,103,313,JENNY,p,0,102,307,CLIVE,s,0,103,306,SANDY,b,0,100,324,SEAN,p,0,513462,5631
91,308,TOM,p,0,100,300,FOX,g,0,104,325,JAMES,p,0,90,322,DAN,s,0,103,307,EDWARD,g,0,96,314,LIA,p,2,563142,5632
101,322,DAN,p,0,100,300,NANCY,s,2,95,300,ROBER,p,0,103,301,GARY,s,0,91,309,KNIGHT,p,0,92,328,SARA,s,0,142635,5633
104,329,CLIVE,p,0,93,301,NANCY,g,0,103,305,JOEL,g,0,98,316,YOUNG,b,0,90,310,ARL,p,0,105,318,GRAHAM,b,0,213564,5634
97,313,PETER,g,0,93,301,JOEL,s,0,93,310,TERRY,g,2,93,324,LIA,b,2,96,311,SAMMY,s,0,101,309,TOM,g,0,265134,5635
100,327,NANCY,g,0,93,325,RICA,g,0,102,315,MIKE,b,0,88,309,TIM,b,0,96,320,TOM,b,0,97,322,SEAN,p,2,612345,5636
92,304,BLUES,g,0,93,326,DARIO,s,0,92,327,LIA,b,0,94,318,JOEL,g,0,102,321,HARVEY,g,0,103,313,TIM,s,0,526413,5637
95,318,PAULA,b,0,92,326,LE,g,2,100,302,FOX,s,2,89,303,DARIO,g,0,101,322,JAMES,p,0,99,303,ELEN,b,0,523461,5638
98,325,DAN,b,0,92,327,MIKE,s,0,91,307,SAMMY,s,0,102,311,YOUNG,g,0,100,324,SANDY,s,2,95,317,HARVEY,g,0,452631,5639
91,309,SAM,b,0,92,321,LIA,g,0,99,312,PAULA,s,0,97,326,LE,p,0,89,325,PETER,s,0,90,308,SARA,p,2,634251,5640
94,323,CLIVE,s,0,103,321,MIKE,s,0,89,318,ARL,p,2,92,305,PAU,p,0,88,326,ANDY,b,2,104,328,LY,s,0,261435,5641
104,300,JAMES,s,0,102,322,ROBIN,g,0,91,323,SAM,p,0,105,320,HARVEY,p,0,94,305,LY,g,0,100,312,KNIGHT,b,0,134526,5642
89,314,ROBIN,s,0,102,323,HARVEY,s,0,99,305,DARIO,g,0,93,328,GEORGE,s,0,93,306,SAMMY,p,0,89,302,JAMES,g,0,352641,5643
99,321,MIKE,p,0,102,316,GREY,g,0,89,310,SANDY,g,2,88,313,YOUNG,s,0,100,307,GARY,s,0,102,323,JU,p,2,256143,5644
102,305,LE,p,0,102,317,PAU,s,0,98,315,GREY,b,0,101,322,DARIO,s,2,99,309,CLIVE,b,0,98,306,JENNY,p,0,124635,5645
88,319,PAU,p,0,101,318,SANDY,g,0,88,320,TOM,b,0,96,307,AIMEE,b,0,105,310,JOHN,b,0,94,327,GRAHAM,s,0,216543,5646
98,326,JAMES,p,0,94,318,JENNY,s,0,96,325,YOUNG,b,0,91,315,HARVEY,b,0,104,312,SEAN,g,0,89,317,ARL,b,0,521634,5647
101,310,ARL,g,2,94,312,DARIO,g,0,104,307,TERRY,s,0,97,300,PETER,b,0,93,313,BLUES,p,0,103,301,MARIE,g,0,563142,5648
93,317,PAU,g,0,94,313,MIKE,s,0,95,312,SEAN,s,0,92,309,JENNY,b,0,92,321,SANDY,s,0,99,322,DARIO,p,0,651234,5649
97,301,GREY,g,0,94,313,ANDY,g,0,103,317,JOEL,p,0,105,324,TIM,g,0,91,322,NANCY,b,0,105,312,MARIE,s,0,463125,5650
89,315,ELEN,b,2,94,314,RICA,s,0,94,322,SAM,p,0,100,302,LY,g,0,97,324,NANCY,g,0,101,303,SEAN,b,0,352461,5651
92,322,DARIO,b,0,93,308,TIM,g,0,95,327,LIA,g,0,95,317,ROBER,g,0,97,325,JAMES,p,0,97,316,ARL,g,0,534621,5652
95,306,LE,b,0,104,308,GREY,s,0,103,309,KNIGHT,g,0,101,325,JOHN,p,0,103,327,GARY,p,0,92,307,BLUES,p,0,532461,5653
105,313,EDWARD,s,2,104,309,PETER,g,0,94,314,RUDY,b,0,96,311,LY,p,0,102,328,RICA,s,2,88,327,PAULA,s,0,514263,5654
91,327,TOM,s,0,104,310,LIA,s,0,102,319,GARY,b,0,91,319,PAULA,p,2,90,306,ROBIN,b,0,102,311,LE,b,0,214563,5655
101,311,DAN,s,0,103,310,JAMES,g,2,92,324,KNIGHT,b,0,104,304,GRAHAM,s,0,90,307,TOM,g,0,97,301,SARA,g,0,421563,5656
104,318,GARY,p,2,103,304,MARIE,s,0,100,300,JOHN,s,0,99,312,ARL,s,0,96,309,SAM,p,0,104,322,DAN,p,0,162435,5657
89,302,AIMEE,p,0,103,305,SANDY,g,0,91,311,EDWARD,s,0,94,328,GARY,s,0,95,310,GRAHAM,s,0,100,306,ANDY,s,0,126534,5658
99,309,NANCY,p,0,96,305,LE,s,0,99,317,RUDY,p,0,100,306,LIA,b,0,101,312,MARIE,s,0,96,326,MIKE,s,0,156324,5659
102,323,TERRY,g,2,96,306,JOEL,g,0,90,322,KNIGHT,p,0,95,321,LE,b,0,100,313,PAULA,b,0,91,317,NANCY,b,0,123546,5660
95,307,LY,g,0,96,300,BLUES,s,2,98,327,NANCY,g,0,90,329,GEORGE,b,0,100,314,ROBIN,g,0,105,300,LIA,g,0,352614,5661
98,314,BLUES,g,0,95,300,PETER,g,0,99,302,DARIO,g,0,103,315,YOUNG,g,0,88,322,RICA,p,0,101,321,JAMES,p,0,365214,5662
90,328,ELEN,b,0,95,301,BLUES,s,0,90,307,AIMEE,g,0,98,323,RICA,g,0,105,324,ARL,s,0,90,311,CLIVE,s,2,526341,5663
93,305,BLUES,b,0,95,301,TERRY,g,0,98,319,HARVEY,b,2,104,308,RUDY,g,0,94,325,JOHN,b,0,103,325,YOUNG,b,0,254316,5664
97,319,RICA,b,0,88,325,MARIE,s,0,88,324,LE,b,0,99,316,CLIVE,g,2,93,327,JU,b,0,99,315,EDWARD,g,0,624531,5665
89,303,LY,b,0,105,326,GREY,g,2,96,329,ARL,s,0,94,302,PAU,p,2,99,328,LE,g,0,95,306,JOHN,p,0,652431,5666
92,310,GARY,s,0,105,326,NANCY,s,0,105,304,PETER,s,2,89,310,BLUES,p,0,98,329,ROBIN,p,2,90,320,JENNY,s,2,542361,5667
102,324,PAULA,s,0,105,327,TIM,g,0,95,309,DARIO,p,0,102,325,MARIE,p,0,104,308,SARA,s,0,104,310,ANDY,b,0,254136,5668
105,301,RUDY,s,0,105,321,MIKE,s,0,103,321,JOEL,p,0,90,303,JOHN,s,0,104,309,ROBER,b,2,100,301,TIM,g,0,136245,5669
98,315,ROBER,p,0,104,321,SAM,g,0,94,326,ARL,p,2,103,318,GARY,s,0,92,310,TERRY,g,0,88,321,DARIO,p,0,251436,5670
101,329,PAU,p,0,97,322,RUDY,s,0,95,301,TOM,g,0,98,327,JOEL,s,0,91,312,NANCY,g,0,102,305,DARIO,s,2,164532,5671
104,306,JENNY,p,0,97,323,ROBER,g,0,103,306,TIM,g,0,93,312,RICA,b,0,97,313,LY,p,0,98,325,GREY,s,0,135264,5672
96,320,JOEL,g,0,97,316,GRAHAM,s,0,94,312,LIA,b,2,88,320,MIKE,b,0,97,314,BLUES,s,0,93,316,GARY,b,0,251643,5673
99,327,HARVEY,g,0,97,317,RUDY,g,0,102,323,GEORGE,b,0,101,305,RICA,b,0,96,316,PAU,b,0,89,329,CLIVE,g,0,213564,5674
92,311,HARVEY,g,0,97,318,SAMMY,s,0,92,329,JAMES,s,0,89,314,RUDY,g,0,102,324,GEORGE,g,0,103,320,FOX,p,2,564123,5675
95,325,JAMES,b,0,96,318,EDWARD,g,0,101,304,SAMMY,s,0,102,329,DAN,g,2,101,325,JENNY,p,0,92,310,JOHN,s,0,245361,5676
105,302,SEAN,b,0,89,319,HARVEY,s,0,91,309,ROBIN,s,0,97,307,GRAHAM,g,0,90,327,TIM,p,0,105,324,JAMES,b,0,245361,5677
90,316,MIKE,b,0,89,313,JU,g,0,99,314,DAN,p,0,92,322,TOM,p,0,89,328,ELEN,s,0,101,314,KNIGHT,g,0,463521,5678
93,323,KNIGHT,s,0,89,313,PETER,s,0,90,326,GRAHAM,p,0,105,301,JOEL,p,0,95,329,SAMMY,b,0,97,305,TIM,p,0,461325,5679
103,307,PETER,s,0,89,314,ANDY,b,0,98,301,JU,g,0,93,316,ROBIN,p,0,94,301,JENNY,g,2,92,319,RUDY,s,0,314652,5680
89,321,LE,s,0,89,314,JENNY,p,0,99,306,JOHN,g,0,88,324,FOX,s,0,101,309,JOEL,p,0,88,309,DAN,b,0,543216,5681
99,328,DARIO,p,2,88,308,PETER,b,0,90,311,GREY,b,0,101,309,ANDY,s,0,100,310,ROBIN,s,2,102,300,RUDY,g,0,156423,5682
102,312,RUDY,p,0,99,309,JENNY,p,0,98,316,DAN,b,0,96,318,MIKE,s,0,88,312,CLIVE,s,0,91,313,HARVEY,p,0,124653,5683
94,319,BLUES,p,0,99,309,GARY,b,2,88,321,RUDY,s,0,91,303,JU,s,0,105,313,LE,b,0,104,304,AIMEE,s,0,163425,5684
98,303,SAM,p,2,99,310,RICA,p,0,96,303,KNIGHT,s,0,97,311,TOM,b,0,104,314,DAN,g,0,100,324,ARL,b,0,253164,5685
101,317,GRAHAM,g,0,98,304,TERRY,b,0,105,308,ARL,s,0,92,326,NANCY,b,2,93,316,SEAN,p,0,96,308,PAU,b,0,315462,5686
93,324,JOEL,g,0,98,304,DAN,p,0,95,313,DARIO,p,0,105,305,HARVEY,b,0,92,324,ELEN,s,0,91,328,GRAHAM,g,0,241356,5687
96,308,TERRY,g,2,98,305,RUDY,b,0,103,318,LIA,p,0,100,320,MIKE,g,0,98,325,GRAHAM,b,0,105,319,SANDY,p,0,346125,5688
88,315,JENNY,b,0,91,306,SAMMY,p,2,94,324,RICA,g,0,95,328,LY,g,0,98,327,SEAN,b,0,100,303,PETER,s,0,632415,5689
92,329,ROBER,b,0,91,329,JOEL,b,0,102,305,TERRY,g,0,90,313,JOHN,g,0,104,328,JAMES,g,0,89,323,EDWARD,b,0,435261,5690
95,313,ARL,b,2,90,300,FOX,p,0,103,311,JU,b,0,96,322,PAU,p,0,103,329,TIM,p,0,103,314,AIMEE,g,0,654213,5691
105,320,MARIE,s,0,90,301,HARVEY,b,0,94,316,RUDY,b,0,91,307,ROBER,p,0,91,301,JOEL,s,0,99,304,EDWARD,p,0,164523,5692
90,304,SEAN,s,0,90,301,JOHN,p,0,102,321,GRAHAM,b,2,104,315,PAULA,p,0,91,302,LE,b,0,94,318,LIA,s,0,164235,5693
100,311,FOX,s,2,90,325,GREY,b,2,92,326,BLUES,s,0,99,300,KNIGHT,s,0,97,310,MARIE,g,0,90,308,DAN,b,2,413265,5694
103,325,TIM,p,0,100,326,PAU,p,0,101,308,LY,s,0,94,309,SARA,s,0,96,312,MIKE,g,2,104,329,JU,g,0,651342,5695
96,309,ARL,p,0,100,326,KNIGHT,b,0,91,313,RICA,p,2,100,324,AIMEE,s,2,95,313,RUDY,p,0,93,312,LIA,p,0,164532,5696
99,316,JU,p,0,100,327,PETER,p,0,99,318,BLUES,p,0,95,302,CLIVE,b,2,101,314,LE,s,2,88,303,DARIO,s,0,315426,5697
102,300,LY,g,0,100,327,LE,b,0,90,323,TERRY,g,0,90,317,JOEL,b,0,101,316,NANCY,b,0,102,323,GREY,b,2,136245,5698
94,307,JENNY,g,0,100,321,SAMMY,p,2,98,328,CLIVE,g,2,103,326,ROBER,b,0,89,317,BLUES,g,0,98,307,YOUNG,b,0,213546,5699
98,321,SARA,g,0,99,322,SAMMY,b,0,88,310,JAMES,g,0,98,311,TOM,b,0,88,325,SANDY,p,0,93,328,LIA,g,0,356142,5700
90,305,JOHN,b,0,92,322,KNIGHT,p,0,90,315,AIMEE,b,0,104,319,ARL,g,0,95,327,RICA,p,0,89,318,BLUES,p,0,456213,5701
93,312,ROBER,b,0,92,323,SAM,b,0,98,320,KNIGHT,b,2,99,304,GRAHAM,g,0,94,328,GEORGE,s,0,103,302,JENNY,s,2,645132,5702
103,326,DARIO,b,0,92,317,JOHN,p,0,88,325,TIM,s,0,94,313,ARL,g,0,100,329,NANCY,b,0,92,322,RICA,b,0,243516,5703
88,303,PAULA,b,0,92,317,GRAHAM,b,0,97,300,NANCY,s,0,89,328,YOUNG,p,0,99,301,JOEL,g,0,105,313,GEORGE,g,0,653412,5704
92,317,SEAN,s,0,92,318,TERRY,p,0,105,306,PAULA,p,0,102,306,JAMES,p,0,105,302,MIKE,p,0,101,326,SANDY,p,0,653412,5705
102,301,MARIE,s,0,91,319,LY,b,0,95,317,DARIO,p,0,90,321,ROBER,p,0,105,304,ANDY,s,0,96,317,JOEL,s,2,134562,5706
105,308,ANDY,s,0,102,312,TOM,p,0,103,323,PAULA,p,0,103,300,ROBER,s,2,93,312,GEORGE,b,0,92,307,YOUNG,b,0,413256,5707
97,322,ROBER,p,0,102,313,JU,b,0,94,328,HARVEY,g,0,98,315,CLIVE,s,0,92,313,ARL,b,2,88,321,YOUNG,g,0,413652,5708
100,329,PETER,p,0,102,314,GRAHAM,p,0,102,303,TERRY,g,0,93,323,TOM,s,0,92,315,CLIVE,g,0,101,312,ROBIN,p,0,162345,5709
93,313,GRAHAM,p,0,101,314,JAMES,b,0,93,308,YOUNG,b,0,88,308,LE,b,0,98,316,LY,p,2,90,302,RUDY,s,0,156423,5710
96,326,PAULA,g,0,101,308,MARIE,p,0,94,320,JENNY,b,0,101,316,EDWARD,b,0,97,317,GRAHAM,s,0,104,316,AIMEE,b,0,251463,5711
99,304,DAN,g,0,101,309,LY,b,2,102,325,JOEL,s,0,89,302,ELEN,b,0,103,319,YOUNG,b,0,100,306,SAMMY,b,0,631425,5712
91,318,SAM,g,0,94,309,BLUES,p,0,93,300,RUDY,s,0,102,310,TERRY,g,0,102,327,MARIE,g,0,95,327,KNIGHT,g,0,432165,5713
94,325,NANCY,b,0,94,310,ROBIN,b,0,101,305,HARVEY,p,0,97,325,EDWARD,g,0,91,328,JENNY,g,0,91,317,JOHN,p,0,365421,5714
104,309,SARA,b,0,93,304,DAN,p,0,91,310,SEAN,p,0,92,303,ANDY,g,0,90,300,GRAHAM,p,0,105,301,CLIVE,s,0,623451,5715
90,322,GARY,b,2,93,304,DAN,b,0,99,322,LY,p,0,104,319,BLUES,g,0,96,301,PAU,s,0,94,321,SAMMY,b,0,345162,5716
100,300,SEAN,s,0,93,305,LY,p,2,90,327,JENNY,g,0,93,327,DARIO,p,2,95,302,BLUES,b,0,89,312,SARA,g,0,314625,5717
103,313,CLIVE,s,0,93,305,EDWARD,b,0,98,302,PAULA,g,0,88,312,SAM,p,0,102,304,PETER,g,0,103,326,MARIE,p,0,164532,5718
88,321,MARIE,s,2,103,306,AIMEE,p,0,89,307,ARL,b,0,101,320,NANCY,p,0,101,305,BLUES,p,0,99,316,GARY,s,0,265413,5719
98,304,YOUNG,p,0,103,300,SARA,b,0,97,312,MARIE,b,0,96,306,HARVEY,s,0,100,313,RICA,p,0,94,307,SEAN,b,0,145236,5720
102,318,PAULA,p,0,103,300,NANCY,p,0,98,324,ROBER,s,0,91,314,ARL,s,0,89,315,KNIGHT,s,0,90,320,CLIVE,g,0,123645,5721
94,326,JAMES,p,2,103,301,EDWARD,b,2,89,329,RICA,s,0,97,329,YOUNG,s,0,88,316,JENNY,b,0,104,311,SANDY,p,0,641325,5722
97,309,ARL,g,0,103,302,BLUES,p,0,97,305,CLIVE,s,0,92,307,YOUNG,b,0,94,317,LIA,g,2,92,301,ROBER,s,0,213564,5723
100,323,EDWARD,g,0,102,325,SAMMY,b,0,105,310,JOEL,p,0,104,323,ELEN,b,0,93,319,TOM,p,0,88,315,NANCY,b,0,351246,5724
93,300,HARVEY,g,2,95,326,JAMES,p,0,95,315,LY,p,2,100,301,YOUNG,b,0,99,320,SAM,s,0,102,305,PETER,g,2,263514,5725
96,314,PAU,g,0,95,327,FOX,b,0,104,320,EDWARD,g,0,95,316,SAMMY,g,0,99,328,GEORGE,s,0,97,326,TIM,g,0,365412,5726
88,321,ELEN,b,0,95,327,FOX,p,2,94,302,SAMMY,g,0,90,324,JOHN,g,2,105,300,EDWARD,b,0,93,310,KNIGHT,p,0,342615,5727
91,305,GREY,b,0,95,321,ELEN,b,0,102,307,JU,b,2,96,309,ROBIN,g,2,104,301,PAULA,g,0,89,300,DAN,s,0,456213,5728
101,319,LIA,b,0,95,322,EDWARD,p,0,93,312,ELEN,b,0,91,318,GRAHAM,p,0,92,302,MARIE,p,0,96,321,ROBER,b,2,245631,5729
104,326,TIM,s,0,94,322,KNIGHT,b,0,101,317,CLIVE,b,0,103,303,RUDY,p,0,92,304,HARVEY,s,0,91,304,SAM,g,0,461523,5730
90,310,BLUES,s,0,105,323,LE,p,0,102,322,GARY,s,2,99,311,JU,p,0,91,305,PETER,b,0,105,325,LY,p,0,326415,5731
100,317,GEORGE,s,0,105,317,FOX,b,0,93,304,LIA,s,0,94,326,GARY,s,0,97,306,SAM,b,0,101,315,GREY,s,0,613452,5732
103,301,SARA,p,0,105,317,RICA,p,0,101,309,PAU,p,0,100,305,JENNY,s,0,96,315,LE,g,0,96,306,RUDY,b,2,123465,5733
95,315,DAN,p,0,104,318,JOEL,b,0,91,314,EDWARD,p,0,95,320,AIMEE,s,0,102,316,KNIGHT,p,0,92,319,PETER,g,0,516432,5734
98,322,GARY,p,0,104,318,PAULA,p,0,100,319,LY,g,0,90,328,FOX,s,0,102,317,TOM,s,0,88,310,JAMES,p,0,314526,5735
91,306,YOUNG,g,0,104,312,MIKE,b,0,90,324,ANDY,g,0,102,313,DAN,b,0,90,319,DARIO,b,2,95,300,TOM,s,0,613452,5736
94,313,GRAHAM,g,0,97,313,SEAN,p,0,98,306,TOM,g,0,98,322,TERRY,b,0,89,320,GREY,g,0,90,314,RUDY,b,2,234165,5737
97,327,TIM,g,0,97,313,EDWARD,b,0,89,311,CLIVE,b,0,103,307,SEAN,b,2,96,321,LY,g,2,104,305,ROBIN,g,0,156432,5738
89,311,JAMES,b,0,96,314,JENNY,p,0,97,316,DAN,b,0,99,315,KNIGHT,g,0,95,300,JOHN,p,0,100,325,AIMEE,g,0,462531,5739
93,318,GRAHAM,b,0,96,315,PETER,b,0,98,322,HARVEY,s,0,94,300,ROBIN,g,0,101,301,RICA,s,0,95,309,RUDY,p,0,356421,5740
103,302,TERRY,b,0,96,308,FOX,p,0,89,327,PETER,s,0,89,309,PAU,g,0,100,302,DARIO,b,0,91,329,TOM,s,0,263415,5741
88,309,JAMES,s,0,96,309,SARA,b,0,97,309,TERRY,p,0,101,324,DARIO,p,0,89,304,LY,g,0,104,320,YOUNG,b,0,341562,5742
98,323,GEORGE,s,0,96,310,GRAHAM,p,0,105,314,JU,p,0,97,302,EDWARD,p,0,88,305,ROBER,p,0,93,303,JAMES,g,0,321645,5743
101,307,MIKE,s,0,89,310,ROBER,b,0,96,319,PETER,g,0,102,317,KNIGHT,p,0,105,307,FOX,p,0,89,324,SEAN,p,0,154632,5744
104,314,GARY,s,0,88,304,MARIE,p,2,104,324,GREY,g,0,98,302,GRAHAM,s,0,93,315,PAULA,s,0,103,314,JOHN,s,0,132456,5745
97,328,SAMMY,p,0,88,305,LIA,b,0,94,329,JOHN,g,0,93,311,RUDY,s,0,93,316,JOEL,b,0,98,328,BLUES,b,0,314265,5746
100,305,JOEL,p,0,88,305,LIA,p,0,102,304,AIMEE,b,0,105,326,LE,s,0,99,317,PETER,g,0,94,319,ROBIN,g,0,146253,5747
92,319,LY,p,0,88,306,SAM,b,0,93,316,GRAHAM,b,0,100,304,YOUNG,b,2,98,319,ROBER,p,0,90,309,HARVEY,p,0,651432,5748
95,303,ELEN,g,0,105,300,PETER,p,0,101,321,JOEL,s,0,89,319,LY,b,0,104,320,CLIVE,s,2,97,323,KNIGHT,s,0,253614,5749
105,310,JAMES,g,2,98,300,MIKE,b,2,102,326,YOUNG,s,0,101,328,SAMMY,b,0,103,322,EDWARD,s,0,92,313,RICA,b,0,351264,5750
91,324,KNIGHT,g,0,98,301,SANDY,p,0,93,301,SEAN,p,0,97,313,NANCY,b,0,92,323,YOUNG,b,2,88,304,DAN,g,0,632145,5751
94,301,NANCY,b,0,98,301,ROBER,b,0,101,306,ROBIN,p,0,92,321,KNIGHT,g,0,91,301,TERRY,g,0,102,317,SAM,g,0,634125,5752
104,315,YOUNG,b,2,98,325,GREY,p,0,92,318,HARVEY,p,0,104,306,SARA,g,0,97,302,LE,p,0,97,308,GEORGE,p,0,246531,5753
89,329,PETER,b,0,97,326,NANCY,b,0,100,323,MARIE,g,2,93,315,GEORGE,g,0,97,304,LE,s,0,93,328,LY,s,0,365412,5754
99,306,GRAHAM,s,0,97,326,CLIVE,p,2,90,328,DAN,g,0,105,300,SANDY,p,0,96,305,MIKE,b,0,89,319,TIM,b,0,124356,5755
103,320,SAM,s,2,90,327,GEORGE,b,0,98,304,NANCY,b,0,100,308,CLIVE,p,0,102,307,GRAHAM,g,0,95,303,SAMMY,g,2,154632,5756
88,327,GREY,s,0,90,321,AIMEE,p,0,89,309,GEORGE,b,2,96,323,DARIO,p,0,101,308,MARIE,g,0,91,323,PETER,p,0,145623,5757
98,311,ROBER,p,0,90,321,LE,b,0,97,321,JENNY,s,0,91,302,FOX,s,2,90,316,NANCY,p,0,105,313,TERRY,s,0,163542,5758
101,325,JU,p,2,89,322,ARL,p,0,105,326,GARY,s,0,103,317,GRAHAM,s,2,89,317,YOUNG,s,0,100,327,PAU,b,0,341526,5759
94,302,TOM,p,0,89,323,EDWARD,b,0,89,301,RICA,s,2,92,325,DAN,s,0,95,319,PAULA,b,0,96,318,PAU,g,2,346125,5760
97,316,ANDY,g,0,89,323,SARA,p,0,97,306,JAMES,p,0,104,310,JENNY,b,0,94,320,CLIVE,g,0,92,308,GEORGE,p,0,163524,5761
89,323,MIKE,g,0,100,317,AIMEE,b,0,105,311,EDWARD,p,0,99,319,GEORGE,b,0,100,322,JOEL,p,0,88,322,ARL,s,0,653142,5762
92,307,GRAHAM,g,0,99,318,GREY,p,0,96,323,JAMES,g,0,95,304,BLUES,b,0,100,323,JOHN,p,0,94,312,DAN,b,0,231564,5763
95,321,RUDY,g,0,99,318,GRAHAM,b,0,104,328,HARVEY,g,0,90,312,EDWARD,g,0,88,324,PETER,s,2,90,303,GARY,g,2,413562,5764
105,328,TERRY,b,0,99,319,JOEL,p,0,94,303,HARVEY,b,0,96,327,GARY,g,0,105,302,GREY,b,0,104,317,MIKE,p,0,624531,5765
91,312,AIMEE,b,0,99,313,LE,b,0,102,308,PAU,b,0,91,306,GRAHAM,g,0,104,304,FOX,g,0,99,307,NANCY,p,0,652413,5766
101,319,ROBIN,b,0,99,313,SANDY,p,0,93,313,LE,b,0,103,321,SEAN,g,0,93,305,JOHN,p,0,95,327,SARA,s,0,245613,5767
104,303,KNIGHT,s,0,92,314,RICA,b,0,101,318,GREY,s,0,98,329,LY,p,0,92,307,ANDY,s,0,91,311,HARVEY,b,2,314562,5768
96,317,DARIO,s,0,91,314,CLIVE,p,0,92,300,PETER,s,0,94,314,SAMMY,p,2,98,308,EDWARD,s,0,98,302,ARL,g,0,165423,5769
99,324,NANCY,s,0,91,308,SANDY,b,0,93,305,TIM,p,0,99,323,JOHN,p,0,97,309,ELEN,b,0,93,322,JU,p,0,143625,5770
103,308,RICA,p,0,91,309,KNIGHT,p,0,101,310,JOHN,p,0,95,308,TIM,s,0,104,318,LY,g,0,89,306,ARL,s,0,365124,5771
95,315,JOHN,p,0,91,309,ANDY,b,0,92,316,ROBIN,g,0,90,316,SEAN,s,0,103,319,FOX,p,0,103,326,GRAHAM,b,0,154362,5772
98,329,PETER,p,0,91,310,RICA,p,2,100,321,JU,g,0,102,301,FOX,s,0,91,320,JOHN,s,0,98,317,LE,g,0,635421,5773
90,313,SAMMY,g,0,101,304,MARIE,b,0,90,303,RICA,g,0,97,310,AIMEE,b,0,91,322,JAMES,b,0,94,300,HARVEY,p,0,361452,5774
94,320,DARIO,g,0,101,304,JENNY,p,0,98,308,NANCY,b,0,93,325,SAM,b,0,97,323,EDWARD,b,0,90,321,ANDY,s,0,216543,5775
104,304,GARY,g,0,101,305,EDWARD,b,0,89,313,GREY,b,0,98,303,RICA,b,0,96,324,PAU,g,0,96,311,TOM,b,0,152634,5776
89,311,SARA,b,0,101,306,BLUES,p,0,97,318,ELEN,s,0,94,318,JAMES,g,0,95,326,PAULA,p,2,92,302,GRAHAM,g,0,542631,5777
92,325,SAM,b,0,100,329,JENNY,b,2,105,323,SANDY,s,0,89,327,TOM,g,0,101,304,HARVEY,s,0,88,316,SEAN,p,0,346512,5778
102,309,PETER,b,0,100,300,SAM,p,0,96,305,LIA,p,0,101,312,JU,g,2,101,305,RUDY,b,2,101,306,LE,p,0,324651,5779
105,316,SANDY,s,0,93,301,TOM,b,0,97,310,ROBER,p,0,96,320,GRAHAM,p,0,89,307,PAU,g,0,97,327,NANCY,s,0,314652,5780
98,300,DARIO,s,0,93,301,SEAN,p,0,105,315,JU,g,0,102,305,MARIE,p,0,88,308,PAU,g,0,93,310,LIA,b,0,412563,5781
101,307,MIKE,s,0,93,302,JAMES,b,0,96,320,MARIE,g,0,97,313,TIM,p,0,94,309,FOX,p,0,89,301,LE,g,0,134652,5782
93,321,ROBER,s,0,92,326,YOUNG,p,2,104,325,PETER,g,2,92,329,DAN,p,0,94,311,PAU,s,0,95,321,LY,p,0,351246,5783
96,305,TOM,p,2,92,326,LE,b,0,94,307,BLUES,b,0,105,307,DAN,s,0,100,319,SAMMY,b,0,91,305,MARIE,s,0,641325,5784
99,312,JOEL,p,0,92,327,MIKE,p,0,103,312,SARA,b,0,100,322,YOUNG,s,0,99,320,BLUES,g,0,105,325,SAM,b,0,251436,5785
92,326,MIKE,p,0,103,328,GEORGE,b,0,93,317,GARY,s,2,89,300,MARIE,s,0,105,322,JAMES,p,0,100,316,NANCY,g,0,651423,5786
95,303,TOM,g,2,102,321,ROBIN,p,0,101,322,FOX,s,0,101,316,PAU,b,0,104,323,JU,p,0,96,300,RICA,p,2,362541,5787
105,317,EDWARD,g,0,102,322,SEAN,b,2,92,328,GEORGE,p,0,96,324,LE,b,0,93,324,SANDY,s,0,92,320,ARL,s,0,315642,5788
90,301,KNIGHT,g,0,102,323,ELEN,p,0,100,303,ARL,p,2,91,309,ROBER,b,2,92,326,JENNY,b,0,99,311,EDWARD,b,0,321456,5789
94,308,JOEL,b,2,102,323,YOUNG,b,0,101,315,SEAN,p,0,104,317,GEORGE,g,2,91,327,SAM,g,0,94,324,RICA,g,0,436512,5790
104,322,FOX,b,0,102,317,SANDY,p,0,92,320,RICA,g,0,92,303,GEORGE,g,0,98,305,LIA,p,0,90,315,DARIO,p,2,624531,5791
89,329,GRAHAM,b,0,95,318,SEAN,b,0,100,325,ELEN,g,0,105,311,LY,g,0,97,307,BLUES,s,2,103,305,TERRY,p,0,435621,5792
99,313,AIMEE,s,2,94,318,ARL,p,0,90,300,SANDY,b,0,100,326,PETER,p,0,103,308,KNIGHT,s,0,99,319,RUDY,s,0,126453,5793
102,327,LE,s,0,94,319,YOUNG,b,0,99,305,AIMEE,b,0,95,304,MARIE,p,0,102,309,PAU,b,0,95,309,JOHN,b,0,146235,5794
95,304,YOUNG,s,0,94,313,RUDY,p,0,89,317,DAN,s,0,90,320,RICA,p,0,91,311,GARY,g,0,91,300,MIKE,g,2,143625,5795
98,318,BLUES,p,0,94,313,GEORGE,b,0,97,322,LIA,s,0,103,328,ARL,s,0,90,312,AIMEE,p,0,97,320,KNIGHT,p,0,164352,5796
101,325,RUDY,p,0,94,314,PETER,p,0,88,327,DARIO,s,0,91,313,ROBIN,s,0,96,320,TERRY,s,0,93,304,JOEL,s,0,165423,5797
93,309,TIM,p,0,104,314,MARIE,b,0,96,302,GREY,p,0,104,321,JENNY,s,0,95,322,JAMES,b,0,89,325,ARL,b,0,431652,5798
96,323,KNIGHT,g,0,104,308,RICA,p,0,104,307,CLIVE,p,0,99,306,JOEL,b,0,101,323,SAM,b,0,102,315,GEORGE,g,2,326145,5799
89,300,FOX,g,0,104,309,AIMEE,b,0,88,319,KNIGHT,g,0,94,315,MARIE,b,2,101,324,GREY,g,0,98,329,GRAHAM,p,0,561342,5800
92,314,FOX,g,0,104,309,TERRY,p,2,96,324,JENNY,g,0,89,300,JAMES,b,0,100,326,SAM,p,0,94,319,SANDY,s,0,623514,5801
102,321,MIKE,g,0,103,310,LIA,b,0,104,329,MARIE,b,0,95,308,HARVEY,b,0,88,327,SARA,s,0,101,310,GARY,b,0,154236,5802
105,305,GEORGE,b,0,103,311,TOM,p,0,95,304,SAMMY,b,0,90,323,SANDY,g,0,105,305,JU,b,0,96,323,LIA,g,0,246315,5803
90,319,ANDY,b,0,96,304,HARVEY,b,0,103,310,PETER,b,0,103,302,SAM,g,0,94,307,KNIGHT,g,0,92,314,EDWARD,p,0,645321,5804
100,326,JAMES,b,0,96,305,BLUES,p,0,93,321,SEAN,s,0,98,317,HARVEY,g,0,93,308,GREY,p,2,88,304,GRAHAM,s,0,265341,5805
104,310,MARIE,s,0,96,306,SAMMY,b,2,101,327,MIKE,s,0,93,325,SARA,p,0,99,310,DARIO,p,0,101,318,NANCY,s,0,135642,5806
96,317,LIA,s,0,95,306,TERRY,p,0,92,302,LE,p,0,99,310,EDWARD,p,0,98,311,AIMEE,s,2,97,309,TOM,b,0,324156,5807
99,301,GARY,s,0,95,300,GRAHAM,b,0,100,307,RUDY,p,0,94,319,TIM,p,0,105,312,JOHN,b,0,93,329,JENNY,g,0,163425,5808
91,315,ANDY,p,0,95,301,SARA,p,0,91,312,GEORGE,g,0,89,304,TIM,s,0,104,314,ROBER,g,0,99,313,YOUNG,p,0,125634,5809
95,322,LIA,p,0,88,301,KNIGHT,b,0,92,317,JOHN,g,0,102,312,SEAN,s,2,92,322,ROBIN,p,0,95,303,LE,s,0,654132,5810
98,306,JOEL,p,0,88,302,FOX,p,2,100,329,RICA,b,0,97,327,ROBER,s,0,92,323,GRAHAM,s,0,91,324,GREY,b,0,412536,5811
90,313,GEORGE,g,0,105,326,AIMEE,b,0,91,304,SAM,b,2,92,306,SARA,b,0,91,325,GRAHAM,s,0,104,307,ARL,g,0,651243,5812
93,327,LIA,g,0,105,326,NANCY,p,0,99,309,ROBER,b,0,98,321,ARL,b,0,97,326,DARIO,b,0,100,328,GRAHAM,p,0,261543,5813
103,311,ELEN,g,0,105,327,JENNY,b,0,89,314,TIM,s,0,93,329,NANCY,b,0,96,327,TERRY,g,0,96,318,SAMMY,s,0,516324,5814
89,318,LIA,b,0,105,327,GEORGE,p,0,97,319,SARA,s,2,88,314,TOM,g,0,102,329,DARIO,p,0,92,302,DAN,b,0,235461,5815
99,302,GREY,b,0,98,321,DARIO,b,2,88,301,PETER,p,0,101,323,EDWARD,g,0,102,307,GEORGE,s,0,98,323,KNIGHT,g,0,346512,5816
102,309,PAULA,b,0,97,322,CLIVE,p,0,96,306,DAN,p,0,96,308,NANCY,g,0,90,308,ROBER,b,0,94,313,SAMMY,p,0,624315,5817
105,323,JOHN,s,2,97,322,PETER,b,0,104,311,GRAHAM,g,2,102,316,RUDY,g,0,89,310,GARY,b,2,90,304,JOEL,s,2,146352,5818
97,307,GARY,s,0,97,323,LE,p,0,88,316,JOHN,g,0,97,301,SARA,p,0,95,311,ROBER,g,0,103,317,KNIGHT,s,0,162435,5819
100,314,ANDY,s,0,97,317,LIA,b,0,96,322,PETER,g,0,92,310,MARIE,p,2,95,312,SARA,p,2,99,308,RUDY,b,0,153462,5820
93,328,ELEN,s,2,97,317,MIKE,p,0,104,303,BLUES,b,0,105,325,JENNY,p,2,101,314,SARA,s,0,95,328,MARIE,g,0,145623,5821
96,311,GARY,p,0,90,318,LE,b,0,95,309,ELEN,b,0,100,303,SANDY,s,0,100,315,PETER,b,0,102,312,ROBIN,p,2,146532,5822
88,319,AIMEE,p,0,89,319,ARL,p,0,103,314,KNIGHT,s,0,88,318,MIKE,s,0,89,323,LIA,g,0,97,302,TIM,s,0,632415,5823
91,303,MARIE,p,2,89,319,RICA,b,0,93,319,TOM,s,0,101,327,SANDY,s,0,88,325,GEORGE,g,0,93,323,BLUES,b,0,431526,5824
95,310,HARVEY,g,0,89,313,CLIVE,p,0,102,324,JENNY,p,0,96,312,ARL,b,0,105,326,LIA,p,0,89,307,FOX,g,0,365124,5825
105,324,SARA,g,0,89,314,ROBER,b,0,92,306,LE,p,0,91,320,ELEN,b,0,93,327,CLIVE,s,0,102,327,DARIO,p,2,561324,5826
90,307,HARVEY,g,2,88,314,MIKE,p,0,100,311,SARA,p,0,104,305,PAU,b,0,92,329,BLUES,b,0,98,318,GARY,s,0,361245,5827
100,315,GRAHAM,b,0,99,315,SAMMY,b,0,91,316,SEAN,g,0,99,314,SANDY,g,0,99,300,SAM,g,0,94,301,JOHN,b,0,543126,5828
103,328,ANDY,b,0,99,309,RUDY,p,0,92,321,MARIE,g,0,105,329,SAM,g,0,98,308,PETER,p,0,100,322,BLUES,g,0,425631,5829
89,306,BLUES,b,0,99,309,JENNY,b,0,100,326,ROBIN,b,0,100,307,SAMMY,g,0,104,310,JAMES,p,0,96,312,GREY,p,2,465132,5830
99,320,JOEL,s,0,98,310,SANDY,p,0,91,301,LE,b,0,95,322,SAM,p,2,103,311,TIM,s,0,92,326,PETER,s,0,125463,5831
102,303,MIKE,s,0,98,310,TIM,b,0,99,313,JENNY,s,0,90,301,JOHN,p,0,92,312,ROBER,b,0,88,316,KNIGHT,s,0,163425,5832
94,311,SANDY,s,0,98,304,SARA,p,0,89,318,LY,s,0,103,316,PAULA,p,0,91,314,JU,g,2,101,307,TIM,b,0,241365,5833
97,324,EDWARD,p,0,91,305,ROBER,b,2,98,323,CLIVE,s,0,91,324,PETER,p,0,97,315,RUDY,p,0,97,321,KNIGHT,g,0,563142,5834
90,302,TOM,p,0,91,305,GEORGE,p,0,88,328,SANDY,p,0,104,309,YOUNG,s,0,96,316,ELEN,s,0,93,311,GRAHAM,p,0,145362,5835
93,315,LY,p,0,91,306,JENNY,b,0,96,303,AIMEE,p,0,99,318,RICA,s,0,96,325,SEAN,s,0,99,302,ELEN,s,0,536412,5836
96,329,PAU,g,0,90,300,YOUNG,p,0,104,315,MIKE,g,0,94,303,GARY,s,0,102,326,SAMMY,b,0,95,315,SARA,b,0,342156,5837
88,306,JENNY,g,0,90,300,ROBIN,b,0,95,320,JU,g,0,89,311,EDWARD,b,0,101,327,SARA,g,0,91,306,CLIVE,g,0,634521,5838
91,320,CLIVE,g,0,90,301,RICA,p,2,96,326,ELEN,b,0,95,326,SAMMY,b,0,89,329,JENNY,p,0,104,326,PETER,p,0,256143,5839
101,328,DAN,b,0,90,302,SAMMY,b,0,104,301,LIA,b,0,90,304,GEORGE,b,0,89,300,EDWARD,s,0,100,317,MARIE,s,0,652134,5840
105,311,TIM,b,0,100,325,ROBIN,p,0,95,306,TERRY,s,2,103,320,ELEN,g,2,95,301,GARY,b,0,96,300,SAMMY,b,0,342651,5841
97,325,TOM,b,0,100,326,PAU,b,0,103,318,JOHN,s,0,98,328,SANDY,g,0,94,310,EDWARD,b,0,103,321,DARIO,g,0,436215,5842
100,302,CLIVE,b,0,100,327,EDWARD,p,0,94,323,JAMES,s,0,93,313,SARA,g,0,100,311,JU,g,0,98,311,KNIGHT,p,0,526341,5843
103,316,SANDY,s,0,100,327,HARVEY,b,2,102,328,PAULA,p,2,88,321,RICA,p,0,99,312,YOUNG,p,0,94,325,TOM,s,0,163452,5844
95,323,NANCY,s,0,100,328,MARIE,p,0,92,303,FOX,p,0,94,307,JENNY,p,0,88,314,GRAHAM,s,0,90,316,HARVEY,b,0,425136,5845
99,307,PAU,s,0,99,322,GRAHAM,b,0,100,308,ELEN,g,0,89,315,TIM,p,0,105,315,LIA,b,2,103,306,JENNY,b,0,143652,5846
91,321,GEORGE,p,0,92,322,LY,p,0,91,320,SARA,g,2,102,300,NANCY,s,0,104,317,AIMEE,g,0,99,320,EDWARD,g,0,645123,5847
94,328,MIKE,p,0,92,323,RUDY,b,0,99,325,ELEN,b,0,97,308,TIM,s,0,93,318,PAU,g,2,95,310,AIMEE,p,0,645132,5848
104,312,SANDY,p,0,92,323,PAU,p,0,100,300,LE,b,0,92,324,FOX,s,0,92,326,JU,p,0,101,301,DARIO,s,2,146253,5849
90,319,GREY,g,0,92,317,ELEN,b,0,91,305,JOEL,b,0,98,302,PETER,s,0,98,327,GARY,s,0,97,314,SARA,b,0,451632,5850
93,303,SANDY,g,0,91,318,KNIGHT,p,0,99,310,SEAN,s,0,93,317,NANCY,b,2,97,329,JENNY,b,0,93,305,TOM,g,0,632145,5851
103,317,PETER,g,2,91,318,CLIVE,b,0,90,322,LIA,s,0,88,325,ARL,b,0,103,300,ROBER,g,0,89,325,GARY,p,0,163524,5852
88,324,RICA,b,0,102,319,ROBER,p,0,98,327,GARY,p,0,101,311,ANDY,b,0,103,302,PETER,p,0,102,309,SAM,s,2,625341,5853
98,308,JENNY,b,0,102,313,GREY,b,0,88,302,SAM,p,0,96,319,JOEL,g,0,91,303,RUDY,p,0,98,300,NANCY,b,0,435216,5854
101,315,GARY,b,2,101,313,HARVEY,p,0,96,308,ANDY,g,0,102,304,JAMES,g,0,90,311,DARIO,s,0,105,320,GEORGE,g,0,523416,5855
94,329,DAN,s,0,101,314,RICA,b,0,104,313,JU,g,0,97,312,JENNY,g,0,96,312,RUDY,b,0,100,304,LE,p,0,136425,5856
97,313,KNIGHT,s,0,101,315,ELEN,p,0,95,318,RUDY,g,0,92,327,CLIVE,p,0,96,314,AIMEE,g,0,96,324,GARY,s,2,126345,5857
100,320,LE,s,2,101,308,GEORGE,b,0,103,300,GRAHAM,b,0,105,306,CLIVE,p,0,102,315,GARY,p,0,92,315,SANDY,b,0,145362,5858
92,304,LE,p,0,94,309,GARY,p,0,104,305,PAULA,b,0,100,321,FOX,p,0,101,317,HARVEY,s,2,105,305,SEAN,b,0,451236,5859
96,311,DAN,p,0,94,310,MARIE,b,0,95,310,PAU,s,0,95,329,BLUES,s,0,100,318,AIMEE,b,0,101,319,MIKE,g,0,631452,5860
88,325,BLUES,p,2,93,310,ELEN,p,0,103,315,LE,s,0,101,314,SEAN,s,0,89,326,KNIGHT,b,2,97,309,RUDY,p,2,426315,5861
91,309,TERRY,p,0,93,304,DARIO,b,2,94,320,ANDY,p,0,96,323,FOX,s,2,88,327,GEORGE,g,0,103,300,KNIGHT,s,0,634512,5862
94,316,ROBIN,g,0,93,305,ANDY,p,0,102,302,JOHN,p,0,91,308,DARIO,b,0,94,329,MIKE,p,0,99,313,TIM,b,0,315246,5863
104,300,SEAN,g,0,93,305,GARY,b,0,92,307,DAN,p,0,104,316,PAULA,b,0,93,300,RUDY,s,0,95,304,JOHN,g,0,613542,5864
90,307,NANCY,g,0,103,306,GREY,p,0,100,312,GEORGE,g,0,99,301,JU,b,0,100,302,AIMEE,b,0,91,324,MIKE,p,0,123654,5865
100,321,GREY,b,0,103,300,EDWARD,b,0,91,317,PAU,g,0,105,310,SEAN,g,0,99,303,DARIO,g,0,104,308,BLUES,s,0,645321,5866
103,305,ROBER,b,0,103,300,JOHN,p,2,99,322,RUDY,b,0,100,325,SEAN,g,0,105,304,LE,g,0,100,329,GREY,b,0,524361,5867
95,312,MIKE,b,0,103,301,SAMMY,b,0,90,304,HARVEY,b,0,95,303,JOEL,g,0,104,313,GRAHAM,p,0,96,319,PETER,g,0,654321,5868
98,326,DARIO,s,0,103,301,EDWARD,p,0,91,309,JAMES,s,0,90,318,JOHN,g,0,93,314,TIM,s,0,102,303,GEORGE,p,0,236154,5869
101,303,SEAN,s,0,102,302,SAMMY,b,0,99,314,JAMES,s,2,103,327,YOUNG,p,0,92,315,LIA,b,0,98,323,SARA,s,0,164352,5870
94,317,JU,s,0,95,326,CLIVE,p,0,90,320,PAULA,p,0,91,312,JAMES,p,0,91,317,KNIGHT,g,0,94,314,SARA,b,0,452136,5871
97,301,LY,p,0,95,326,GARY,b,2,98,325,RUDY,p,0,104,320,YOUNG,p,2,97,318,GEORGE,p,0,90,327,PAU,b,0,415326,5872
89,308,SANDY,p,0,95,327,NANCY,p,0,88,307,DARIO,p,2,99,305,JU,s,0,97,319,JOHN,p,0,103,318,PAULA,g,0,653421,5873
92,322,TERRY,p,0,95,328,SAM,b,0,96,312,FOX,g,0,94,314,DAN,s,0,103,328,PAULA,s,2,99,308,JENNY,p,0,354162,5874
102,329,SARA,g,0,94,321,DAN,p,0,105,317,GEORGE,g,0,89,329,PETER,s,0,102,329,JOEL,b,0,88,322,PAULA,s,0,321645,5875
88,313,AIMEE,g,0,94,322,RUDY,b,0,95,322,TIM,b,2,95,307,JAMES,b,0,90,300,JENNY,g,2,101,313,ANDY,b,0,154236,5876
91,327,JENNY,g,0,105,323,AIMEE,g,2,103,327,JOEL,b,0,90,322,JAMES,b,0,90,302,DAN,p,0,97,303,ARL,g,0,216534,5877
101,304,DARIO,b,0,105,323,MARIE,s,0,94,302,JU,s,0,103,301,GREY,b,0,96,303,ARL,s,0,93,317,ANDY,p,0,326514,5878
104,318,NANCY,b,0,104,317,LY,g,0,95,314,ROBER,s,0,98,316,PETER,g,0,95,304,GRAHAM,s,0,89,307,JOEL,s,0,254361,5879
96,325,HARVEY,b,0,104,318,MARIE,s,0,103,319,TIM,s,0,93,324,ARL,g,0,101,306,LY,b,0,102,328,EDWARD,b,2,342156,5880
100,309,ARL,b,0,104,318,GREY,g,0,94,324,SAMMY,p,0,88,309,GARY,g,0,101,314,RUDY,g,0,98,318,TOM,g,0,253461,5881
92,323,SEAN,s,0,104,319,KNIGHT,s,0,102,329,RICA,p,0,94,318,GRAHAM,p,2,100,315,ANDY,p,0,104,302,LY,p,0,621345,5882
95,300,DAN,s,0,97,313,ROBIN,g,0,92,304,JU,g,0,89,303,ANDY,p,0,88,317,SEAN,s,0,100,322,PETER,s,0,243615,5883
98,314,NANCY,s,0,97,313,GARY,s,0,101,316,CLIVE,g,0,102,311,JAMES,p,0,105,318,YOUNG,b,0,96,313,ANDY,b,2,142356,5884
91,321,DARIO,p,0,96,314,SEAN,g,0,91,321,LY,b,0,97,326,SAMMY,p,0,94,319,GEORGE,b,0,92,327,GARY,g,0,216435,5885
94,305,JENNY,p,2,96,314,MIKE,s,0,99,326,SAM,b,0,92,305,EDWARD,s,0,93,321,TOM,g,0,105,317,AIMEE,g,0,645213,5886
104,319,ROBIN,p,0,96,308,PAULA,g,0,90,302,FOX,b,0,98,320,TOM,s,0,99,329,RUDY,p,2,101,308,GARY,p,0,164253,5887
89,326,MIKE,g,0,96,309,AIMEE,s,0,91,307,TIM,s,0,93,328,GEORGE,s,0,98,300,HARVEY,s,0,97,321,ARL,s,2,423561,5888
99,310,JENNY,g,2,89,309,DARIO,g,0,99,319,GREY,s,0,88,313,ROBIN,b,0,104,302,PETER,b,2,103,312,NANCY,b,0,123564,5889
102,317,NANCY,g,0,89,310,SAMMY,s,2,90,324,SAM,p,0,101,322,GRAHAM,b,0,104,303,LY,g,0,99,302,PETER,g,0,651324,5890
88,301,CLIVE,b,0,88,311,ROBER,g,0,98,329,HARVEY,p,0,96,307,PAU,b,0,92,304,LE,g,0,95,316,TOM,p,0,365214,5891
98,315,TIM,b,2,88,304,JU,s,0,88,304,LY,g,0,102,315,ROBIN,g,2,91,306,GREY,p,0,91,306,LIA,s,2,462531,5892
101,322,DAN,b,0,88,305,SEAN,g,0,97,309,PETER,g,0,97,300,ROBER,g,2,97,307,HARVEY,s,0,104,327,FOX,b,0,354261,5893
93,306,ANDY,s,0,105,306,MIKE,s,0,105,321,RUDY,g,0,92,309,ELEN,g,0,97,315,SARA,b,0,100,311,ROBIN,g,0,324615,5894
96,313,ELEN,s,2,98,306,PAULA,g,2,95,326,ROBER,b,0,105,324,JENNY,p,0,96,317,PETER,g,0,89,301,TOM,p,0,124563,5895
100,327,SEAN,s,0,98,300,RUDY,s,0,103,301,YOUNG,b,0,100,302,FOX,p,0,102,318,PAU,p,0,102,322,SAMMY,s,0,561243,5896
92,311,AIMEE,p,0,98,301,FOX,g,0,94,306,JENNY,s,0,95,317,TERRY,p,0,101,319,GRAHAM,p,0,98,305,SAMMY,b,0,543216,5897
95,318,LY,p,0,98,301,MIKE,s,0,95,311,DAN,s,0,101,325,SAMMY,s,0,90,321,JOEL,s,0,94,326,EDWARD,g,0,461235,5898
105,302,LE,p,0,97,302,JOHN,g,0,103,316,BLUES,p,2,96,311,SEAN,s,0,89,322,FOX,b,0,90,316,SARA,g,0,213465,5899
91,309,SEAN,p,0,97,326,GRAHAM,s,2,94,328,SARA,p,0,91,319,DARIO,s,0,95,300,TOM,g,0,103,300,GREY,p,0,635214,5900
101,323,JAMES,g,0,90,326,CLIVE,g,0,102,303,JU,g,0,104,304,GARY,s,0,95,302,SAMMY,p,0,99,320,ANDY,s,0,456231,5901
104,307,PAULA,g,0,90,327,JENNY,s,0,93,308,GRAHAM,g,2,99,312,CLIVE,b,0,101,303,AIMEE,s,2,88,311,GEORGE,b,0,153246,5902
89,314,SEAN,g,0,90,327,HARVEY,g,0,101,314,JOEL,g,0,105,328,ROBER,b,2,100,304,JOHN,s,0,101,301,SAM,g,0,563124,5903
99,328,ROBER,b,0,90,321,JOEL,s,0,91,319,PAULA,b,0,100,306,SAMMY,b,0,88,306,GEORGE,b,0,97,315,SEAN,p,0,621453,5904
102,305,JOEL,b,0,89,322,YOUNG,g,2,99,301,TIM,b,2,95,321,PAULA,g,0,105,307,MARIE,g,0,93,306,SAMMY,s,0,452613,5905
95,319,RUDY,b,0,89,322,YOUNG,s,0,90,306,TIM,s,0,90,329,JAMES,g,0,105,309,PAU,p,0,89,326,MARIE,b,0,543216,5906
98,303,PAU,s,0,100,323,TIM,g,0,98,311,JOEL,s,0,103,315,PETER,g,0,93,317,SAMMY,s,0,102,310,FOX,g,0,613524,5907
90,310,ARL,s,0,100,317,SEAN,s,0,99,316,LY,p,0,91,323,SAM,p,0,92,318,JOEL,b,0,91,300,JAMES,p,0,126345,5908
93,324,HARVEY,s,0,99,317,PAULA,g,0,90,321,GREY,p,0,104,308,NANCY,p,0,98,320,JENNY,g,0,104,321,TOM,s,0,624135,5909
96,301,SARA,p,0,99,318,JAMES,s,0,98,303,GEORGE,p,0,99,316,AIMEE,p,0,98,321,DARIO,g,0,100,304,LY,b,0,342516,5910
89,315,KNIGHT,p,0,99,319,PETER,g,0,89,308,LY,g,0,94,302,TOM,s,0,104,322,MIKE,p,0,96,325,TERRY,g,2,564132,5911
92,329,KNIGHT,p,0,99,319,PAU,s,0,97,313,FOX,g,0,89,310,JOEL,s,0,103,324,GRAHAM,s,0,92,315,LIA,g,0,352641,5912
102,306,GARY,g,0,92,313,JAMES,g,0,105,318,SAM,b,0,102,325,JENNY,s,2,91,302,ARL,b,0,105,329,CLIVE,p,0,416235,5913
105,320,ANDY,g,0,92,314,GEORGE,s,0,95,323,JAMES,b,0,90,303,TOM,b,0,91,303,ROBER,g,0,101,320,TIM,s,0,615234,5914
97,304,DARIO,g,0,91,314,PETER,g,0,104,305,SARA,s,0,103,318,BLUES,b,0,97,305,MARIE,p,2,90,310,SAM,b,2,513246,5915
101,311,SAMMY,b,0,91,315,SARA,s,0,94,310,YOUNG,s,0,98,327,ARL,b,0,96,306,NANCY,p,0,103,324,PAULA,g,0,263514,5916
104,325,JOHN,b,0,91,309,HARVEY,g,0,102,315,SAM,s,0,93,312,YOUNG,g,0,95,307,SANDY,s,2,99,314,KNIGHT,p,0,361245,5917
96,302,RICA,b,0,91,309,MIKE,s,0,104,320,GREY,p,0,88,320,HARVEY,g,0,102,309,FOX,b,0,95,305,SEAN,s,0,236145,5918
99,316,FOX,b,0,101,310,ARL,g,0,94,326,TIM,p,0,94,305,SARA,g,0,101,317,DARIO,g,0,91,318,MIKE,b,2,235416,5919
92,300,GEORGE,s,2,101,311,SAM,s,0,102,301,PAULA,g,0,89,314,AIMEE,g,0,89,318,JOHN,p,0,104,309,TERRY,g,0,623154,5920
95,307,DAN,s,0,101,304,HARVEY,g,0,93,313,GEORGE,g,0,102,329,JAMES,p,0,89,320,BLUES,s,0,100,329,SARA,p,0,234615,5921
105,321,ROBIN,s,0,101,305,JOHN,s,0,101,318,ELEN,b,0,97,307,SAMMY,p,0,95,321,ANDY,s,0,89,313,GEORGE,s,0,214653,5922
90,328,JENNY,p,2,100,306,PETER,g,2,91,323,LE,b,0,92,322,MARIE,p,2,94,322,DARIO,b,0,102,304,JOHN,b,2,241653,5923
93,312,JOHN,p,0,100,306,MIKE,s,0,100,328,HARVEY,b,0,98,301,GRAHAM,s,2,100,324,MARIE,g,0,98,324,SANDY,g,0,462513,5924
103,326,CLIVE,p,0,93,300,SARA,g,0,90,303,SAMMY,s,0,93,316,ROBIN,s,0,99,325,JOEL,p,0,94,315,TOM,p,0,514623,5925
89,303,PAU,g,2,93,301,SARA,s,0,98,315,LIA,s,0,88,324,YOUNG,s,0,88,303,GEORGE,s,0,89,328,RUDY,p,0,362451,5926
99,317,DARIO,g,0,93,301,GREY,g,0,89,320,GRAHAM,p,0,101,309,HARVEY,b,0,105,305,JENNY,b,0,103,319,SARA,s,0,612354,5927
102,324,KNIGHT,g,0,93,302,DARIO,s,2,90,325,MARIE,p,2,96,318,NANCY,b,0,93,306,TERRY,b,2,92,309,ELEN,b,0,213654,5928
105,308,SEAN,b,2,92,326,LY,g,0,98,300,JOHN,g,0,91,303,JOEL,b,0,92,307,TOM,g,0,105,323,TIM,g,0,362514,5929
97,322,JENNY,b,0,92,326,LIA,s,0,89,305,ELEN,g,0,97,311,TOM,g,0,92,309,JAMES,p,2,101,313,MARIE,p,0,654321,5930
101,329,LIA,b,0,103,327,KNIGHT,g,0,97,317,PETER,b,2,92,326,LE,g,0,98,310,GARY,s,0,97,304,RUDY,s,0,652314,5931
93,313,DAN,s,0,103,327,MARIE,s,0,105,322,TOM,b,0,105,305,ROBER,g,0,97,318,JOEL,b,0,93,318,FOX,b,0,142365,5932
96,320,YOUNG,s,0,102,328,PAULA,g,2,96,327,MIKE,b,0,100,320,LE,p,0,103,320,DARIO,g,0,88,308,SARA,g,0,154623,5933
88,304,PAULA,s,0,102,322,JOHN,s,0,104,302,JENNY,s,2,95,328,NANCY,p,2,102,321,SARA,g,0,102,329,MIKE,p,0,623415,5934
92,318,RICA,p,0,102,322,ROBER,g,0,94,308,PAULA,s,0,101,313,ARL,p,0,91,322,BLUES,p,0,91,312,GARY,s,0,241536,5935
95,325,SEAN,p,0,102,323,ANDY,s,0,102,319,CLIVE,p,0,96,322,RUDY,p,0,90,324,JU,s,0,104,303,SAMMY,b,0,432156,5936
105,309,KNIGHT,p,0,95,324,SANDY,g,0,93,324,TIM,p,2,91,307,LY,s,0,96,325,SEAN,b,0,100,323,SARA,g,0,614325,5937
90,316,JOHN,p,0,95,317,RICA,s,0,94,300,YOUNG,g,0,104,315,SAMMY,s,0,96,326,KNIGHT,g,0,96,307,ANDY,p,0,346521,5938
100,300,TERRY,g,0,94,318,SANDY,g,0,102,305,GARY,g,0,99,300,DARIO,s,0,102,305,PAU,p,0,92,327,JU,p,0,324561,5939
103,313,NANCY,g,0,94,319,AIMEE,s,0,93,310,JOHN,g,0,105,309,TERRY,b,0,101,306,LIA,p,0,105,318,EDWARD,s,0,631254,5940
96,321,ROBIN,g,0,94,319,FOX,g,0,101,315,ANDY,b,0,100,324,KNIGHT,b,0,100,307,SEAN,s,0,101,302,JOEL,b,0,251364,5941
99,305,ELEN,b,0,94,313,SAMMY,s,0,92,327,LE,b,0,95,302,LIA,b,0,89,309,EDWARD,b,0,90,322,GREY,g,2,264513,5942
102,312,TERRY,b,0,94,314,FOX,g,0,100,302,BLUES,s,0,90,317,SANDY,g,0,88,310,TOM,g,2,103,312,RUDY,p,0,365421,5943
94,326,JOEL,b,0,104,314,SARA,s,0,90,307,PAU,s,0,103,326,ROBER,g,2,94,312,RUDY,p,0,99,303,JOHN,s,0,462531,5944
97,309,JOHN,s,0,104,315,YOUNG,g,0,98,312,PAU,p,0,98,311,FOX,g,0,93,320,TOM,s,2,95,317,SANDY,b,0,125436,5945
90,317,PAULA,s,0,104,309,SAMMY,s,0,89,317,JOEL,p,0,104,319,JU,p,0,99,321,MARIE,s,0,90,307,GEORGE,g,2,264513,5946
93,300,SANDY,s,0,103,309,YOUNG,g,0,97,329,TOM,p,0,99,304,JAMES,p,0,99,322,SAM,b,0,104,328,JENNY,p,0,623415,5947
103,308,GRAHAM,p,0,103,310,LIA,s,0,98,304,MIKE,g,0,94,313,SANDY,p,0,105,324,DARIO,g,0,93,311,AIMEE,s,0,235416,5948
88,321,GEORGE,p,0,103,310,FOX,g,0,89,309,GREY,g,0,89,328,GARY,s,0,104,325,SAM,p,0,89,302,ANDY,b,0,325416,5949
92,305,LIA,p,0,96,304,JAMES,s,0,97,314,HARVEY,b,0,102,306,ROBIN,s,0,93,327,LE,s,0,102,322,TOM,g,2,362415,5950
102,313,ROBER,g,0,96,305,AIMEE,g,2,105,319,GREY,b,0,90,321,JENNY,s,0,92,328,ROBIN,b,0,98,306,DARIO,p,0,216435,5951
105,326,JOHN,g,0,96,305,YOUNG,s,0,96,301,PAULA,s,0,103,329,JENNY,s,0,91,306,DAN,b,0,94,326,MIKE,s,0,421635,5952
97,304,GRAHAM,g,0,95,306,MIKE,g,0,104,306,SANDY,s,0,98,315,BLUES,b,0,97,307,ROBIN,g,0,89,317,HARVEY,s,0,316542,5953
100,317,SANDY,b,2,95,307,JOHN,s,0,94,312,ARL,s,0,93,323,SARA,b,2,96,309,TIM,p,0,103,301,CLIVE,b,2,253416,5954
93,301,TIM,b,0,95,300,JAMES,g,0,102,317,PAULA,p,0,88,308,ARL,b,2,103,310,DAN,s,0,92,321,ANDY,g,0,352164,5955
96,308,DAN,b,0,88,301,LE,s,2,93,322,EDWARD,p,0,94,316,LY,g,0,102,312,ANDY,b,2,105,312,JOHN,p,0,643251,5956
99,322,GARY,s,2,88,302,PAU,g,0,94,304,AIMEE,g,2,89,302,TIM,g,0,90,313,ARL,g,0,101,325,PETER,s,0,136452,5957
91,300,KNIGHT,s,0,105,302,NANCY,s,0,102,309,ROBER,g,0,102,310,PAU,g,0,90,321,DARIO,p,2,97,316,DAN,b,0,314526,5958
94,313,YOUNG,s,0,105,326,HARVEY,g,0,93,314,JU,b,0,97,325,ARL,p,0,96,322,ANDY,p,0,93,306,PETER,g,0,324516,5959
104,327,SAMMY,s,2,105,327,GEORGE,s,0,101,319,YOUNG,b,2,92,303,RICA,p,0,95,324,TOM,s,0,88,320,BLUES,p,0,251463,5960
90,304,GARY,p,0,105,327,TOM,g,2,92,324,SAM,s,0,98,319,PETER,p,0,101,325,EDWARD,b,0,95,310,LIA,s,0,264315,5961
93,318,NANCY,p,0,98,328,JENNY,s,0,100,329,PAULA,s,0,93,327,EDWARD,s,0,100,327,ELEN,g,0,91,301,MIKE,b,0,435216,5962
103,325,RICA,p,2,97,322,GREY,g,0,90,311,LE,s,2,88,312,ARL,s,0,89,328,LIA,p,0,104,315,ELEN,g,0,634521,5963
88,309,MARIE,g,0,97,322,PAU,s,0,98,316,NANCY,p,0,101,320,TERRY,s,0,88,306,ARL,s,0,100,305,JAMES,p,0,324651,5964
98,323,FOX,g,0,97,323,ROBIN,g,0,89,321,TERRY,p,0,96,306,RUDY,b,2,105,307,HARVEY,s,0,96,326,TIM,s,0,261534,5965
102,300,ROBER,g,0,97,323,LE,s,2,97,326,SARA,g,2,91,314,GEORGE,b,0,93,309,PAULA,b,0,91,316,ELEN,s,0,213645,5966
94,314,LY,b,0,97,317,KNIGHT,g,0,98,301,JOHN,g,0,97,329,SANDY,b,0,93,310,FOX,g,0,105,300,SARA,b,0,326415,5967
97,321,ELEN,b,0,89,318,RUDY,s,0,89,313,RICA,b,0,92,307,TIM,b,0,99,312,GARY,p,0,94,320,NANCY,g,0,562413,5968
100,305,SEAN,b,0,89,318,SARA,g,0,97,318,SAMMY,b,0,105,322,YOUNG,g,0,98,313,FOX,s,0,90,311,KNIGHT,p,0,562413,5969
93,319,KNIGHT,s,0,89,319,AIMEE,s,0,105,324,JAMES,b,0,100,301,LY,g,0,104,314,TERRY,b,0,103,324,JOEL,s,0,641253,5970
96,326,JOHN,s,0,89,313,ANDY,g,0,96,329,JAMES,s,0,95,316,DARIO,g,0,103,323,TOM,b,2,99,315,YOUNG,b,0,123465,5971
88,310,PAU,s,0,89,313,ARL,s,0,104,304,ROBER,s,0,101,324,JOEL,p,0,92,324,SANDY,g,0,95,305,SEAN,g,0,643521,5972
91,317,CLIVE,p,0,88,314,RUDY,g,0,94,316,JAMES,p,0,96,309,PAU,p,0,91,325,TERRY,p,0,90,319,LY,p,2,543261,5973
101,301,SANDY,p,0,99,315,GREY,s,0,103,321,AIMEE,p,0,91,318,ROBIN,p,0,97,327,TERRY,s,0,104,310,SAMMY,s,0,462153,5974
104,315,FOX,p,0,99,315,JAMES,g,0,93,326,ROBIN,g,0,104,303,JOHN,s,2,97,328,ARL,b,0,93,300,RUDY,b,0,314265,5975
90,322,KNIGHT,g,0,99,309,JU,s,0,101,301,FOX,g,0,99,311,AIMEE,s,0,96,329,GREY,g,0,88,314,GEORGE,g,0,453261,5976
100,306,SEAN,g,0,98,310,MARIE,g,0,103,306,TIM,g,0,105,326,ELEN,s,0,102,308,GARY,g,0,102,304,FOX,p,2,614235,5977
103,313,EDWARD,g,0,98,310,MIKE,s,0,93,318,GARY,b,0,100,305,JOHN,b,0,101,309,BLUES,p,0,98,325,GEORGE,s,0,152643,5978
95,327,BLUES,g,0,98,311,SANDY,g,2,101,323,DARIO,b,0,95,320,PAULA,b,0,90,310,JOEL,s,0,93,308,CLIVE,s,0,162534,5979
98,311,GREY,b,0,91,305,PAULA,s,0,92,328,ROBIN,s,0,90,328,LE,b,0,89,312,EDWARD,b,0,89,329,TIM,b,0,231546,5980
91,318,JU,b,0,91,305,FOX,g,0,100,303,GREY,s,0,103,313,YOUNG,g,0,95,313,ARL,g,0,96,319,TERRY,g,2,345261,5981
94,302,HARVEY,b,0,91,306,PAU,s,0,90,308,ARL,p,0,98,322,JAMES,g,0,94,314,JENNY,p,0,92,303,GRAHAM,p,0,362541,5982
97,309,GREY,s,0,90,306,KNIGHT,g,0,99,313,SANDY,p,0,104,307,NANCY,g,0,100,316,ARL,p,0,105,324,RUDY,s,0,615342,5983
89,323,RICA,s,0,90,300,TERRY,s,2,89,325,ROBIN,p,0,99,315,AIMEE,p,0,100,324,FOX,s,2,101,314,LE,b,0,452316,5984
93,307,PAULA,s,0,90,301,LE,g,0,97,300,MIKE,g,0,94,300,AIMEE,p,2,88,325,DAN,b,0,97,328,HARVEY,g,2,432615,5985
103,314,ANDY,p,0,101,301,SAM,s,0,88,306,SARA,g,2,89,309,HARVEY,p,2,105,327,SAMMY,g,2,92,318,ROBIN,p,0,512643,5986
88,328,SAMMY,p,0,100,302,ANDY,g,0,89,311,LIA,b,0,102,324,SANDY,p,0,104,328,MIKE,p,0,88,309,ARL,s,0,254163,5987
98,305,JU,p,2,100,326,AIMEE,s,0,97,316,CLIVE,b,0,90,302,MIKE,s,0,93,329,KNIGHT,s,0,95,329,PAU,b,0,214563,5988
101,319,JOHN,g,0,100,326,BLUES,g,2,88,328,PETER,s,2,103,317,EDWARD,s,0,92,301,MARIE,s,0,91,313,SEAN,g,0,412635,5989
104,303,SANDY,g,0,100,327,PETER,s,0,96,303,YOUNG,s,0,98,326,GRAHAM,s,0,98,309,LY,b,0,104,303,PAU,p,0,613245,5990
97,310,ELEN,g,2,100,328,TOM,g,0,104,308,LE,s,0,93,311,AIMEE,b,0,97,310,ANDY,g,0,100,324,LY,s,0,312654,5991
100,324,JENNY,b,0,92,321,DARIO,s,0,95,313,RICA,p,2,88,319,DAN,b,0,104,312,GREY,p,0,96,308,TERRY,b,0,352164,5992
92,301,NANCY,b,0,92,322,HARVEY,g,0,103,318,RICA,p,0,94,304,TOM,b,0,103,313,PAULA,s,0,91,328,TERRY,b,0,352641,5993
95,315,MIKE,b,2,92,323,JOHN,s,2,93,300,AIMEE,g,0,89,313,JU,g,0,91,314,SAMMY,b,0,105,319,ROBER,g,0,326154,5994
98,329,TOM,s,0,92,323,SEAN,g,0,101,305,ELEN,g,2,102,328,LE,g,0,91,316,ANDY,b,0,94,302,SAM,p,0,146253,5995
91,306,SEAN,s,0,92,324,GRAHAM,s,0,92,310,CLIVE,b,0,97,306,GARY,g,2,97,317,SANDY,g,0,89,323,JAMES,s,0,461235,5996
94,320,EDWARD,s,2,91,318,PAULA,g,0,93,315,PETER,b,0,92,321,DAN,p,0,96,325,GARY,p,2,103,313,LY,b,0,152436,5997
104,327,ROBER,s,0,102,318,FOX,s,0,101,320,JOHN,s,0,105,300,DARIO,p,0,95,327,SAM,s,0,99,327,GEORGE,g,0,153624,5998
89,311,TIM,p,0,102,319,DAN,g,0,92,302,AIMEE,s,0,93,315,SARA,p,0,101,328,PAU,b,2,94,317,ELEN,p,0,426315,5999
99,325,ARL,p,0,102,319,GREY,s,0,100,307,AIMEE,s,0,88,323,HARVEY,s,0,101,329,JAMES,g,0,90,308,RICA,s,0,512634,6000
