164,500,JU,s,0,149,525,LE,b,0,155,511,SANDY,p,0,149,507,KNIGHT,s,0,159,516,LIA,b,0,163,508,TERRY,g,0,461325,5399
151,514,LY,s,0,155,525,SAMMY,p,0,151,523,GREY,p,0,156,522,LE,s,0,152,517,CLIVE,b,0,159,528,TOM,p,0,462315,5400
160,521,TOM,s,0,160,526,FOX,b,0,147,528,DAN,g,2,162,500,MARIE,s,0,147,519,ANDY,g,0,154,512,DARIO,s,0,354612,5401
160,521,TOM,s,0,160,526,FOX,b,0,147,528,DAN,g,2,162,500,MARIE,s,0,147,519,ANDY,g,0,154,512,DARIO,s,0,354612,5402
170,505,DARIO,p,0,165,527,JENNY,p,0,167,503,MIKE,g,0,168,515,LIA,b,0,164,527,SAM,p,0,150,502,PETER,b,0,351246,5403
155,512,SEAN,p,0,147,520,EDWARD,b,0,163,508,YOUNG,b,0,152,524,RICA,b,0,157,528,PAULA,s,0,169,523,JENNY,b,0,513264,5404
165,526,DAN,p,0,153,521,ARL,p,0,159,513,SANDY,b,2,158,509,NANCY,b,0,151,500,SAM,b,2,164,507,SEAN,g,0,261345,5405
151,510,ARL,g,0,159,522,ANDY,b,0,156,525,LIA,s,0,165,517,BLUES,g,0,168,501,HARVEY,g,0,160,527,TIM,p,0,645312,5406
160,517,ELEN,g,0,164,522,LIA,p,0,152,500,SARA,s,0,149,502,LE,g,2,163,502,GRAHAM,g,0,156,518,CLIVE,s,0,463215,5407
170,501,YOUNG,g,0,170,516,ARL,b,0,148,505,LE,s,2,155,511,RUDY,g,0,156,504,SANDY,p,0,152,501,DARIO,b,0,513426,5408
155,508,RICA,b,0,151,517,MARIE,p,0,168,511,JENNY,p,0,161,526,TOM,p,0,150,512,PAU,s,0,147,522,DARIO,g,0,534621,5409
165,522,BLUES,b,0,157,517,LY,b,0,165,516,ELEN,p,0,168,504,GARY,p,0,167,513,LIA,b,0,166,512,PETER,p,0,346125,5410
151,506,RICA,b,0,162,518,PETER,p,0,161,528,RUDY,g,2,152,519,GREY,p,0,162,515,HARVEY,g,0,162,526,ELEN,s,0,265341,5411
160,513,LIA,b,2,168,512,LE,b,0,158,503,PAULA,g,0,158,528,SANDY,p,0,155,516,GREY,p,0,157,516,MARIE,b,0,543261,5412
170,527,JOEL,s,0,150,512,JU,p,0,154,508,DAN,b,0,164,513,RICA,s,0,149,517,RUDY,p,0,153,507,HARVEY,g,0,546123,5413
155,504,SEAN,s,0,156,513,BLUES,b,0,149,513,RICA,b,0,148,521,KNIGHT,s,0,166,519,PETER,s,0,149,521,ANDY,p,2,514623,5414
165,518,PAULA,s,2,161,513,JU,p,0,169,518,MARIE,b,0,155,506,NANCY,s,0,161,520,LE,b,0,168,511,SARA,s,0,162435,5415
151,502,GEORGE,p,0,166,507,GREY,b,2,166,500,ELEN,s,0,161,515,YOUNG,b,0,154,528,FOX,g,0,164,502,JU,b,0,513624,5416
161,509,LE,p,0,148,508,RICA,p,0,162,505,JOEL,s,0,168,500,DAN,b,2,147,500,LY,p,0,159,522,DARIO,g,0,635124,5417
170,523,BLUES,p,2,154,508,MIKE,b,0,158,510,JOEL,p,0,152,508,YOUNG,b,0,165,501,PETER,s,2,155,506,JAMES,g,2,315624,5418
155,500,YOUNG,g,0,160,509,TIM,p,0,155,515,JOHN,p,0,157,523,RICA,g,0,159,502,MIKE,s,0,150,526,FOX,p,0,124536,5419
165,514,GREY,g,0,166,510,MARIE,b,0,151,520,JOHN,g,0,164,502,ANDY,g,0,153,504,PETER,b,2,170,517,ELEN,s,0,613452,5420
151,528,RUDY,g,2,147,503,JENNY,p,2,148,502,LY,g,0,148,517,HARVEY,g,0,170,505,TOM,g,0,165,500,ARL,b,0,541236,5421
161,505,JAMES,b,0,152,504,JOEL,b,0,168,507,YOUNG,g,0,154,525,GEORGE,p,0,164,513,JENNY,p,0,161,521,SARA,g,2,354612,5422
170,519,RICA,b,0,158,505,GRAHAM,p,0,164,512,MARIE,b,0,161,510,GARY,p,0,158,515,JAMES,s,0,157,511,PETER,p,0,462531,5423
156,526,YOUNG,b,0,164,505,HARVEY,b,0,159,517,TERRY,b,0,167,518,LY,p,0,152,516,SAM,b,0,152,525,PETER,s,0,465231,5424
165,510,LE,s,0,169,529,SAMMY,p,0,156,522,LIA,s,0,151,504,SAM,s,0,169,517,ANDY,b,0,148,516,LY,b,0,421365,5425
151,524,MIKE,s,0,152,500,ROBIN,b,2,152,528,TIM,s,0,157,512,GREY,s,0,163,519,LE,g,0,167,506,JENNY,g,2,631452,5426
161,501,GREY,s,0,156,500,ARL,p,0,149,509,ROBER,p,0,164,527,MARIE,s,2,157,520,SAM,p,0,163,520,JAMES,p,0,654123,5427
170,515,TOM,p,0,162,501,ARL,b,0,168,515,ANDY,p,0,148,505,JAMES,b,2,150,521,JU,s,0,159,510,SARA,s,0,163542,5428
156,522,JOEL,p,0,168,525,RICA,p,0,165,520,DARIO,p,0,153,521,JENNY,b,0,168,500,GREY,b,0,154,501,TERRY,b,0,213564,5429
165,506,ELEN,p,0,150,525,JOEL,b,0,161,525,LE,g,0,160,529,GARY,b,0,161,501,PAU,g,0,149,514,SEAN,g,0,513624,5430
152,520,AIMEE,p,0,155,526,JAMES,p,0,158,500,TERRY,g,2,167,514,MIKE,b,0,156,502,LE,g,0,168,505,YOUNG,g,0,651234,5431
161,527,YOUNG,g,0,161,526,SEAN,b,0,154,512,FOX,b,0,151,522,DARIO,g,0,149,504,PAULA,p,0,164,525,NANCY,p,0,654123,5432
170,511,HARVEY,g,0,166,520,MARIE,p,0,150,517,JENNY,b,0,157,508,JOHN,g,0,167,505,FOX,s,2,160,509,SAM,s,0,651243,5433
156,525,YOUNG,g,0,148,521,KNIGHT,b,0,169,522,GEORGE,s,2,163,516,AIMEE,g,0,160,506,JENNY,b,0,156,500,JOHN,b,0,143562,5434
165,502,FOX,b,0,154,521,RUDY,p,0,166,527,DAN,s,0,147,501,JENNY,p,0,155,515,AIMEE,g,0,152,520,KNIGHT,g,0,352461,5435
152,516,BLUES,b,0,159,522,SANDY,b,0,162,502,AIMEE,p,0,153,509,JOEL,p,0,148,516,PETER,p,0,147,504,ARL,p,0,364521,5436
161,523,ANDY,b,0,165,516,SAM,p,0,159,514,JAMES,p,2,160,525,SAMMY,p,0,166,517,SEAN,p,0,166,524,EDWARD,s,0,352641,5437
147,507,ROBER,s,0,147,516,JOHN,b,0,155,519,PETER,p,0,167,503,GRAHAM,s,2,159,519,SEAN,s,0,161,515,PAULA,b,0,453162,5438
156,521,ANDY,s,0,153,517,TERRY,p,0,151,524,SEAN,g,0,150,518,RUDY,s,0,153,520,LY,b,0,157,505,BLUES,g,0,613245,5439
165,528,BLUES,s,0,158,518,DAN,b,0,148,529,TIM,g,2,156,526,LIA,s,0,147,522,KNIGHT,g,0,153,519,SARA,p,0,461352,5440
152,512,YOUNG,p,0,163,518,LIA,p,0,168,504,ELEN,b,0,163,511,RUDY,b,0,164,523,JAMES,p,0,149,509,CLIVE,s,0,526134,5441
161,519,ELEN,p,0,169,512,TIM,b,0,164,516,GARY,b,0,147,520,PETER,b,0,158,501,SAM,s,0,168,500,SARA,b,0,514362,5442
147,503,JU,p,0,151,513,SARA,p,0,160,521,LIA,s,0,153,505,MIKE,b,0,152,502,JENNY,s,0,163,514,PAULA,g,0,361524,5443
156,517,JAMES,g,0,157,513,GRAHAM,b,2,156,527,EDWARD,s,0,160,513,SANDY,g,0,169,504,ELEN,b,0,159,504,RICA,g,0,461352,5444
165,524,JOHN,g,0,162,514,JAMES,p,0,152,502,GEORGE,s,0,166,528,LY,g,0,163,505,BLUES,g,0,154,525,DAN,p,2,452631,5445
152,508,ROBIN,g,2,167,508,KNIGHT,b,0,149,507,SAMMY,p,0,150,507,AIMEE,g,0,157,507,PAU,p,2,150,508,GEORGE,s,0,651342,5446
161,515,SAMMY,b,0,149,508,BLUES,p,0,169,512,JOEL,p,0,156,522,HARVEY,g,0,151,508,AIMEE,s,0,170,529,SARA,b,0,352461,5447
147,529,AIMEE,b,0,155,509,JENNY,b,0,165,524,JU,g,0,163,500,JAMES,p,2,168,516,GRAHAM,b,2,165,519,TIM,g,0,345612,5448
156,513,GEORGE,b,2,161,509,EDWARD,p,2,161,529,PAU,g,0,170,515,JU,p,0,162,517,GARY,g,0,161,503,MARIE,p,2,236451,5449
166,520,SEAN,b,0,166,503,FOX,b,0,158,504,CLIVE,b,0,152,524,ARL,p,0,156,519,KNIGHT,g,0,156,523,JU,s,0,564213,5450
152,504,HARVEY,s,0,148,504,ANDY,p,0,154,509,DAN,b,0,159,509,MARIE,s,0,150,520,PAU,p,0,152,514,ELEN,b,0,451236,5451
161,511,ARL,s,2,153,504,ANDY,b,0,151,514,ROBER,b,0,166,517,SEAN,s,0,166,522,RICA,s,0,148,528,JOHN,g,0,541623,5452
147,525,MIKE,s,0,159,505,RUDY,p,0,147,526,JOEL,s,0,149,502,NANCY,s,0,161,523,KNIGHT,b,0,167,518,DAN,p,2,126345,5453
156,509,MIKE,p,0,165,529,SAMMY,b,2,166,501,LY,s,0,156,511,LE,b,0,154,524,SANDY,g,0,163,509,PETER,s,0,365124,5454
166,516,HARVEY,p,2,147,529,SAM,p,0,162,506,DAN,p,0,163,526,PAULA,b,0,149,502,ELEN,p,0,158,522,YOUNG,b,0,531264,5455
152,500,TOM,p,0,152,500,RUDY,b,0,159,511,GEORGE,p,0,169,504,GREY,b,0,165,504,ROBER,p,0,154,513,JAMES,g,0,356142,5456
162,507,SARA,g,0,158,501,ELEN,p,0,155,516,DARIO,g,0,152,519,JOHN,g,0,160,505,AIMEE,s,0,149,503,GEORGE,p,2,412563,5457
147,521,SARA,g,0,163,524,DAN,b,0,151,528,GRAHAM,g,0,159,528,EDWARD,g,2,153,507,ARL,b,0,168,524,PAULA,p,0,164352,5458
156,505,MIKE,g,0,168,525,LE,p,2,148,503,KNIGHT,g,0,166,513,GARY,g,0,148,508,CLIVE,g,2,164,507,JAMES,s,0,421653,5459
166,512,SAM,b,0,151,526,TIM,b,0,168,509,LY,b,2,149,521,GARY,p,0,164,509,PAU,p,0,160,528,HARVEY,b,0,541263,5460
152,526,SANDY,b,0,156,526,SARA,p,0,164,514,GRAHAM,b,0,155,506,RICA,p,0,159,517,DARIO,s,2,156,518,NANCY,g,0,524613,5461
162,503,ARL,b,0,162,527,SANDY,b,0,161,519,JENNY,s,0,162,515,MARIE,p,0,152,519,ELEN,s,0,151,502,JOHN,p,0,643512,5462
147,517,MARIE,s,0,168,521,GEORGE,p,0,156,501,AIMEE,s,2,169,500,JOHN,p,0,169,520,ANDY,b,0,170,523,FOX,s,0,623415,5463
157,501,AIMEE,s,0,149,521,ELEN,b,0,152,506,KNIGHT,p,0,152,508,CLIVE,s,0,163,522,JAMES,g,0,166,513,RICA,b,0,531426,5464
166,508,ROBER,s,0,154,522,SARA,p,0,149,511,ROBIN,p,0,159,523,DAN,s,0,157,523,JU,p,0,161,527,CLIVE,g,0,312546,5465
152,522,GARY,p,0,160,522,EDWARD,b,0,169,516,LE,g,2,165,502,ARL,s,0,151,524,AIMEE,s,0,157,517,SARA,p,0,435162,5466
162,529,GEORGE,p,0,166,516,GREY,p,0,165,521,AIMEE,g,0,148,517,ARL,b,0,168,503,ELEN,b,0,153,508,RUDY,s,0,321654,5467
147,513,TERRY,p,0,148,517,JOEL,b,0,162,526,JAMES,g,0,155,525,LE,b,2,162,504,GARY,b,0,149,521,ROBER,b,0,134625,5468
157,527,RICA,p,0,154,517,SAMMY,p,0,158,508,JAMES,b,2,162,510,NANCY,b,2,156,505,SANDY,g,0,168,512,MIKE,g,0,516234,5469
166,504,ANDY,g,0,158,518,FOX,b,0,154,513,YOUNG,b,0,169,519,AIMEE,g,0,150,507,SAM,p,0,163,502,SEAN,p,0,461532,5470
153,518,AIMEE,g,0,164,512,RICA,p,0,151,518,SAM,s,0,152,504,GARY,g,0,167,508,TERRY,s,0,159,516,CLIVE,p,0,265341,5471
162,525,YOUNG,g,0,170,512,NANCY,b,2,147,523,GRAHAM,s,0,158,512,PAULA,g,0,161,509,KNIGHT,b,0,154,507,LE,s,0,146352,5472
147,509,KNIGHT,b,0,152,513,MARIE,p,0,166,528,SAMMY,p,0,165,527,NANCY,p,0,155,511,SANDY,g,0,150,527,BLUES,b,0,534261,5473
157,522,NANCY,b,0,158,514,TOM,b,0,162,510,JAMES,p,0,148,506,EDWARD,p,0,148,519,JU,g,2,169,511,TERRY,g,0,564312,5474
166,500,GRAHAM,b,0,163,507,MIKE,p,0,159,515,DARIO,p,0,155,521,SARA,p,0,166,520,GREY,p,0,165,501,ANDY,p,0,364521,5475
153,514,MIKE,s,0,168,508,JAMES,b,0,155,521,JU,g,0,162,529,LE,s,0,159,522,DAN,s,0,161,522,KNIGHT,s,2,415632,5476
162,521,YOUNG,s,0,150,509,ROBER,p,2,152,526,ANDY,g,0,168,514,JOEL,s,0,154,523,TOM,b,0,156,505,EDWARD,b,0,142356,5477
148,505,SANDY,s,0,156,509,ELEN,b,0,148,501,SARA,b,0,151,523,SAMMY,s,0,147,524,AIMEE,g,0,152,526,GARY,g,0,415326,5478
157,518,RUDY,p,0,161,503,HARVEY,p,0,168,513,GREY,b,0,158,508,PETER,s,2,165,526,JENNY,p,0,147,516,EDWARD,p,0,265143,5479
166,526,GARY,p,2,167,504,KNIGHT,b,0,164,518,TOM,s,0,165,516,SAMMY,b,0,158,504,AIMEE,p,0,167,507,SARA,s,2,316542,5480
153,509,PAULA,p,0,149,504,LY,p,0,161,523,ROBER,s,0,148,501,SANDY,b,0,153,505,KNIGHT,s,0,162,521,JOEL,b,0,513246,5481
162,517,GRAHAM,g,0,154,505,NANCY,s,2,157,528,PETER,s,0,154,509,JENNY,b,0,170,507,LE,b,0,158,511,TIM,g,0,613254,5482
148,500,GARY,g,2,160,505,RUDY,g,0,153,503,GREY,p,0,161,525,BLUES,g,0,164,508,ANDY,g,0,153,502,PAU,p,0,126354,5483
157,514,JOEL,g,0,165,529,PETER,s,0,149,515,GEORGE,p,0,168,503,JOHN,g,0,157,509,RUDY,p,0,149,515,YOUNG,p,2,416253,5484
166,522,EDWARD,b,0,148,500,PETER,g,0,169,520,GRAHAM,g,0,151,518,GEORGE,g,0,152,511,FOX,s,0,168,506,KNIGHT,s,0,635412,5485
153,505,JENNY,b,2,153,500,JAMES,s,0,165,525,HARVEY,g,0,158,526,TOM,p,0,169,512,GREY,s,0,164,526,GARY,b,0,524316,5486
162,513,KNIGHT,b,0,159,501,FOX,g,2,162,500,GREY,b,0,165,512,SARA,p,0,162,520,SANDY,b,2,160,510,RICA,g,0,462513,5487
148,526,GREY,s,0,164,525,SAM,s,0,158,505,LY,b,0,147,520,TERRY,p,0,156,522,JU,g,0,156,500,PAU,p,2,256413,5488
157,510,SAMMY,s,2,169,525,JOHN,g,0,154,510,DAN,b,2,154,505,ANDY,s,2,150,523,DARIO,p,2,151,521,RICA,s,0,254163,5489
167,517,EDWARD,s,0,151,526,YOUNG,s,0,151,522,BLUES,s,0,161,513,CLIVE,s,0,168,524,JOHN,s,0,170,505,ROBER,b,0,651423,5490
153,501,HARVEY,s,0,157,527,TERRY,g,0,147,527,TOM,s,0,168,529,GRAHAM,s,0,161,526,GREY,b,0,165,525,SANDY,g,0,216435,5491
162,508,CLIVE,p,0,163,520,JU,s,0,167,503,ROBER,p,2,151,507,ROBIN,b,0,155,527,RUDY,b,0,161,515,GRAHAM,p,0,361254,5492
148,522,SEAN,p,0,168,521,GREY,g,0,163,508,TOM,p,0,157,522,YOUNG,b,0,149,505,RICA,g,0,157,529,JENNY,s,0,361254,5493
157,506,SEAN,p,0,150,522,GEORGE,s,0,159,513,JU,g,0,164,500,CLIVE,b,0,167,507,YOUNG,p,0,153,520,DARIO,b,0,531246,5494
167,513,DAN,g,0,155,522,HARVEY,g,0,155,525,GRAHAM,g,2,147,516,FOX,g,0,160,508,JU,s,0,149,510,PETER,g,0,152634,5495
153,527,YOUNG,g,0,161,516,ELEN,s,0,152,500,TIM,b,0,154,524,SAM,g,0,154,509,SANDY,b,0,167,524,GREY,p,0,426135,5496
163,504,GRAHAM,g,0,167,517,GREY,g,0,148,505,LE,b,0,161,509,SEAN,g,0,148,511,CLIVE,g,0,163,514,LY,s,0,164253,5497
148,518,GEORGE,b,0,149,517,TERRY,s,0,168,510,AIMEE,b,2,167,517,JU,g,0,165,512,LY,p,0,158,505,LIA,s,0,564231,5498
157,502,PAULA,b,0,154,518,RICA,g,0,164,515,RUDY,s,0,150,502,MIKE,p,2,159,514,ANDY,p,0,154,519,ELEN,b,0,534216,5499
167,509,JENNY,b,0,159,512,ARL,s,0,161,527,LIA,s,0,157,511,MIKE,p,2,152,522,LE,s,2,150,509,PAULA,g,0,532416,5500
153,523,MARIE,s,0,165,512,GEORGE,g,0,157,502,LIA,p,0,164,526,EDWARD,p,0,147,523,RUDY,b,0,169,529,ROBIN,p,0,263145,5501
163,500,CLIVE,s,0,147,513,KNIGHT,s,0,154,507,PAULA,p,0,147,504,AIMEE,s,0,164,525,GRAHAM,g,2,165,520,RICA,s,0,561234,5502
148,514,JOEL,s,0,153,513,GREY,g,0,149,512,RUDY,g,0,154,519,SARA,s,0,158,526,CLIVE,p,0,160,504,YOUNG,b,0,541236,5503
158,528,YOUNG,p,0,158,507,ROBIN,s,0,169,517,KNIGHT,g,0,160,528,GEORGE,s,0,151,527,JU,s,0,156,524,HARVEY,g,0,431256,5504
167,505,AIMEE,p,0,164,508,JOEL,g,2,165,529,GRAHAM,g,0,167,513,ELEN,b,0,169,529,ROBER,s,0,152,515,CLIVE,p,0,521634,5505
153,519,FOX,p,0,169,508,RICA,s,0,162,504,TERRY,b,0,150,521,ANDY,b,0,163,507,JU,b,0,147,528,ROBIN,s,0,216534,5506
163,526,JAMES,g,0,151,509,JU,g,0,158,509,KNIGHT,b,0,157,506,SEAN,b,0,157,508,LY,g,0,167,519,ROBER,b,2,152346,5507
148,510,LE,g,0,157,510,TERRY,s,0,155,515,JU,s,0,164,515,JOEL,g,0,150,510,MIKE,p,0,162,509,PETER,g,0,614325,5508
158,524,MARIE,g,0,162,504,NANCY,g,0,151,520,LY,s,0,170,500,JOHN,g,0,167,511,JU,s,0,158,523,SANDY,p,0,261534,5509
167,501,NANCY,g,0,168,504,PAULA,s,2,147,525,FOX,p,0,153,508,ROBER,g,2,162,512,YOUNG,b,0,153,513,BLUES,s,0,416235,5510
154,515,TOM,b,0,150,505,SEAN,g,0,167,507,AIMEE,p,0,160,523,GEORGE,p,0,155,514,SAMMY,b,0,149,504,PAULA,s,2,324615,5511
163,522,ELEN,b,0,155,505,TERRY,s,0,164,512,TIM,p,0,167,502,TOM,p,0,149,515,DARIO,g,0,168,518,ANDY,b,0,453216,5512
148,506,DAN,b,0,160,529,JAMES,g,0,159,517,PAULA,g,0,150,517,DARIO,p,0,166,523,AIMEE,p,0,164,508,ROBIN,g,0,356241,5513
158,520,BLUES,s,2,166,500,ROBER,s,0,155,522,DAN,g,0,156,525,HARVEY,p,0,161,525,LIA,s,0,160,529,SEAN,p,0,654123,5514
167,527,GRAHAM,s,0,148,500,GEORGE,g,2,152,527,ROBIN,b,0,163,510,JOEL,s,0,154,526,SARA,b,2,155,512,GREY,s,2,461325,5515
154,511,SANDY,s,0,154,501,TERRY,s,0,148,509,PETER,b,0,170,519,JOHN,s,0,148,527,ARL,g,0,150,503,TIM,b,0,412563,5516
163,518,GARY,p,2,160,525,ROBER,g,0,168,514,JU,s,0,153,504,JOEL,s,0,165,529,HARVEY,g,2,170,523,JOHN,g,0,356142,5517
148,502,NANCY,p,0,164,525,MIKE,s,0,165,519,ANDY,s,2,160,512,GEORGE,b,0,160,500,CLIVE,p,0,165,507,FOX,p,0,631254,5518
158,516,BLUES,p,0,170,526,RUDY,g,0,161,524,SEAN,s,0,166,527,PAULA,b,0,153,508,EDWARD,s,0,161,527,ELEN,s,2,315624,5519
167,523,TIM,g,2,152,527,RICA,s,2,157,529,CLIVE,p,0,149,506,DARIO,b,2,147,510,ROBIN,b,0,157,518,GARY,b,0,132564,5520
154,507,MIKE,g,0,158,520,ROBIN,g,0,154,511,KNIGHT,p,2,156,521,PETER,g,0,164,511,RUDY,g,0,153,508,SEAN,g,0,123546,5521
163,514,DARIO,g,0,164,521,GREY,s,0,150,516,SARA,g,0,163,529,SEAN,g,0,158,512,SANDY,p,0,148,522,TIM,p,0,342156,5522
149,528,LIA,b,2,169,522,SAM,g,0,169,521,FOX,g,0,170,514,TOM,g,0,152,514,SANDY,p,0,167,513,PAULA,s,0,463521,5523
158,512,TIM,b,0,150,522,FOX,s,0,166,526,SEAN,b,2,153,523,MIKE,p,0,169,515,SANDY,s,0,163,503,ELEN,s,0,542613,5524
167,519,PAU,b,0,156,516,GREY,g,0,162,502,MARIE,b,0,159,508,BLUES,p,0,163,523,SANDY,b,0,158,517,LIA,b,0,245613,5525
154,503,ANDY,s,0,162,517,JOEL,s,0,158,513,NANCY,b,0,166,516,AIMEE,p,0,157,525,MIKE,g,0,154,507,BLUES,g,0,542163,5526
163,510,ANDY,s,0,167,517,PAULA,g,0,155,519,MARIE,s,2,149,501,DAN,s,0,151,526,JOHN,p,0,150,528,ELEN,p,0,421653,5527
149,524,GRAHAM,s,0,150,518,LE,s,0,151,524,DARIO,s,0,156,510,SEAN,s,0,168,527,EDWARD,s,2,169,511,HARVEY,s,0,561324,5528
158,508,JU,s,0,155,518,PETER,g,0,147,529,LIA,p,0,163,525,JAMES,s,0,162,529,JOHN,s,0,165,502,LE,b,0,452316,5529
168,515,LY,p,0,160,512,RUDY,s,0,167,504,NANCY,p,0,169,503,JOEL,s,2,156,500,FOX,b,2,160,522,SANDY,g,0,314625,5530
154,529,GEORGE,p,0,166,513,SEAN,g,0,164,509,LE,g,0,152,518,PETER,b,2,150,501,LY,g,0,156,506,RICA,p,0,126534,5531
163,513,NANCY,p,0,148,513,RICA,s,0,159,521,CLIVE,g,0,159,527,EDWARD,b,0,167,510,DAN,p,0,151,527,ROBIN,s,0,153624,5532
149,520,EDWARD,g,0,154,514,CLIVE,g,2,156,526,DARIO,b,0,166,512,ROBIN,b,0,160,511,RUDY,s,0,147,517,ELEN,b,0,512643,5533
158,504,GARY,g,0,159,508,RICA,s,0,152,501,RUDY,b,0,149,520,JOEL,g,0,155,512,TERRY,b,0,166,501,PAULA,g,0,261453,5534
168,511,LIA,g,0,165,508,PAU,g,0,148,506,SEAN,b,0,155,505,ROBER,g,0,148,514,KNIGHT,b,0,162,521,MIKE,p,0,612435,5535
154,525,LY,b,0,147,509,MIKE,s,0,168,511,ARL,s,0,162,513,LIA,g,0,166,515,EDWARD,g,0,157,512,RUDY,s,0,453621,5536
164,509,PAU,b,0,152,510,RICA,g,0,165,523,GEORGE,s,0,169,529,JAMES,p,0,159,516,DARIO,p,0,153,525,LE,b,0,534261,5537
149,516,RUDY,b,0,157,503,SAMMY,s,2,161,528,DARIO,p,0,152,507,LE,p,0,154,525,SARA,s,0,149,516,ROBIN,b,2,543216,5538
158,500,RUDY,s,0,163,504,MARIE,g,0,157,503,PAULA,p,0,159,522,JAMES,p,0,147,526,SAM,b,0,168,506,GEORGE,g,0,634125,5539
168,507,YOUNG,s,0,169,505,MARIE,s,0,154,508,PAULA,g,0,166,500,JOEL,s,0,165,527,CLIVE,g,0,164,520,JAMES,p,0,145623,5540
154,521,YOUNG,s,0,151,505,RICA,g,0,150,514,DARIO,g,0,148,516,FOX,s,2,158,529,TERRY,g,0,160,511,SEAN,s,0,351642,5541
164,505,TOM,p,0,157,529,DAN,s,0,169,525,TIM,g,0,155,524,JOEL,s,0,153,500,GEORGE,p,0,155,501,DARIO,b,2,415263,5542
149,512,JOEL,p,0,161,500,DAN,g,2,166,501,HARVEY,b,0,162,509,PAU,b,0,170,502,JENNY,s,2,150,522,EDWARD,g,0,512634,5543
159,526,HARVEY,p,0,167,500,RUDY,s,0,162,506,PAU,b,0,169,517,JENNY,b,0,163,503,ROBER,b,0,169,505,GRAHAM,p,0,612543,5544
168,503,RUDY,g,0,149,501,JAMES,g,0,158,511,SEAN,s,0,152,503,TOM,b,0,157,511,PETER,g,0,165,526,YOUNG,s,0,136524,5545
154,517,DAN,g,0,155,525,ROBER,s,0,155,516,AIMEE,s,0,158,511,GREY,g,0,151,512,ANDY,p,0,161,516,ROBIN,b,2,451326,5546
164,501,LIA,g,0,160,525,GARY,g,0,151,528,RICA,p,2,165,526,RUDY,g,0,169,514,ANDY,s,0,157,500,AIMEE,g,0,513246,5547
149,508,ANDY,g,2,166,526,KNIGHT,s,2,148,503,FOX,p,0,148,504,YOUNG,g,0,162,515,RUDY,s,0,153,520,NANCY,p,0,216534,5548
159,522,DAN,b,0,147,526,TIM,g,0,168,508,FOX,p,0,155,520,BLUES,g,0,156,517,GARY,b,0,148,511,ANDY,s,0,364215,5549
168,529,AIMEE,b,0,153,527,GRAHAM,s,0,164,513,CLIVE,g,2,162,528,SANDY,p,0,150,518,LE,g,0,167,525,MIKE,b,2,452316,5550
154,513,FOX,b,2,159,521,DAN,g,0,160,518,SARA,g,0,168,513,RUDY,p,2,168,526,HARVEY,p,0,162,515,GRAHAM,b,0,542316,5551
164,527,GRAHAM,s,0,164,521,GREY,s,0,156,523,SAMMY,b,0,151,521,SEAN,p,0,161,527,ROBIN,s,0,158,506,SANDY,g,0,614253,5552
149,504,EDWARD,s,0,170,522,JENNY,g,0,152,505,GREY,b,2,158,506,PAU,s,0,155,529,YOUNG,b,0,154,519,NANCY,p,0,426153,5553
159,518,BLUES,s,2,152,523,FOX,s,0,149,510,RUDY,s,0,165,515,CLIVE,s,0,149,500,ELEN,b,0,150,510,JOEL,s,0,341625,5554
168,525,GARY,p,0,157,516,JOEL,g,0,168,515,GRAHAM,s,0,148,500,TOM,s,0,166,502,HARVEY,g,0,169,500,LIA,b,0,143265,5555
155,509,YOUNG,p,0,163,517,DARIO,s,0,165,520,SAM,s,2,155,508,EDWARD,b,0,160,503,SEAN,p,2,164,514,JOEL,g,0,125634,5556
164,523,YOUNG,p,2,168,518,TOM,g,0,161,526,FOX,p,0,161,523,KNIGHT,b,0,153,504,SAMMY,s,0,160,504,PETER,p,0,215364,5557
149,500,TOM,g,0,150,518,HARVEY,s,0,158,507,GREY,p,0,168,502,YOUNG,b,0,148,512,ROBER,b,2,156,525,LIA,s,0,613245,5558
159,514,PAULA,g,0,156,512,SAMMY,g,0,154,513,LIA,g,0,151,517,KNIGHT,g,0,165,514,TIM,g,0,151,509,BLUES,b,0,513462,5559
168,521,BLUES,g,0,162,513,GEORGE,s,0,150,518,HARVEY,g,0,158,525,JU,g,0,159,515,LY,g,0,147,529,KNIGHT,g,0,512364,5560
155,505,ROBER,b,0,167,513,EDWARD,g,0,147,523,MIKE,b,0,165,510,JOHN,g,2,152,517,ROBIN,p,0,166,520,RICA,p,0,426513,5561
164,519,DAN,b,0,149,514,GEORGE,s,0,166,528,ROBER,b,0,147,519,SANDY,p,2,147,518,ROBIN,s,0,162,503,TIM,s,0,645213,5562
150,526,GREY,b,0,154,508,PETER,g,0,162,510,PAULA,s,0,154,504,RUDY,p,0,164,519,SANDY,b,0,157,524,DARIO,b,0,452316,5563
159,510,GREY,s,0,160,508,RICA,s,0,159,515,LE,s,0,161,512,PETER,p,0,158,528,JU,g,0,153,514,JOHN,b,0,534216,5564
168,517,AIMEE,s,0,166,509,SAM,g,0,155,520,JENNY,s,0,168,527,CLIVE,p,0,151,529,ANDY,p,0,149,505,GREY,g,0,413265,5565
155,501,SEAN,s,0,148,509,LIA,s,2,151,525,RUDY,p,0,151,506,ANDY,s,0,169,500,FOX,p,0,168,518,PAU,p,0,651342,5566
164,515,NANCY,s,0,153,503,PAULA,g,0,148,500,GREY,p,0,157,521,HARVEY,s,0,163,502,RUDY,s,0,164,509,MARIE,s,0,426153,5567
150,522,SEAN,p,0,158,504,ARL,s,0,168,512,SAMMY,g,0,164,529,KNIGHT,s,0,156,503,TERRY,b,0,159,529,RICA,b,0,234165,5568
159,506,TOM,p,0,164,504,EDWARD,g,0,164,517,SARA,g,0,147,514,HARVEY,b,0,150,504,TERRY,g,2,154,513,JU,g,2,312645,5569
169,513,PAULA,p,0,170,505,PAU,s,0,160,522,JU,b,0,154,523,EDWARD,b,0,167,506,ROBIN,p,0,150,504,AIMEE,p,0,251643,5570
155,527,GREY,g,0,152,506,TOM,g,2,157,527,YOUNG,b,0,161,508,TIM,b,0,162,514,ARL,s,2,169,524,SANDY,s,0,165234,5571
164,511,CLIVE,g,0,157,529,JENNY,s,0,152,502,PETER,b,0,168,516,ARL,g,2,155,515,LY,s,0,165,508,SAMMY,b,0,125463,5572
150,518,GEORGE,g,0,162,500,PAU,g,0,149,508,PETER,s,0,150,501,NANCY,g,0,149,517,ANDY,b,0,161,528,TERRY,g,2,431256,5573
159,502,SARA,b,0,168,501,LIA,s,0,169,519,RICA,s,0,157,510,ARL,g,0,166,518,SANDY,g,0,157,519,JU,p,0,425361,5574
169,509,MIKE,b,0,150,501,LE,g,0,165,525,EDWARD,p,0,164,525,JOHN,p,0,161,519,PAULA,p,0,152,502,DARIO,s,0,634512,5575
155,523,SAMMY,b,0,156,525,EDWARD,s,2,161,500,JAMES,p,2,147,503,SANDY,p,0,154,521,KNIGHT,s,0,147,523,RICA,b,0,524361,5576
165,507,PETER,s,0,161,526,MARIE,g,0,158,505,NANCY,g,0,154,518,YOUNG,p,0,148,529,ROBER,b,0,167,513,GEORGE,g,2,214356,5577
150,514,YOUNG,s,0,167,526,PETER,s,0,154,510,GARY,g,0,160,527,SAM,s,0,165,500,MIKE,b,0,162,527,GEORGE,g,0,462135,5578
159,528,JAMES,s,2,148,527,KNIGHT,g,0,151,522,GEORGE,g,2,167,512,AIMEE,s,0,159,502,EDWARD,g,0,158,518,ARL,p,0,136452,5579
169,505,KNIGHT,p,0,154,521,MIKE,s,0,147,527,DAN,b,0,150,520,TIM,s,0,153,503,PAU,p,0,154,508,RUDY,s,0,641235,5580
155,519,ANDY,p,0,160,521,LIA,g,0,167,502,EDWARD,b,0,157,505,LY,s,0,170,504,DARIO,s,0,150,522,SANDY,b,2,521463,5581
165,503,AIMEE,p,2,165,522,YOUNG,s,0,162,507,GARY,s,2,164,514,SAM,b,2,164,506,ANDY,b,0,169,512,BLUES,g,0,632145,5582
150,510,SEAN,g,0,147,522,PETER,g,0,159,512,LIA,s,0,170,529,JOEL,b,0,158,514,PAU,g,0,164,503,JOHN,p,0,156324,5583
159,524,PAU,g,0,153,516,MARIE,s,0,155,524,ARL,p,0,153,507,RICA,b,0,152,515,GREY,g,2,160,523,GRAHAM,s,0,356124,5584
169,501,HARVEY,g,2,158,517,FOX,g,0,151,529,DARIO,p,2,160,522,LE,g,0,169,517,KNIGHT,p,0,155,507,ANDY,b,0,513462,5585
155,515,RUDY,g,0,163,517,SEAN,s,0,148,504,TOM,p,0,167,501,JU,g,0,163,518,RICA,s,0,151,527,SANDY,g,0,452136,5586
165,529,ANDY,b,0,169,518,GRAHAM,g,0,168,509,PETER,g,0,150,516,JOHN,g,0,157,519,TOM,b,0,147,518,JAMES,p,0,362415,5587
150,506,GARY,b,2,151,512,LE,s,0,164,514,TIM,g,0,157,524,SAM,p,0,151,521,ELEN,g,0,166,501,BLUES,s,0,326541,5588
160,520,TIM,b,0,157,512,LY,g,0,161,526,SARA,b,0,163,509,HARVEY,p,0,168,522,GRAHAM,p,0,161,522,ELEN,b,0,542631,5589
169,527,ROBER,s,0,163,513,GARY,s,0,157,501,PAU,b,0,170,518,GREY,p,0,161,500,JOEL,p,0,157,512,MIKE,g,0,452613,5590
155,511,TOM,s,2,167,514,SEAN,g,0,153,507,JAMES,s,0,153,503,GRAHAM,s,0,156,502,LY,s,0,153,526,TIM,g,0,516324,5591
165,524,BLUES,s,0,149,514,ANDY,s,0,149,512,PETER,s,0,160,511,EDWARD,s,2,149,503,JENNY,b,0,148,517,ARL,p,0,612435,5592
150,502,CLIVE,p,0,155,508,JU,g,0,169,517,AIMEE,p,0,167,526,BLUES,s,2,167,504,TERRY,g,0,168,507,DARIO,s,0,346152,5593
160,516,NANCY,p,0,161,509,PAULA,s,2,165,522,ROBIN,p,0,149,504,CLIVE,b,0,160,506,DARIO,p,0,164,521,ROBER,b,0,123546,5594
169,523,RUDY,p,0,166,509,EDWARD,g,0,161,504,SEAN,p,0,156,520,JENNY,b,0,155,507,GREY,s,0,159,511,AIMEE,g,0,162354,5595
156,507,ROBIN,g,0,149,510,ROBER,s,0,158,509,AIMEE,g,0,163,528,RICA,b,0,148,515,SAMMY,s,0,154,502,GARY,p,0,136524,5596
165,520,TIM,g,0,153,504,PETER,g,0,154,514,ANDY,g,0,170,513,JU,b,0,166,517,BLUES,b,2,150,515,PAU,s,0,312645,5597
150,528,GREY,g,0,159,504,NANCY,s,0,151,519,GEORGE,b,0,153,521,ANDY,g,0,159,518,JENNY,g,0,169,506,KNIGHT,b,0,154263,5598
160,511,BLUES,b,0,165,505,SAMMY,g,2,147,524,SANDY,b,0,159,507,DAN,g,0,154,519,PAU,p,2,165,526,DARIO,g,0,624513,5599
169,519,SAM,b,0,147,505,SANDY,s,0,167,506,NANCY,s,0,166,515,MIKE,g,0,147,521,RICA,s,0,161,510,BLUES,p,2,346251,5600
156,502,ROBIN,b,0,153,529,SANDY,g,0,162,511,GRAHAM,s,0,149,500,DAN,p,0,165,522,BLUES,b,0,157,501,MARIE,s,0,436251,5601
165,516,NANCY,s,0,158,500,FOX,s,0,159,516,RICA,s,0,156,508,PETER,p,0,158,524,PAULA,g,0,152,521,ARL,b,0,512346,5602
151,524,LIA,s,0,163,500,ELEN,g,0,155,521,SANDY,p,0,163,524,YOUNG,p,2,152,502,MARIE,g,0,147,505,JOEL,g,0,435126,5603
160,507,SANDY,s,0,169,501,ELEN,s,2,152,526,HARVEY,p,0,169,502,YOUNG,s,0,170,503,NANCY,p,0,166,525,GARY,g,2,543162,5604
169,515,SAM,p,0,151,525,ROBIN,g,0,148,508,KNIGHT,g,2,152,517,SEAN,s,0,163,505,RICA,s,0,162,516,SARA,p,0,645123,5605
156,528,SAMMY,p,0,156,525,JOEL,s,0,168,513,JOHN,g,0,159,525,TIM,s,0,157,506,PAU,b,0,158,506,TERRY,s,0,361425,5606
165,512,ROBIN,p,0,162,526,RICA,g,0,164,519,GARY,b,0,166,511,CLIVE,b,0,151,507,FOX,g,0,154,520,KNIGHT,b,0,152436,5607
151,519,KNIGHT,p,0,168,527,EDWARD,s,0,161,524,PETER,b,2,149,519,GARY,b,0,169,509,TERRY,p,0,150,510,JAMES,g,2,256143,5608
160,503,JOEL,g,0,149,520,BLUES,g,2,157,529,JU,b,0,156,504,RICA,b,0,162,517,JOHN,p,0,168,501,MARIE,p,0,651234,5609
147,510,ELEN,g,0,155,521,ANDY,s,0,153,511,PAULA,s,0,162,512,FOX,g,0,156,518,GREY,s,0,164,515,SAMMY,s,0,463125,5610
156,524,SANDY,g,0,160,522,MARIE,g,0,149,516,LE,s,2,169,527,NANCY,g,0,150,520,PAU,b,0,159,505,SAM,b,0,423156,5611
165,508,HARVEY,b,0,166,522,BLUES,s,0,169,521,ROBER,p,0,152,506,GEORGE,g,0,168,521,SAM,g,2,155,526,TIM,g,2,352641,5612
151,515,NANCY,b,2,148,523,SEAN,g,0,165,526,RICA,p,0,159,521,TERRY,p,2,161,522,SAM,p,0,151,509,RUDY,p,0,354621,5613
160,529,ELEN,b,0,154,517,YOUNG,s,0,162,501,ROBIN,g,2,166,529,SARA,p,0,154,524,ROBER,s,0,147,500,AIMEE,s,0,542361,5614
147,506,JAMES,s,0,159,517,BLUES,g,0,158,506,PETER,g,0,148,514,TERRY,p,0,149,525,JENNY,s,0,166,520,YOUNG,b,0,532416,5615
156,520,HARVEY,s,2,164,518,LY,s,0,154,518,RUDY,g,0,155,523,SAMMY,p,0,166,503,AIMEE,b,0,161,504,SANDY,g,0,632145,5616
165,504,JENNY,s,0,170,518,LY,g,0,151,523,LE,b,0,162,508,BLUES,s,0,160,505,JOHN,g,0,157,524,RICA,p,0,165243,5617
151,511,ARL,p,0,152,512,JOHN,s,0,147,528,EDWARD,b,0,169,516,SAM,s,0,153,506,RICA,p,0,153,515,SARA,p,0,452163,5618
160,525,LE,p,2,158,513,GARY,g,0,167,503,RUDY,s,0,152,501,LY,s,0,148,507,JOHN,s,0,148,529,JU,s,0,132645,5619
147,502,CLIVE,p,0,163,513,SAM,s,0,163,508,JAMES,s,0,158,510,LY,b,0,165,509,GARY,b,0,168,519,GRAHAM,b,0,234165,5620
156,516,KNIGHT,g,0,168,514,GRAHAM,g,0,159,520,JAMES,p,0,165,525,TOM,b,0,159,510,ELEN,b,0,163,510,LY,g,0,632145,5621
166,500,YOUNG,g,2,150,508,LIA,s,2,155,525,JENNY,p,0,148,503,SARA,b,0,152,518,DAN,g,0,158,523,MARIE,p,0,163254,5622
151,507,PETER,g,0,156,508,RICA,g,0,152,501,BLUES,g,0,155,518,JAMES,g,2,147,520,LY,p,0,154,514,JU,s,0,641532,5623
160,521,GARY,b,0,162,509,TERRY,s,0,148,506,HARVEY,g,0,162,527,SANDY,g,2,164,521,SARA,s,0,150,504,AIMEE,b,0,452361,5624
147,505,TOM,b,2,167,510,RUDY,g,0,168,511,SARA,g,0,168,512,MIKE,g,0,157,522,SANDY,b,2,169,518,GEORGE,g,0,364215,5625
156,512,JOHN,b,0,149,503,LIA,s,0,164,523,CLIVE,b,0,151,520,DARIO,p,0,151,524,PETER,g,0,165,508,SAMMY,p,0,645231,5626
166,526,GEORGE,b,0,154,504,DARIO,g,2,161,528,PAULA,b,0,158,505,SAMMY,p,0,168,525,SARA,g,2,161,529,NANCY,s,0,564213,5627
151,503,ROBER,s,0,160,505,SAM,s,0,157,503,CLIVE,s,0,165,514,GARY,p,0,163,503,FOX,p,0,156,519,MIKE,b,0,543126,5628
161,517,HARVEY,s,0,166,505,LY,g,0,154,508,GEORGE,s,0,148,529,PETER,s,0,156,505,KNIGHT,s,0,151,503,TERRY,g,0,521436,5629
147,501,PAU,s,0,148,529,JOEL,s,0,150,513,JENNY,p,0,155,507,CLIVE,s,0,150,506,SANDY,b,0,147,524,SEAN,p,0,342165,5630
156,508,TOM,p,0,153,500,FOX,g,0,169,525,JAMES,p,0,161,522,DAN,s,0,167,507,EDWARD,g,0,166,514,LIA,p,2,614352,5631
166,522,DAN,p,0,159,500,NANCY,s,2,165,500,ROBER,p,0,168,501,GARY,s,0,162,509,KNIGHT,p,0,162,528,SARA,s,0,416325,5632
151,529,CLIVE,p,0,164,501,NANCY,g,0,162,505,JOEL,g,0,151,516,YOUNG,b,0,155,510,ARL,p,0,158,518,GRAHAM,b,0,251364,5633
161,513,PETER,g,0,169,501,JOEL,s,0,158,510,TERRY,g,2,158,524,LIA,b,2,149,511,SAMMY,s,0,154,509,TOM,g,0,123564,5634
147,527,NANCY,g,0,152,525,RICA,g,0,155,515,MIKE,b,0,165,509,TIM,b,0,166,520,TOM,b,0,149,522,SEAN,p,2,612435,5635
157,504,BLUES,g,0,157,526,DARIO,s,0,151,527,LIA,b,0,147,518,JOEL,g,0,161,521,HARVEY,g,0,168,513,TIM,s,0,652134,5636
166,518,PAULA,b,0,163,526,LE,g,2,147,502,FOX,s,2,154,503,DARIO,g,0,154,522,JAMES,p,0,164,503,ELEN,b,0,524316,5637
151,525,DAN,b,0,169,527,MIKE,s,0,167,507,SAMMY,s,0,161,511,YOUNG,g,0,147,524,SANDY,s,2,159,517,HARVEY,g,0,623541,5638
161,509,SAM,b,0,151,521,LIA,g,0,164,512,PAULA,s,0,167,526,LE,p,0,165,525,PETER,s,0,155,508,SARA,p,2,456231,5639
147,523,CLIVE,s,0,155,521,MIKE,s,0,160,518,ARL,p,2,151,505,PAU,p,0,159,526,ANDY,b,2,151,528,LY,s,0,324615,5640
157,500,JAMES,s,0,161,522,ROBIN,g,0,155,523,SAM,p,0,158,520,HARVEY,p,0,153,505,LY,g,0,147,512,KNIGHT,b,0,341256,5641
166,514,ROBIN,s,0,167,523,HARVEY,s,0,152,505,DARIO,g,0,164,528,GEORGE,s,0,170,506,SAMMY,p,0,165,502,JAMES,g,0,516243,5642
152,521,MIKE,p,0,149,516,GREY,g,0,148,510,SANDY,g,2,147,513,YOUNG,s,0,164,507,GARY,s,0,161,523,JU,p,2,563142,5643
161,505,LE,p,0,155,517,PAU,s,0,168,515,GREY,b,0,154,522,DARIO,s,2,158,509,CLIVE,b,0,157,506,JENNY,p,0,614235,5644
147,519,PAU,p,0,160,518,SANDY,g,0,165,520,TOM,b,0,161,507,AIMEE,b,0,152,510,JOHN,b,0,152,527,GRAHAM,s,0,621345,5645
157,526,JAMES,p,0,165,518,JENNY,s,0,161,525,YOUNG,b,0,167,515,HARVEY,b,0,169,512,SEAN,g,0,148,517,ARL,b,0,125643,5646
166,510,ARL,g,2,147,512,DARIO,g,0,157,507,TERRY,s,0,150,500,PETER,b,0,163,513,BLUES,p,0,167,501,MARIE,g,0,561324,5647
152,517,PAU,g,0,153,513,MIKE,s,0,154,512,SEAN,s,0,157,509,JENNY,b,0,157,521,SANDY,s,0,163,522,DARIO,p,0,561324,5648
161,501,GREY,g,0,159,513,ANDY,g,0,150,517,JOEL,p,0,164,524,TIM,g,0,150,522,NANCY,b,0,158,512,MARIE,s,0,364521,5649
148,515,ELEN,b,2,164,514,RICA,s,0,170,522,SAM,p,0,147,502,LY,g,0,168,524,NANCY,g,0,154,503,SEAN,b,0,532461,5650
157,522,DARIO,b,0,170,508,TIM,g,0,165,527,LIA,g,0,154,517,ROBER,g,0,161,525,JAMES,p,0,150,516,ARL,g,0,352641,5651
166,506,LE,b,0,151,508,GREY,s,0,162,509,KNIGHT,g,0,160,525,JOHN,p,0,156,527,GARY,p,0,169,507,BLUES,p,0,645231,5652
152,513,EDWARD,s,2,157,509,PETER,g,0,158,514,RUDY,b,0,166,511,LY,p,0,149,528,RICA,s,2,165,527,PAULA,s,0,546213,5653
161,527,TOM,s,0,162,510,LIA,s,0,155,519,GARY,b,0,150,519,PAULA,p,2,167,506,ROBIN,b,0,161,511,LE,b,0,214536,5654
148,511,DAN,s,0,168,510,JAMES,g,2,151,524,KNIGHT,b,0,157,504,GRAHAM,s,0,160,507,TOM,g,0,156,501,SARA,g,0,264513,5655
157,518,GARY,p,2,150,504,MARIE,s,0,147,500,JOHN,s,0,163,512,ARL,s,0,155,509,SAM,p,0,151,522,DAN,p,0,451362,5656
166,502,AIMEE,p,0,156,505,SANDY,g,0,167,511,EDWARD,s,0,147,528,GARY,s,0,148,510,GRAHAM,s,0,147,506,ANDY,s,0,126534,5657
152,509,NANCY,p,0,161,505,LE,s,0,164,517,RUDY,p,0,153,506,LIA,b,0,166,512,MARIE,s,0,166,526,MIKE,s,0,351624,5658
161,523,TERRY,g,2,166,506,JOEL,g,0,160,522,KNIGHT,p,0,160,521,LE,b,0,159,513,PAULA,b,0,162,517,NANCY,b,0,132645,5659
148,507,LY,g,0,148,500,BLUES,s,2,157,527,NANCY,g,0,166,529,GEORGE,b,0,153,514,ROBIN,g,0,158,500,LIA,g,0,365214,5660
157,514,BLUES,g,0,154,500,PETER,g,0,152,502,DARIO,g,0,150,515,YOUNG,g,0,147,522,RICA,p,0,154,521,JAMES,p,0,465231,5661
167,528,ELEN,b,0,160,501,BLUES,s,0,148,507,AIMEE,g,0,157,523,RICA,g,0,164,524,ARL,s,0,148,511,CLIVE,s,2,652431,5662
152,505,BLUES,b,0,165,501,TERRY,g,0,168,519,HARVEY,b,2,163,508,RUDY,g,0,158,525,JOHN,b,0,168,525,YOUNG,b,0,245613,5663
161,519,RICA,b,0,147,525,MARIE,s,0,165,524,LE,b,0,169,516,CLIVE,g,2,152,527,JU,b,0,163,515,EDWARD,g,0,462351,5664
148,503,LY,b,0,152,526,GREY,g,2,161,529,ARL,s,0,153,502,PAU,p,2,170,528,LE,g,0,159,506,JOHN,p,0,654231,5665
157,510,GARY,s,0,158,526,NANCY,s,0,157,504,PETER,s,2,160,510,BLUES,p,0,163,529,ROBIN,p,2,155,520,JENNY,s,2,146235,5666
167,524,PAULA,s,0,164,527,TIM,g,0,154,509,DARIO,p,0,166,525,MARIE,p,0,157,508,SARA,s,0,151,510,ANDY,b,0,142536,5667
152,501,RUDY,s,0,169,521,MIKE,s,0,150,521,JOEL,p,0,149,503,JOHN,s,0,151,509,ROBER,b,2,147,501,TIM,g,0,624135,5668
162,515,ROBER,p,0,152,521,SAM,g,0,147,526,ARL,p,2,156,518,GARY,s,0,168,510,TERRY,g,0,165,521,DARIO,p,0,561432,5669
148,529,PAU,p,0,156,522,RUDY,s,0,166,501,TOM,g,0,162,527,JOEL,s,0,162,512,NANCY,g,0,161,505,DARIO,s,2,136245,5670
157,506,JENNY,p,0,162,523,ROBER,g,0,162,506,TIM,g,0,169,512,RICA,b,0,156,513,LY,p,0,157,525,GREY,s,0,365214,5671
167,520,JOEL,g,0,168,516,GRAHAM,s,0,158,512,LIA,b,2,153,520,MIKE,b,0,150,514,BLUES,s,0,152,516,GARY,b,0,215436,5672
152,527,HARVEY,g,0,150,517,RUDY,g,0,155,523,GEORGE,b,0,160,505,RICA,b,0,167,516,PAU,b,0,148,529,CLIVE,g,0,123645,5673
162,511,HARVEY,g,0,155,518,SAMMY,s,0,151,529,JAMES,s,0,165,514,RUDY,g,0,161,524,GEORGE,g,0,167,520,FOX,p,2,453261,5674
148,525,JAMES,b,0,161,518,EDWARD,g,0,148,504,SAMMY,s,0,149,529,DAN,g,2,154,525,JENNY,p,0,162,510,JOHN,s,0,524631,5675
158,502,SEAN,b,0,166,519,HARVEY,s,0,167,509,ROBIN,s,0,156,507,GRAHAM,g,0,149,527,TIM,p,0,158,524,JAMES,b,0,523461,5676
167,516,MIKE,b,0,148,513,JU,g,0,164,514,DAN,p,0,162,522,TOM,p,0,166,528,ELEN,s,0,154,514,KNIGHT,g,0,354621,5677
152,523,KNIGHT,s,0,154,513,PETER,s,0,160,526,GRAHAM,p,0,169,501,JOEL,p,0,160,529,SAMMY,b,0,150,505,TIM,p,0,126435,5678
162,507,PETER,s,0,159,514,ANDY,b,0,157,501,JU,g,0,152,516,ROBIN,p,0,153,501,JENNY,g,2,169,519,RUDY,s,0,413652,5679
148,521,LE,s,0,165,514,JENNY,p,0,152,506,JOHN,g,0,159,524,FOX,s,0,148,509,JOEL,p,0,165,509,DAN,b,0,245136,5680
158,528,DARIO,p,2,147,508,PETER,b,0,148,511,GREY,b,0,165,509,ANDY,s,0,165,510,ROBIN,s,2,160,500,RUDY,g,0,564132,5681
167,512,RUDY,p,0,152,509,JENNY,p,0,168,516,DAN,b,0,149,518,MIKE,s,0,159,512,CLIVE,s,0,155,513,HARVEY,p,0,156243,5682
153,519,BLUES,p,0,158,509,GARY,b,2,165,521,RUDY,s,0,156,503,JU,s,0,152,513,LE,b,0,151,504,AIMEE,s,0,631425,5683
162,503,SAM,p,2,163,510,RICA,p,0,161,503,KNIGHT,s,0,161,511,TOM,b,0,169,514,DAN,g,0,147,524,ARL,b,0,351624,5684
148,517,GRAHAM,g,0,169,504,TERRY,b,0,158,508,ARL,s,0,168,526,NANCY,b,2,164,516,SEAN,p,0,166,508,PAU,b,0,531426,5685
158,524,JOEL,g,0,151,504,DAN,p,0,154,513,DARIO,p,0,152,505,HARVEY,b,0,157,524,ELEN,s,0,162,528,GRAHAM,g,0,651324,5686
167,508,TERRY,g,2,157,505,RUDY,b,0,150,518,LIA,p,0,158,520,MIKE,g,0,151,525,GRAHAM,b,0,158,519,SANDY,p,0,613452,5687
153,515,JENNY,b,0,161,506,SAMMY,p,2,147,524,RICA,g,0,165,528,LY,g,0,168,527,SEAN,b,0,153,503,PETER,s,0,342651,5688
162,529,ROBER,b,0,167,529,JOEL,b,0,167,505,TERRY,g,0,149,513,JOHN,g,0,163,528,JAMES,g,0,148,523,EDWARD,b,0,543261,5689
148,513,ARL,b,2,149,500,FOX,p,0,162,511,JU,b,0,155,522,PAU,p,0,156,529,TIM,p,0,168,514,AIMEE,g,0,562413,5690
158,520,MARIE,s,0,155,501,HARVEY,b,0,159,516,RUDY,b,0,161,507,ROBER,p,0,150,501,JOEL,s,0,163,504,EDWARD,p,0,541632,5691
167,504,SEAN,s,0,161,501,JOHN,p,0,155,521,GRAHAM,b,2,168,515,PAULA,p,0,167,502,LE,b,0,159,518,LIA,s,0,412653,5692
153,511,FOX,s,2,166,525,GREY,b,2,151,526,BLUES,s,0,152,500,KNIGHT,s,0,162,510,MARIE,g,0,155,508,DAN,b,2,153426,5693
162,525,TIM,p,0,148,526,PAU,p,0,148,508,LY,s,0,158,509,SARA,s,0,155,512,MIKE,g,2,151,529,JU,g,0,216345,5694
149,509,ARL,p,0,153,526,KNIGHT,b,0,168,513,RICA,p,2,164,524,AIMEE,s,2,148,513,RUDY,p,0,169,512,LIA,p,0,463512,5695
158,516,JU,p,0,159,527,PETER,p,0,164,518,BLUES,p,0,148,502,CLIVE,b,2,166,514,LE,s,2,165,503,DARIO,s,0,352614,5696
167,500,LY,g,0,165,527,LE,b,0,160,523,TERRY,g,0,155,517,JOEL,b,0,160,516,NANCY,b,0,161,523,GREY,b,2,136245,5697
153,507,JENNY,g,0,147,521,SAMMY,p,2,157,528,CLIVE,g,2,161,526,ROBER,b,0,154,517,BLUES,g,0,156,507,YOUNG,b,0,312654,5698
162,521,SARA,g,0,152,522,SAMMY,b,0,153,510,JAMES,g,0,168,511,TOM,b,0,147,525,SANDY,p,0,152,528,LIA,g,0,135624,5699
149,505,JOHN,b,0,157,522,KNIGHT,p,0,149,515,AIMEE,b,0,151,519,ARL,g,0,165,527,RICA,p,0,148,518,BLUES,p,0,526413,5700
158,512,ROBER,b,0,163,523,SAM,b,0,169,520,KNIGHT,b,2,157,504,GRAHAM,g,0,159,528,GEORGE,s,0,167,502,JENNY,s,2,645132,5701
168,526,DARIO,b,0,168,517,JOHN,p,0,165,525,TIM,s,0,164,513,ARL,g,0,153,529,NANCY,b,0,162,522,RICA,b,0,243516,5702
153,503,PAULA,b,0,151,517,GRAHAM,b,0,161,500,NANCY,s,0,148,528,YOUNG,p,0,170,501,JOEL,g,0,158,513,GEORGE,g,0,564321,5703
162,517,SEAN,s,0,156,518,TERRY,p,0,158,506,PAULA,p,0,155,506,JAMES,p,0,164,502,MIKE,p,0,154,526,SANDY,p,0,153264,5704
149,501,MARIE,s,0,162,519,LY,b,0,154,517,DARIO,p,0,160,521,ROBER,p,0,158,504,ANDY,s,0,149,517,JOEL,s,2,134562,5705
158,508,ANDY,s,0,167,512,TOM,p,0,151,523,PAULA,p,0,167,500,ROBER,s,2,152,512,GEORGE,b,0,169,507,YOUNG,b,0,423516,5706
168,522,ROBER,p,0,149,513,JU,b,0,147,528,HARVEY,g,0,151,515,CLIVE,s,0,169,513,ARL,b,2,165,521,YOUNG,g,0,164325,5707
153,529,PETER,p,0,154,514,GRAHAM,p,0,167,503,TERRY,g,0,157,523,TOM,s,0,162,515,CLIVE,g,0,160,512,ROBIN,p,0,163542,5708
163,513,GRAHAM,p,0,160,514,JAMES,b,0,163,508,YOUNG,b,0,164,508,LE,b,0,157,516,LY,p,2,155,502,RUDY,s,0,165342,5709
149,526,PAULA,g,0,166,508,MARIE,p,0,159,520,JENNY,b,0,148,516,EDWARD,b,0,150,517,GRAHAM,s,0,151,516,AIMEE,b,0,215346,5710
158,504,DAN,g,0,148,509,LY,b,2,155,525,JOEL,s,0,154,502,ELEN,b,0,168,519,YOUNG,b,0,147,506,SAMMY,b,0,316542,5711
168,518,SAM,g,0,153,509,BLUES,p,0,151,500,RUDY,s,0,160,510,TERRY,g,0,161,527,MARIE,g,0,166,527,KNIGHT,g,0,165234,5712
153,525,NANCY,b,0,158,510,ROBIN,b,0,148,505,HARVEY,p,0,167,525,EDWARD,g,0,156,528,JENNY,g,0,162,517,JOHN,p,0,643512,5713
163,509,SARA,b,0,164,504,DAN,p,0,168,510,SEAN,p,0,151,503,ANDY,g,0,149,500,GRAHAM,p,0,158,501,CLIVE,s,0,362451,5714
149,522,GARY,b,2,170,504,DAN,b,0,164,522,LY,p,0,157,519,BLUES,g,0,167,501,PAU,s,0,152,521,SAMMY,b,0,453126,5715
159,500,SEAN,s,0,152,505,LY,p,2,161,527,JENNY,g,0,163,527,DARIO,p,2,160,502,BLUES,b,0,148,512,SARA,g,0,342165,5716
168,513,CLIVE,s,0,158,505,EDWARD,b,0,157,502,PAULA,g,0,147,512,SAM,p,0,155,504,PETER,g,0,167,526,MARIE,p,0,164532,5717
153,521,MARIE,s,2,162,506,AIMEE,p,0,153,507,ARL,b,0,153,520,NANCY,p,0,148,505,BLUES,p,0,163,516,GARY,s,0,621453,5718
163,504,YOUNG,p,0,168,500,SARA,b,0,150,512,MARIE,b,0,160,506,HARVEY,s,0,165,513,RICA,p,0,159,507,SEAN,b,0,154623,5719
149,518,PAULA,p,0,150,500,NANCY,p,0,169,524,ROBER,s,0,167,514,ARL,s,0,159,515,KNIGHT,s,0,155,520,CLIVE,g,0,561324,5720
159,526,JAMES,p,2,156,501,EDWARD,b,2,165,529,RICA,s,0,150,529,YOUNG,s,0,153,516,JENNY,b,0,151,511,SANDY,p,0,134652,5721
168,509,ARL,g,0,161,502,BLUES,p,0,161,505,CLIVE,s,0,156,507,YOUNG,b,0,147,517,LIA,g,2,169,501,ROBER,s,0,126354,5722
153,523,EDWARD,g,0,167,525,SAMMY,b,0,158,510,JOEL,p,0,163,523,ELEN,b,0,164,519,TOM,p,0,165,515,NANCY,b,0,135246,5723
163,500,HARVEY,g,2,148,526,JAMES,p,0,154,515,LY,p,2,147,501,YOUNG,b,0,158,520,SAM,s,0,161,505,PETER,g,2,613524,5724
149,514,PAU,g,0,154,527,FOX,b,0,151,520,EDWARD,g,0,153,516,SAMMY,g,0,152,528,GEORGE,s,0,156,526,TIM,g,0,631452,5725
159,521,ELEN,b,0,160,527,FOX,p,2,147,502,SAMMY,g,0,160,524,JOHN,g,2,169,500,EDWARD,b,0,152,510,KNIGHT,p,0,346215,5726
168,505,GREY,b,0,165,521,ELEN,b,0,167,507,JU,b,2,166,509,ROBIN,g,2,163,501,PAULA,g,0,148,500,DAN,s,0,654123,5727
154,519,LIA,b,0,147,522,EDWARD,p,0,163,512,ELEN,b,0,150,518,GRAHAM,p,0,157,502,MARIE,p,0,166,521,ROBER,b,2,542163,5728
163,526,TIM,s,0,153,522,KNIGHT,b,0,160,517,CLIVE,b,0,156,503,RUDY,p,0,151,504,HARVEY,s,0,162,504,SAM,g,0,614532,5729
149,510,BLUES,s,0,158,523,LE,p,0,155,522,GARY,s,2,163,511,JU,p,0,167,505,PETER,b,0,158,525,LY,p,0,643125,5730
159,517,GEORGE,s,0,164,517,FOX,b,0,152,504,LIA,s,0,147,526,GARY,s,0,162,506,SAM,b,0,154,515,GREY,s,0,164352,5731
168,501,SARA,p,0,169,517,RICA,p,0,148,509,PAU,p,0,152,505,JENNY,s,0,155,515,LE,g,0,149,506,RUDY,b,2,123546,5732
154,515,DAN,p,0,151,518,JOEL,b,0,168,514,EDWARD,p,0,159,520,AIMEE,s,0,150,516,KNIGHT,p,0,169,519,PETER,g,0,413562,5733
163,522,GARY,p,0,157,518,PAULA,p,0,164,519,LY,g,0,166,528,FOX,s,0,166,517,TOM,s,0,164,510,JAMES,p,0,463125,5734
150,506,YOUNG,g,0,163,512,MIKE,b,0,161,524,ANDY,g,0,150,513,DAN,b,0,161,519,DARIO,b,2,159,500,TOM,s,0,163245,5735
159,513,GRAHAM,g,0,167,513,SEAN,p,0,157,506,TOM,g,0,156,522,TERRY,b,0,154,520,GREY,g,0,155,514,RUDY,b,2,213546,5736
168,527,TIM,g,0,150,513,EDWARD,b,0,153,511,CLIVE,b,0,162,507,SEAN,b,2,149,521,LY,g,2,151,505,ROBIN,g,0,164532,5737
154,511,JAMES,b,0,155,514,JENNY,p,0,150,516,DAN,b,0,169,515,KNIGHT,g,0,165,500,JOHN,p,0,147,525,AIMEE,g,0,456231,5738
163,518,GRAHAM,b,0,161,515,PETER,b,0,169,522,HARVEY,s,0,152,500,ROBIN,g,0,160,501,RICA,s,0,166,509,RUDY,p,0,356241,5739
150,502,TERRY,b,0,167,508,FOX,p,0,165,527,PETER,s,0,159,509,PAU,g,0,153,502,DARIO,b,0,162,529,TOM,s,0,623415,5740
159,509,JAMES,s,0,149,509,SARA,b,0,162,509,TERRY,p,0,166,524,DARIO,p,0,148,504,LY,g,0,157,520,YOUNG,b,0,314562,5741
169,523,GEORGE,s,0,154,510,GRAHAM,p,0,158,514,JU,p,0,149,502,EDWARD,p,0,164,505,ROBER,p,0,152,503,JAMES,g,0,135246,5742
154,507,MIKE,s,0,159,510,ROBER,b,0,154,519,PETER,g,0,155,517,KNIGHT,p,0,158,507,FOX,p,0,148,524,SEAN,p,0,145632,5743
163,514,GARY,s,0,165,504,MARIE,p,2,151,524,GREY,g,0,162,502,GRAHAM,s,0,152,515,PAULA,s,0,167,514,JOHN,s,0,124635,5744
150,528,SAMMY,p,0,147,505,LIA,b,0,147,529,JOHN,g,0,169,511,RUDY,s,0,169,516,JOEL,b,0,163,528,BLUES,b,0,314256,5745
159,505,JOEL,p,0,153,505,LIA,p,0,167,504,AIMEE,b,0,152,526,LE,s,0,163,517,PETER,g,0,159,519,ROBIN,g,0,162453,5746
169,519,LY,p,0,158,506,SAM,b,0,163,516,GRAHAM,b,0,159,504,YOUNG,b,2,157,519,ROBER,p,0,155,509,HARVEY,p,0,165432,5747
154,503,ELEN,g,0,164,500,PETER,p,0,160,521,JOEL,s,0,165,519,LY,b,0,151,520,CLIVE,s,2,150,523,KNIGHT,s,0,132564,5748
164,510,JAMES,g,2,169,500,MIKE,b,2,155,526,YOUNG,s,0,148,528,SAMMY,b,0,168,522,EDWARD,s,0,169,513,RICA,b,0,315246,5749
150,524,KNIGHT,g,0,151,501,SANDY,p,0,152,501,SEAN,p,0,155,513,NANCY,b,0,162,523,YOUNG,b,2,165,504,DAN,g,0,631254,5750
159,501,NANCY,b,0,157,501,ROBER,b,0,148,506,ROBIN,p,0,162,521,KNIGHT,g,0,156,501,TERRY,g,0,160,517,SAM,g,0,643125,5751
169,515,YOUNG,b,2,162,525,GREY,p,0,168,518,HARVEY,p,0,169,506,SARA,g,0,150,502,LE,p,0,156,508,GEORGE,p,0,432651,5752
154,529,PETER,b,0,168,526,NANCY,b,0,164,523,MARIE,g,2,151,515,GEORGE,g,0,167,504,LE,s,0,152,528,LY,s,0,365421,5753
164,506,GRAHAM,s,0,150,526,CLIVE,p,2,161,528,DAN,g,0,158,500,SANDY,p,0,160,505,MIKE,b,0,148,519,TIM,b,0,231465,5754
150,520,SAM,s,2,155,527,GEORGE,b,0,157,504,NANCY,b,0,165,508,CLIVE,p,0,155,507,GRAHAM,g,0,166,503,SAMMY,g,2,165432,5755
159,527,GREY,s,0,160,521,AIMEE,p,0,154,509,GEORGE,b,2,148,523,DARIO,p,0,148,508,MARIE,g,0,162,523,PETER,p,0,124653,5756
169,511,ROBER,p,0,166,521,LE,b,0,150,521,JENNY,s,0,155,502,FOX,s,2,166,516,NANCY,p,0,158,513,TERRY,s,0,563142,5757
154,525,JU,p,2,148,522,ARL,p,0,170,526,GARY,s,0,162,517,GRAHAM,s,2,159,517,YOUNG,s,0,153,527,PAU,b,0,243156,5758
164,502,TOM,p,0,154,523,EDWARD,b,0,165,501,RICA,s,2,168,525,DAN,s,0,154,519,PAULA,b,0,149,518,PAU,g,2,143652,5759
150,516,ANDY,g,0,160,523,SARA,p,0,162,506,JAMES,p,0,151,510,JENNY,b,0,147,520,CLIVE,g,0,169,508,GEORGE,p,0,263154,5760
160,523,MIKE,g,0,164,517,AIMEE,b,0,158,511,EDWARD,p,0,158,519,GEORGE,b,0,165,522,JOEL,p,0,164,522,ARL,s,0,136524,5761
169,507,GRAHAM,g,0,170,518,GREY,p,0,155,523,JAMES,g,0,165,504,BLUES,b,0,158,523,JOHN,p,0,159,512,DAN,b,0,321546,5762
154,521,RUDY,g,0,152,518,GRAHAM,b,0,151,528,HARVEY,g,0,148,512,EDWARD,g,0,153,524,PETER,s,2,155,503,GARY,g,2,613452,5763
164,528,TERRY,b,0,158,519,JOEL,p,0,147,503,HARVEY,b,0,154,527,GARY,g,0,170,502,GREY,b,0,151,517,MIKE,p,0,624315,5764
150,512,AIMEE,b,0,164,513,LE,b,0,167,508,PAU,b,0,161,506,GRAHAM,g,0,163,504,FOX,g,0,170,507,NANCY,p,0,465321,5765
160,519,ROBIN,b,0,169,513,SANDY,p,0,164,513,LE,b,0,168,521,SEAN,g,0,157,505,JOHN,p,0,166,527,SARA,s,0,524631,5766
169,503,KNIGHT,s,0,150,514,RICA,b,0,160,518,GREY,s,0,151,529,LY,p,0,151,507,ANDY,s,0,162,511,HARVEY,b,2,134526,5767
155,517,DARIO,s,0,156,514,CLIVE,p,0,156,500,PETER,s,0,158,514,SAMMY,p,2,169,508,EDWARD,s,0,156,502,ARL,g,0,134265,5768
164,524,NANCY,s,0,162,508,SANDY,b,0,152,505,TIM,p,0,164,523,JOHN,p,0,162,509,ELEN,b,0,152,522,JU,p,0,413652,5769
150,508,RICA,p,0,167,509,KNIGHT,p,0,148,510,JOHN,p,0,147,508,TIM,s,0,156,518,LY,g,0,148,506,ARL,s,0,641325,5770
160,515,JOHN,p,0,150,509,ANDY,b,0,168,516,ROBIN,g,0,154,516,SEAN,s,0,150,519,FOX,p,0,167,526,GRAHAM,b,0,134526,5771
169,529,PETER,p,0,155,510,RICA,p,2,165,521,JU,g,0,161,501,FOX,s,0,168,520,JOHN,s,0,163,517,LE,g,0,153462,5772
155,513,SAMMY,g,0,160,504,MARIE,b,0,161,503,RICA,g,0,168,510,AIMEE,b,0,161,522,JAMES,b,0,159,500,HARVEY,p,0,361542,5773
164,520,DARIO,g,0,166,504,JENNY,p,0,157,508,NANCY,b,0,151,525,SAM,b,0,155,523,EDWARD,b,0,155,521,ANDY,s,0,261534,5774
151,504,GARY,g,0,148,505,EDWARD,b,0,154,513,GREY,b,0,157,503,RICA,b,0,149,524,PAU,g,0,149,511,TOM,b,0,154326,5775
160,511,SARA,b,0,153,506,BLUES,p,0,150,518,ELEN,s,0,164,518,JAMES,g,0,166,526,PAULA,p,2,169,502,GRAHAM,g,0,642351,5776
169,525,SAM,b,0,159,529,JENNY,b,2,170,523,SANDY,s,0,147,527,TOM,g,0,160,504,HARVEY,s,0,164,516,SEAN,p,0,345612,5777
155,509,PETER,b,0,165,500,SAM,p,0,166,505,LIA,p,0,154,512,JU,g,2,154,505,RUDY,b,2,160,506,LE,p,0,362415,5778
164,516,SANDY,s,0,170,501,TOM,b,0,162,510,ROBER,p,0,161,520,GRAHAM,p,0,148,507,PAU,g,0,156,527,NANCY,s,0,136425,5779
151,500,DARIO,s,0,152,501,SEAN,p,0,158,515,JU,g,0,167,505,MARIE,p,0,165,508,PAU,g,0,152,510,LIA,b,0,452136,5780
160,507,MIKE,s,0,157,502,JAMES,b,0,155,520,MARIE,g,0,150,513,TIM,p,0,159,509,FOX,p,0,148,501,LE,g,0,314652,5781
170,521,ROBER,s,0,163,526,YOUNG,p,2,151,525,PETER,g,2,157,529,DAN,p,0,152,511,PAU,s,0,166,521,LY,p,0,213456,5782
155,505,TOM,p,2,169,526,LE,b,0,147,507,BLUES,b,0,164,507,DAN,s,0,147,519,SAMMY,b,0,162,505,MARIE,s,0,164253,5783
164,512,JOEL,p,0,151,527,MIKE,p,0,167,512,SARA,b,0,147,522,YOUNG,s,0,164,520,BLUES,g,0,158,525,SAM,b,0,142563,5784
151,526,MIKE,p,0,156,528,GEORGE,b,0,164,517,GARY,s,2,153,500,MARIE,s,0,158,522,JAMES,p,0,153,516,NANCY,g,0,346512,5785
160,503,TOM,g,2,161,521,ROBIN,p,0,160,522,FOX,s,0,160,516,PAU,b,0,151,523,JU,p,0,149,500,RICA,p,2,526314,5786
170,517,EDWARD,g,0,167,522,SEAN,b,2,157,528,GEORGE,p,0,167,524,LE,b,0,169,524,SANDY,s,0,168,520,ARL,s,0,365124,5787
155,501,KNIGHT,g,0,149,523,ELEN,p,0,153,503,ARL,p,2,150,509,ROBER,b,2,163,526,JENNY,b,0,163,511,EDWARD,b,0,312465,5788
164,508,JOEL,b,2,155,523,YOUNG,b,0,148,515,SEAN,p,0,157,517,GEORGE,g,2,156,527,SAM,g,0,159,524,RICA,g,0,634512,5789
151,522,FOX,b,0,160,517,SANDY,p,0,168,520,RICA,g,0,163,503,GEORGE,g,0,150,505,LIA,p,0,155,515,DARIO,p,2,436251,5790
160,529,GRAHAM,b,0,165,518,SEAN,b,0,165,525,ELEN,g,0,170,511,LY,g,0,167,507,BLUES,s,2,151,505,TERRY,p,0,346512,5791
170,513,AIMEE,s,2,147,518,ARL,p,0,161,500,SANDY,b,0,153,526,PETER,p,0,162,508,KNIGHT,s,0,170,519,RUDY,s,0,165423,5792
155,527,LE,s,0,153,519,YOUNG,b,0,157,505,AIMEE,b,0,160,504,MARIE,p,0,155,509,PAU,b,0,166,509,JOHN,b,0,413562,5793
165,504,YOUNG,s,0,159,513,RUDY,p,0,154,517,DAN,s,0,167,520,RICA,p,0,149,511,GARY,g,0,161,500,MIKE,g,2,641325,5794
151,518,BLUES,p,0,164,513,GEORGE,b,0,150,522,LIA,s,0,150,528,ARL,s,0,166,512,AIMEE,p,0,156,520,KNIGHT,p,0,156342,5795
160,525,RUDY,p,0,170,514,PETER,p,0,147,527,DARIO,s,0,156,513,ROBIN,s,0,161,520,TERRY,s,0,152,504,JOEL,s,0,135426,5796
170,509,TIM,p,0,151,514,MARIE,b,0,167,502,GREY,p,0,163,521,JENNY,s,0,154,522,JAMES,b,0,148,525,ARL,b,0,134652,5797
155,523,KNIGHT,g,0,157,508,RICA,p,0,163,507,CLIVE,p,0,170,506,JOEL,b,0,148,523,SAM,b,0,167,515,GEORGE,g,2,361245,5798
165,500,FOX,g,0,163,509,AIMEE,b,0,158,519,KNIGHT,g,0,153,515,MARIE,b,2,165,524,GREY,g,0,163,529,GRAHAM,p,0,156324,5799
151,514,FOX,g,0,168,509,TERRY,p,2,155,524,JENNY,g,0,160,500,JAMES,b,0,159,526,SAM,p,0,159,519,SANDY,s,0,362154,5800
161,521,MIKE,g,0,150,510,LIA,b,0,151,529,MARIE,b,0,166,508,HARVEY,b,0,153,527,SARA,s,0,154,510,GARY,b,0,516324,5801
170,505,GEORGE,b,0,156,511,TOM,p,0,148,504,SAMMY,b,0,149,523,SANDY,g,0,170,505,JU,b,0,149,523,LIA,g,0,246315,5802
155,519,ANDY,b,0,161,504,HARVEY,b,0,167,510,PETER,b,0,156,502,SAM,g,0,164,507,KNIGHT,g,0,169,514,EDWARD,p,0,465132,5803
165,526,JAMES,b,0,166,505,BLUES,p,0,164,521,SEAN,s,0,163,517,HARVEY,g,0,158,508,GREY,p,2,164,504,GRAHAM,s,0,263514,5804
151,510,MARIE,s,0,149,506,SAMMY,b,2,160,527,MIKE,s,0,170,525,SARA,p,0,152,510,DARIO,p,0,160,518,NANCY,s,0,345162,5805
161,517,LIA,s,0,154,506,TERRY,p,0,157,502,LE,p,0,152,510,EDWARD,p,0,169,511,AIMEE,s,2,156,509,TOM,b,0,513426,5806
170,501,GARY,s,0,160,500,GRAHAM,b,0,153,507,RUDY,p,0,159,519,TIM,p,0,163,512,JOHN,b,0,152,529,JENNY,g,0,143625,5807
156,515,ANDY,p,0,166,501,SARA,p,0,149,512,GEORGE,g,0,166,504,TIM,s,0,157,514,ROBER,g,0,170,513,YOUNG,p,0,162354,5808
165,522,LIA,p,0,147,501,KNIGHT,b,0,168,517,JOHN,g,0,149,512,SEAN,s,2,151,522,ROBIN,p,0,166,503,LE,s,0,346152,5809
151,506,JOEL,p,0,153,502,FOX,p,2,165,529,RICA,b,0,156,527,ROBER,s,0,168,523,GRAHAM,s,0,162,524,GREY,b,0,541236,5810
161,513,GEORGE,g,0,158,526,AIMEE,b,0,161,504,SAM,b,2,163,506,SARA,b,0,161,525,GRAHAM,s,0,157,507,ARL,g,0,651324,5811
170,527,LIA,g,0,164,526,NANCY,p,0,158,509,ROBER,b,0,169,521,ARL,b,0,156,526,DARIO,b,0,153,528,GRAHAM,p,0,216534,5812
156,511,ELEN,g,0,170,527,JENNY,b,0,154,514,TIM,s,0,152,529,NANCY,b,0,149,527,TERRY,g,0,149,518,SAMMY,s,0,361425,5813
165,518,LIA,b,0,152,527,GEORGE,p,0,150,519,SARA,s,2,159,514,TOM,g,0,167,529,DARIO,p,0,168,502,DAN,b,0,452316,5814
152,502,GREY,b,0,156,521,DARIO,b,2,147,501,PETER,p,0,166,523,EDWARD,g,0,160,507,GEORGE,s,0,163,523,KNIGHT,g,0,346521,5815
161,509,PAULA,b,0,162,522,CLIVE,p,0,167,506,DAN,p,0,149,508,NANCY,g,0,155,508,ROBER,b,0,159,513,SAMMY,p,0,632451,5816
170,523,JOHN,s,2,168,522,PETER,b,0,163,511,GRAHAM,g,2,155,516,RUDY,g,0,148,510,GARY,b,2,155,504,JOEL,s,2,134652,5817
156,507,GARY,s,0,150,523,LE,p,0,159,516,JOHN,g,0,162,501,SARA,p,0,166,511,ROBER,g,0,150,517,KNIGHT,s,0,314652,5818
165,514,ANDY,s,0,156,517,LIA,b,0,155,522,PETER,g,0,169,510,MARIE,p,2,159,512,SARA,p,2,170,508,RUDY,b,0,135426,5819
152,528,ELEN,s,2,161,517,MIKE,p,0,151,503,BLUES,b,0,152,525,JENNY,p,2,154,514,SARA,s,0,166,528,MARIE,g,0,612543,5820
161,511,GARY,p,0,166,518,LE,b,0,148,509,ELEN,b,0,159,503,SANDY,s,0,147,515,PETER,b,0,160,512,ROBIN,p,2,461523,5821
147,519,AIMEE,p,0,148,519,ARL,p,0,168,514,KNIGHT,s,0,165,518,MIKE,s,0,165,523,LIA,g,0,156,502,TIM,s,0,345621,5822
156,503,MARIE,p,2,154,519,RICA,b,0,164,519,TOM,s,0,148,527,SANDY,s,0,158,525,GEORGE,g,0,152,523,BLUES,b,0,153462,5823
165,510,HARVEY,g,0,159,513,CLIVE,p,0,160,524,JENNY,p,0,155,512,ARL,b,0,152,526,LIA,p,0,148,507,FOX,g,0,152364,5824
152,524,SARA,g,0,165,514,ROBER,b,0,157,506,LE,p,0,162,520,ELEN,b,0,170,527,CLIVE,s,0,167,527,DARIO,p,2,613542,5825
161,507,HARVEY,g,2,147,514,MIKE,p,0,153,511,SARA,p,0,169,505,PAU,b,0,163,529,BLUES,b,0,163,518,GARY,s,0,612345,5826
147,515,GRAHAM,b,0,152,515,SAMMY,b,0,150,516,SEAN,g,0,152,514,SANDY,g,0,157,500,SAM,g,0,159,501,JOHN,b,0,542361,5827
156,528,ANDY,b,0,158,509,RUDY,p,0,169,521,MARIE,g,0,158,529,SAM,g,0,151,508,PETER,p,0,153,522,BLUES,g,0,243651,5828
165,506,BLUES,b,0,163,509,JENNY,b,0,165,526,ROBIN,b,0,165,507,SAMMY,g,0,169,510,JAMES,p,0,149,512,GREY,p,2,456123,5829
152,520,JOEL,s,0,169,510,SANDY,p,0,161,501,LE,b,0,148,522,SAM,p,2,162,511,TIM,s,0,168,526,PETER,s,0,652413,5830
161,503,MIKE,s,0,151,510,TIM,b,0,158,513,JENNY,s,0,155,501,JOHN,p,0,156,512,ROBER,b,0,164,516,KNIGHT,s,0,614352,5831
147,511,SANDY,s,0,157,504,SARA,p,0,154,518,LY,s,0,162,516,PAULA,p,0,150,514,JU,g,2,160,507,TIM,b,0,413256,5832
156,524,EDWARD,p,0,162,505,ROBER,b,2,150,523,CLIVE,s,0,168,524,PETER,p,0,168,515,RUDY,p,0,156,521,KNIGHT,g,0,641532,5833
166,502,TOM,p,0,167,505,GEORGE,p,0,147,528,SANDY,p,0,151,509,YOUNG,s,0,161,516,ELEN,s,0,152,511,GRAHAM,p,0,521436,5834
152,515,LY,p,0,149,506,JENNY,b,0,167,503,AIMEE,p,0,158,518,RICA,s,0,154,525,SEAN,s,0,170,502,ELEN,s,0,361542,5835
161,529,PAU,g,0,155,500,YOUNG,p,0,163,515,MIKE,g,0,165,503,GARY,s,0,149,526,SAMMY,b,0,166,515,SARA,b,0,412356,5836
147,506,JENNY,g,0,161,500,ROBIN,b,0,160,520,JU,g,0,148,511,EDWARD,b,0,166,527,SARA,g,0,162,506,CLIVE,g,0,653124,5837
156,520,CLIVE,g,0,166,501,RICA,p,2,155,526,ELEN,b,0,154,526,SAMMY,b,0,160,529,JENNY,p,0,157,526,PETER,p,0,521634,5838
166,528,DAN,b,0,149,502,SAMMY,b,0,151,501,LIA,b,0,161,504,GEORGE,b,0,153,500,EDWARD,s,0,153,517,MARIE,s,0,651324,5839
152,511,TIM,b,0,153,525,ROBIN,p,0,148,506,TERRY,s,2,168,520,ELEN,g,2,148,501,GARY,b,0,149,500,SAMMY,b,0,432156,5840
162,525,TOM,b,0,159,526,PAU,b,0,168,518,JOHN,s,0,151,528,SANDY,g,0,165,510,EDWARD,b,0,167,521,DARIO,g,0,634215,5841
147,502,CLIVE,b,0,165,527,EDWARD,p,0,164,523,JAMES,s,0,158,513,SARA,g,0,159,511,JU,g,0,163,511,KNIGHT,p,0,435621,5842
156,516,SANDY,s,0,147,527,HARVEY,b,2,161,528,PAULA,p,2,165,521,RICA,p,0,152,512,YOUNG,p,0,159,525,TOM,s,0,614352,5843
166,523,NANCY,s,0,153,528,MARIE,p,0,157,503,FOX,p,0,147,507,JENNY,p,0,147,514,GRAHAM,s,0,155,516,HARVEY,b,0,215346,5844
152,507,PAU,s,0,158,522,GRAHAM,b,0,153,508,ELEN,g,0,154,515,TIM,p,0,164,515,LIA,b,2,150,506,JENNY,b,0,431265,5845
162,521,GEORGE,p,0,163,522,LY,p,0,150,520,SARA,g,2,161,500,NANCY,s,0,157,517,AIMEE,g,0,170,520,EDWARD,g,0,162453,5846
147,528,MIKE,p,0,169,523,RUDY,b,0,170,525,ELEN,b,0,168,508,TIM,s,0,151,518,PAU,g,2,165,510,AIMEE,p,0,461523,5847
157,512,SANDY,p,0,151,523,PAU,p,0,165,500,LE,b,0,151,524,FOX,s,0,168,526,JU,p,0,160,501,DARIO,s,2,265143,5848
166,519,GREY,g,0,156,517,ELEN,b,0,161,505,JOEL,b,0,157,502,PETER,s,0,163,527,GARY,s,0,156,514,SARA,b,0,145263,5849
152,503,SANDY,g,0,162,518,KNIGHT,p,0,158,510,SEAN,s,0,164,517,NANCY,b,2,156,529,JENNY,b,0,152,505,TOM,g,0,316254,5850
162,517,PETER,g,2,168,518,CLIVE,b,0,154,522,LIA,s,0,147,525,ARL,b,0,150,500,ROBER,g,0,148,525,GARY,p,0,316524,5851
147,524,RICA,b,0,149,519,ROBER,p,0,151,527,GARY,p,0,154,511,ANDY,b,0,167,502,PETER,p,0,167,509,SAM,s,2,653214,5852
157,508,JENNY,b,0,155,513,GREY,b,0,147,502,SAM,p,0,161,519,JOEL,g,0,162,503,RUDY,p,0,163,500,NANCY,b,0,345216,5853
166,515,GARY,b,2,160,513,HARVEY,p,0,167,508,ANDY,g,0,167,504,JAMES,g,0,155,511,DARIO,s,0,158,520,GEORGE,g,0,463521,5854
153,529,DAN,s,0,166,514,RICA,b,0,163,513,JU,g,0,150,512,JENNY,g,0,149,512,RUDY,b,0,153,504,LE,p,0,416352,5855
162,513,KNIGHT,s,0,148,515,ELEN,p,0,160,518,RUDY,g,0,157,527,CLIVE,p,0,166,514,AIMEE,g,0,149,524,GARY,s,2,651243,5856
147,520,LE,s,2,154,508,GEORGE,b,0,156,500,GRAHAM,b,0,164,506,CLIVE,p,0,161,515,GARY,p,0,168,515,SANDY,b,0,415326,5857
157,504,LE,p,0,159,509,GARY,p,0,152,505,PAULA,b,0,147,521,FOX,p,0,154,517,HARVEY,s,2,164,505,SEAN,b,0,412536,5858
166,511,DAN,p,0,164,510,MARIE,b,0,148,510,PAU,s,0,154,529,BLUES,s,0,147,518,AIMEE,b,0,160,519,MIKE,g,0,613452,5859
153,525,BLUES,p,2,170,510,ELEN,p,0,168,515,LE,s,0,160,514,SEAN,s,0,165,526,KNIGHT,b,2,156,509,RUDY,p,2,243165,5860
162,509,TERRY,p,0,152,504,DARIO,b,2,164,520,ANDY,p,0,167,523,FOX,s,2,159,527,GEORGE,g,0,151,500,KNIGHT,s,0,314652,5861
147,516,ROBIN,g,0,158,505,ANDY,p,0,161,502,JOHN,p,0,150,508,DARIO,b,0,153,529,MIKE,p,0,170,513,TIM,b,0,315246,5862
157,500,SEAN,g,0,163,505,GARY,b,0,157,507,DAN,p,0,157,516,PAULA,b,0,170,500,RUDY,s,0,166,504,JOHN,g,0,351624,5863
166,507,NANCY,g,0,168,506,GREY,p,0,153,512,GEORGE,g,0,164,501,JU,b,0,164,502,AIMEE,b,0,161,524,MIKE,p,0,162345,5864
153,521,GREY,b,0,150,500,EDWARD,b,0,150,517,PAU,g,0,170,510,SEAN,g,0,158,503,DARIO,g,0,157,508,BLUES,s,0,465312,5865
162,505,ROBER,b,0,156,500,JOHN,p,2,170,522,RUDY,b,0,153,525,SEAN,g,0,152,504,LE,g,0,153,529,GREY,b,0,245631,5866
148,512,MIKE,b,0,162,501,SAMMY,b,0,166,504,HARVEY,b,0,160,503,JOEL,g,0,169,513,GRAHAM,p,0,149,519,PETER,g,0,645213,5867
157,526,DARIO,s,0,167,501,EDWARD,p,0,162,509,JAMES,s,0,167,518,JOHN,g,0,163,514,TIM,s,0,167,503,GEORGE,p,0,425613,5868
166,503,SEAN,s,0,149,502,SAMMY,b,0,158,514,JAMES,s,2,150,527,YOUNG,p,0,157,515,LIA,b,0,163,523,SARA,s,0,146352,5869
153,517,JU,s,0,154,526,CLIVE,p,0,154,520,PAULA,p,0,156,512,JAMES,p,0,150,517,KNIGHT,g,0,159,514,SARA,b,0,321465,5870
162,501,LY,p,0,160,526,GARY,b,2,151,525,RUDY,p,0,163,520,YOUNG,p,2,168,518,GEORGE,p,0,154,527,PAU,b,0,154326,5871
148,508,SANDY,p,0,165,527,NANCY,p,0,147,507,DARIO,p,2,170,505,JU,s,0,161,519,JOHN,p,0,150,518,PAULA,g,0,234615,5872
157,522,TERRY,p,0,148,528,SAM,b,0,167,512,FOX,g,0,153,514,DAN,s,0,156,528,PAULA,s,2,170,508,JENNY,p,0,634512,5873
167,529,SARA,g,0,153,521,DAN,p,0,163,517,GEORGE,g,0,160,529,PETER,s,0,149,529,JOEL,b,0,164,522,PAULA,s,0,123465,5874
153,513,AIMEE,g,0,159,522,RUDY,b,0,160,522,TIM,b,2,166,507,JAMES,b,0,167,500,JENNY,g,2,160,513,ANDY,b,0,514236,5875
162,527,JENNY,g,0,164,523,AIMEE,g,2,156,527,JOEL,b,0,149,522,JAMES,b,0,160,502,DAN,p,0,156,503,ARL,g,0,652413,5876
148,504,DARIO,b,0,169,523,MARIE,s,0,153,502,JU,s,0,156,501,GREY,b,0,155,503,ARL,s,0,152,517,ANDY,p,0,325641,5877
157,518,NANCY,b,0,152,517,LY,g,0,148,514,ROBER,s,0,163,516,PETER,g,0,148,504,GRAHAM,s,0,147,507,JOEL,s,0,365214,5878
167,525,HARVEY,b,0,157,518,MARIE,s,0,168,519,TIM,s,0,170,524,ARL,g,0,166,506,LY,b,0,167,528,EDWARD,b,2,432615,5879
153,509,ARL,b,0,163,518,GREY,g,0,164,524,SAMMY,p,0,153,509,GARY,g,0,159,514,RUDY,g,0,163,518,TOM,g,0,236415,5880
163,523,SEAN,s,0,169,519,KNIGHT,s,0,161,529,RICA,p,0,159,518,GRAHAM,p,2,153,515,ANDY,p,0,157,502,LY,p,0,342165,5881
148,500,DAN,s,0,150,513,ROBIN,g,0,157,504,JU,g,0,166,503,ANDY,p,0,147,517,SEAN,s,0,153,522,PETER,s,0,346152,5882
157,514,NANCY,s,0,155,513,GARY,s,0,154,516,CLIVE,g,0,149,511,JAMES,p,0,164,518,YOUNG,b,0,149,513,ANDY,b,2,413256,5883
167,521,DARIO,p,0,161,514,SEAN,g,0,150,521,LY,b,0,156,526,SAMMY,p,0,158,519,GEORGE,b,0,168,527,GARY,g,0,164253,5884
153,505,JENNY,p,2,167,514,MIKE,s,0,170,526,SAM,b,0,163,505,EDWARD,s,0,152,521,TOM,g,0,164,517,AIMEE,g,0,462513,5885
163,519,ROBIN,p,0,149,508,PAULA,g,0,166,502,FOX,b,0,169,520,TOM,s,0,170,529,RUDY,p,2,160,508,GARY,p,0,561423,5886
148,526,MIKE,g,0,155,509,AIMEE,s,0,162,507,TIM,s,0,152,528,GEORGE,s,0,163,500,HARVEY,s,0,156,521,ARL,s,2,435261,5887
158,510,JENNY,g,2,159,509,DARIO,g,0,158,519,GREY,s,0,159,513,ROBIN,b,0,157,502,PETER,b,2,150,512,NANCY,b,0,231465,5888
167,517,NANCY,g,0,165,510,SAMMY,s,2,154,524,SAM,p,0,166,522,GRAHAM,b,0,151,503,LY,g,0,170,502,PETER,g,0,263145,5889
153,501,CLIVE,b,0,147,511,ROBER,g,0,151,529,HARVEY,p,0,149,507,PAU,b,0,169,504,LE,g,0,166,516,TOM,p,0,256314,5890
163,515,TIM,b,2,153,504,JU,s,0,147,504,LY,g,0,155,515,ROBIN,g,2,162,506,GREY,p,0,161,506,LIA,s,2,254631,5891
148,522,DAN,b,0,159,505,SEAN,g,0,167,509,PETER,g,0,162,500,ROBER,g,2,156,507,HARVEY,s,0,157,527,FOX,b,0,342561,5892
158,506,ANDY,s,0,164,506,MIKE,s,0,164,521,RUDY,g,0,169,509,ELEN,g,0,150,515,SARA,b,0,153,511,ROBIN,g,0,214365,5893
167,513,ELEN,s,2,169,506,PAULA,g,2,160,526,ROBER,b,0,152,524,JENNY,p,0,167,517,PETER,g,0,148,501,TOM,p,0,152643,5894
153,527,SEAN,s,0,151,500,RUDY,s,0,156,501,YOUNG,b,0,159,502,FOX,p,0,161,518,PAU,p,0,167,522,SAMMY,s,0,415623,5895
163,511,AIMEE,p,0,157,501,FOX,g,0,153,506,JENNY,s,0,166,517,TERRY,p,0,154,519,GRAHAM,p,0,163,505,SAMMY,b,0,345126,5896
148,518,LY,p,0,162,501,MIKE,s,0,148,511,DAN,s,0,148,525,SAMMY,s,0,149,521,JOEL,s,0,159,526,EDWARD,g,0,261345,5897
158,502,LE,p,0,168,502,JOHN,g,0,168,516,BLUES,p,2,155,511,SEAN,s,0,166,522,FOX,b,0,154,516,SARA,g,0,321645,5898
167,509,SEAN,p,0,150,526,GRAHAM,s,2,165,528,SARA,p,0,162,519,DARIO,s,0,160,500,TOM,g,0,150,500,GREY,p,0,612534,5899
154,523,JAMES,g,0,155,526,CLIVE,g,0,161,503,JU,g,0,169,504,GARY,s,0,153,502,SAMMY,p,0,169,520,ANDY,s,0,643152,5900
163,507,PAULA,g,0,161,527,JENNY,s,0,157,508,GRAHAM,g,2,152,512,CLIVE,b,0,148,503,AIMEE,s,2,164,511,GEORGE,b,0,325164,5901
148,514,SEAN,g,0,166,527,HARVEY,g,0,154,514,JOEL,g,0,158,528,ROBER,b,2,165,504,JOHN,s,0,160,501,SAM,g,0,653142,5902
158,528,ROBER,b,0,148,521,JOEL,s,0,150,519,PAULA,b,0,165,506,SAMMY,b,0,159,506,GEORGE,b,0,156,515,SEAN,p,0,621543,5903
167,505,JOEL,b,0,154,522,YOUNG,g,2,170,501,TIM,b,2,148,521,PAULA,g,0,152,507,MARIE,g,0,152,506,SAMMY,s,0,426531,5904
154,519,RUDY,b,0,160,522,YOUNG,s,0,166,506,TIM,s,0,155,529,JAMES,g,0,169,509,PAU,p,0,147,526,MARIE,b,0,354261,5905
163,503,PAU,s,0,165,523,TIM,g,0,163,511,JOEL,s,0,162,515,PETER,g,0,164,517,SAMMY,s,0,167,510,FOX,g,0,413562,5906
149,510,ARL,s,0,147,517,SEAN,s,0,158,516,LY,p,0,168,523,SAM,p,0,157,518,JOEL,b,0,161,500,JAMES,p,0,436125,5907
158,524,HARVEY,s,0,152,517,PAULA,g,0,155,521,GREY,p,0,151,508,NANCY,p,0,151,520,JENNY,g,0,157,521,TOM,s,0,634125,5908
167,501,SARA,p,0,158,518,JAMES,s,0,151,503,GEORGE,p,0,158,516,AIMEE,p,0,168,521,DARIO,g,0,153,504,LY,b,0,321546,5909
154,515,KNIGHT,p,0,164,519,PETER,g,0,147,508,LY,g,0,165,502,TOM,s,0,163,522,MIKE,p,0,149,525,TERRY,g,2,425136,5910
163,529,KNIGHT,p,0,169,519,PAU,s,0,167,513,FOX,g,0,148,510,JOEL,s,0,156,524,GRAHAM,s,0,168,515,LIA,g,0,321546,5911
149,506,GARY,g,0,151,513,JAMES,g,0,164,518,SAM,b,0,155,525,JENNY,s,2,150,502,ARL,b,0,164,529,CLIVE,p,0,264135,5912
158,520,ANDY,g,0,156,514,GEORGE,s,0,160,523,JAMES,b,0,161,503,TOM,b,0,167,503,ROBER,g,0,160,520,TIM,s,0,625143,5913
168,504,DARIO,g,0,162,514,PETER,g,0,156,505,SARA,s,0,168,518,BLUES,b,0,162,505,MARIE,p,2,155,510,SAM,b,2,125346,5914
154,511,SAMMY,b,0,168,515,SARA,s,0,153,510,YOUNG,s,0,151,527,ARL,b,0,155,506,NANCY,p,0,150,524,PAULA,g,0,235416,5915
163,525,JOHN,b,0,150,509,HARVEY,g,0,149,515,SAM,s,0,158,512,YOUNG,g,0,148,507,SANDY,s,2,170,514,KNIGHT,p,0,645231,5916
149,502,RICA,b,0,155,509,MIKE,s,0,168,520,GREY,p,0,165,520,HARVEY,g,0,166,509,FOX,b,0,165,505,SEAN,s,0,324615,5917
158,516,FOX,b,0,160,510,ARL,g,0,165,526,TIM,p,0,147,505,SARA,g,0,160,517,DARIO,g,0,161,518,MIKE,b,2,423561,5918
168,500,GEORGE,s,2,166,511,SAM,s,0,161,501,PAULA,g,0,154,514,AIMEE,g,0,154,518,JOHN,p,0,157,509,TERRY,g,0,342165,5919
154,507,DAN,s,0,148,504,HARVEY,g,0,157,513,GEORGE,g,0,161,529,JAMES,p,0,147,520,BLUES,s,0,153,529,SARA,p,0,423615,5920
163,521,ROBIN,s,0,154,505,JOHN,s,0,154,518,ELEN,b,0,168,507,SAMMY,p,0,165,521,ANDY,s,0,148,513,GEORGE,s,0,416523,5921
149,528,JENNY,p,2,159,506,PETER,g,2,150,523,LE,b,0,151,522,MARIE,p,2,159,522,DARIO,b,0,167,504,JOHN,b,2,214635,5922
158,512,JOHN,p,0,165,506,MIKE,s,0,147,528,HARVEY,b,0,157,501,GRAHAM,s,2,153,524,MARIE,g,0,163,524,SANDY,g,0,642153,5923
168,526,CLIVE,p,0,170,500,SARA,g,0,167,503,SAMMY,s,0,164,516,ROBIN,s,0,170,525,JOEL,p,0,158,515,TOM,p,0,246135,5924
154,503,PAU,g,2,152,501,SARA,s,0,163,515,LIA,s,0,147,524,YOUNG,s,0,164,503,GEORGE,s,0,154,528,RUDY,p,0,351264,5925
164,517,DARIO,g,0,158,501,GREY,g,0,159,520,GRAHAM,p,0,154,509,HARVEY,b,0,158,505,JENNY,b,0,150,519,SARA,s,0,136254,5926
149,524,KNIGHT,g,0,163,502,DARIO,s,2,155,525,MARIE,p,2,161,518,NANCY,b,0,152,506,TERRY,b,2,168,509,ELEN,b,0,213465,5927
158,508,SEAN,b,2,169,526,LY,g,0,151,500,JOHN,g,0,167,503,JOEL,b,0,169,507,TOM,g,0,164,523,TIM,g,0,356214,5928
168,522,JENNY,b,0,151,526,LIA,s,0,148,505,ELEN,g,0,150,511,TOM,g,0,162,509,JAMES,p,2,160,513,MARIE,p,0,645231,5929
154,529,LIA,b,0,156,527,KNIGHT,g,0,167,517,PETER,b,2,157,526,LE,g,0,157,510,GARY,s,0,156,504,RUDY,s,0,246513,5930
164,513,DAN,s,0,161,527,MARIE,s,0,164,522,TOM,b,0,164,505,ROBER,g,0,150,518,JOEL,b,0,151,518,FOX,b,0,412563,5931
149,520,YOUNG,s,0,167,528,PAULA,g,2,160,527,MIKE,b,0,147,520,LE,p,0,168,520,DARIO,g,0,147,508,SARA,g,0,142563,5932
159,504,PAULA,s,0,149,522,JOHN,s,0,157,502,JENNY,s,2,154,528,NANCY,p,2,161,521,SARA,g,0,167,529,MIKE,p,0,164325,5933
168,518,RICA,p,0,155,522,ROBER,g,0,153,508,PAULA,s,0,160,513,ARL,p,0,156,522,BLUES,p,0,161,512,GARY,s,0,164253,5934
154,525,SEAN,p,0,161,523,ANDY,s,0,149,519,CLIVE,p,0,167,522,RUDY,p,0,149,524,JU,s,0,157,503,SAMMY,b,0,421536,5935
164,509,KNIGHT,p,0,165,524,SANDY,g,0,169,524,TIM,p,2,150,507,LY,s,0,167,525,SEAN,b,0,153,523,SARA,g,0,123465,5936
149,516,JOHN,p,0,147,517,RICA,s,0,165,500,YOUNG,g,0,157,515,SAMMY,s,0,160,526,KNIGHT,g,0,149,507,ANDY,p,0,234615,5937
159,500,TERRY,g,0,153,518,SANDY,g,0,161,505,GARY,g,0,164,500,DARIO,s,0,155,505,PAU,p,0,168,527,JU,p,0,356421,5938
168,513,NANCY,g,0,159,519,AIMEE,s,0,158,510,JOHN,g,0,169,509,TERRY,b,0,148,506,LIA,p,0,164,518,EDWARD,s,0,631254,5939
154,521,ROBIN,g,0,165,519,FOX,g,0,154,515,ANDY,b,0,153,524,KNIGHT,b,0,165,507,SEAN,s,0,160,502,JOEL,b,0,521634,5940
164,505,ELEN,b,0,147,513,SAMMY,s,0,150,527,LE,b,0,160,502,LIA,b,0,159,509,EDWARD,b,0,154,522,GREY,g,2,261435,5941
149,512,TERRY,b,0,152,514,FOX,g,0,147,502,BLUES,s,0,166,517,SANDY,g,0,153,510,TOM,g,2,150,512,RUDY,p,0,463215,5942
159,526,JOEL,b,0,157,514,SARA,s,0,167,507,PAU,s,0,150,526,ROBER,g,2,147,512,RUDY,p,0,169,503,JOHN,s,0,362451,5943
168,509,JOHN,s,0,163,515,YOUNG,g,0,163,512,PAU,p,0,157,511,FOX,g,0,164,520,TOM,s,2,165,517,SANDY,b,0,142356,5944
154,517,PAULA,s,0,168,509,SAMMY,s,0,159,517,JOEL,p,0,163,519,JU,p,0,158,521,MARIE,s,0,161,507,GEORGE,g,2,163254,5945
164,500,SANDY,s,0,151,509,YOUNG,g,0,156,529,TOM,p,0,169,504,JAMES,p,0,152,522,SAM,b,0,157,528,JENNY,p,0,416325,5946
150,508,GRAHAM,p,0,156,510,LIA,s,0,151,504,MIKE,g,0,153,513,SANDY,p,0,169,524,DARIO,g,0,152,511,AIMEE,s,0,546123,5947
159,521,GEORGE,p,0,162,510,FOX,g,0,148,509,GREY,g,0,160,528,GARY,s,0,163,525,SAM,p,0,147,502,ANDY,b,0,143526,5948
168,505,LIA,p,0,167,504,JAMES,s,0,168,514,HARVEY,b,0,166,506,ROBIN,s,0,157,527,LE,s,0,167,522,TOM,g,2,162543,5949
154,513,ROBER,g,0,149,505,AIMEE,g,2,164,519,GREY,b,0,149,521,JENNY,s,0,151,528,ROBIN,b,0,163,506,DARIO,p,0,426135,5950
164,526,JOHN,g,0,154,505,YOUNG,s,0,160,501,PAULA,s,0,156,529,JENNY,s,0,168,506,DAN,b,0,158,526,MIKE,s,0,316425,5951
150,504,GRAHAM,g,0,160,506,MIKE,g,0,157,506,SANDY,s,0,163,515,BLUES,b,0,162,507,ROBIN,g,0,154,517,HARVEY,s,0,325164,5952
159,517,SANDY,b,2,166,507,JOHN,s,0,153,512,ARL,s,0,169,523,SARA,b,2,155,509,TIM,p,0,150,501,CLIVE,b,2,235461,5953
169,501,TIM,b,0,148,500,JAMES,g,0,150,517,PAULA,p,0,153,508,ARL,b,2,150,510,DAN,s,0,168,521,ANDY,g,0,265341,5954
154,508,DAN,b,0,153,501,LE,s,2,169,522,EDWARD,p,0,159,516,LY,g,0,167,512,ANDY,b,2,164,512,JOHN,p,0,243651,5955
164,522,GARY,s,2,158,502,PAU,g,0,165,504,AIMEE,g,2,165,502,TIM,g,0,161,513,ARL,g,0,160,525,PETER,s,0,416235,5956
150,500,KNIGHT,s,0,164,502,NANCY,s,0,161,509,ROBER,g,0,149,510,PAU,g,0,154,521,DARIO,p,2,156,516,DAN,b,0,125346,5957
159,513,YOUNG,s,0,170,526,HARVEY,g,0,158,514,JU,b,0,156,525,ARL,p,0,149,522,ANDY,p,0,151,506,PETER,g,0,241563,5958
169,527,SAMMY,s,2,152,527,GEORGE,s,0,154,519,YOUNG,b,2,162,503,RICA,p,0,166,524,TOM,s,0,147,520,BLUES,p,0,452163,5959
154,504,GARY,p,0,158,527,TOM,g,2,150,524,SAM,s,0,168,519,PETER,p,0,160,525,EDWARD,b,0,165,510,LIA,s,0,634125,5960
164,518,NANCY,p,0,162,528,JENNY,s,0,147,529,PAULA,s,0,152,527,EDWARD,s,0,153,527,ELEN,g,0,161,501,MIKE,b,0,412356,5961
150,525,RICA,p,2,168,522,GREY,g,0,167,511,LE,s,2,159,512,ARL,s,0,148,528,LIA,p,0,157,515,ELEN,g,0,324561,5962
159,509,MARIE,g,0,150,522,PAU,s,0,163,516,NANCY,p,0,165,520,TERRY,s,0,165,506,ARL,s,0,153,505,JAMES,p,0,312654,5963
169,523,FOX,g,0,156,523,ROBIN,g,0,160,521,TERRY,p,0,149,506,RUDY,b,2,158,507,HARVEY,s,0,149,526,TIM,s,0,153624,5964
154,500,ROBER,g,0,161,523,LE,s,2,156,526,SARA,g,2,156,514,GEORGE,b,0,152,509,PAULA,b,0,168,516,ELEN,s,0,632145,5965
164,514,LY,b,0,167,517,KNIGHT,g,0,151,501,JOHN,g,0,162,529,SANDY,b,0,169,510,FOX,g,0,164,500,SARA,b,0,523416,5966
150,521,ELEN,b,0,148,518,RUDY,s,0,148,513,RICA,b,0,168,507,TIM,b,0,164,512,GARY,p,0,159,520,NANCY,g,0,625341,5967
159,505,SEAN,b,0,154,518,SARA,g,0,168,518,SAMMY,b,0,152,522,YOUNG,g,0,157,513,FOX,s,0,154,511,KNIGHT,p,0,654213,5968
169,519,KNIGHT,s,0,160,519,AIMEE,s,0,164,524,JAMES,b,0,159,501,LY,g,0,151,514,TERRY,b,0,150,524,JOEL,s,0,461235,5969
154,526,JOHN,s,0,165,513,ANDY,g,0,160,529,JAMES,s,0,165,516,DARIO,g,0,168,523,TOM,b,2,169,515,YOUNG,b,0,241365,5970
164,510,PAU,s,0,147,513,ARL,s,0,157,504,ROBER,s,0,148,524,JOEL,p,0,163,524,SANDY,g,0,165,505,SEAN,g,0,134265,5971
150,517,CLIVE,p,0,153,514,RUDY,g,0,153,516,JAMES,p,0,155,509,PAU,p,0,156,525,TERRY,p,0,161,519,LY,p,2,456312,5972
160,501,SANDY,p,0,158,515,GREY,s,0,150,521,AIMEE,p,0,161,518,ROBIN,p,0,150,527,TERRY,s,0,157,510,SAMMY,s,0,143625,5973
169,515,FOX,p,0,164,515,JAMES,g,0,170,526,ROBIN,g,0,168,503,JOHN,s,2,167,528,ARL,b,0,152,500,RUDY,b,0,324165,5974
154,522,KNIGHT,g,0,169,509,JU,s,0,166,501,FOX,g,0,152,511,AIMEE,s,0,161,529,GREY,g,0,147,514,GEORGE,g,0,624135,5975
164,506,SEAN,g,0,151,510,MARIE,g,0,161,506,TIM,g,0,158,526,ELEN,s,0,155,508,GARY,g,0,167,504,FOX,p,2,361245,5976
150,513,EDWARD,g,0,157,510,MIKE,s,0,158,518,GARY,b,0,164,505,JOHN,b,0,148,509,BLUES,p,0,162,525,GEORGE,s,0,216543,5977
160,527,BLUES,g,0,163,511,SANDY,g,2,154,523,DARIO,b,0,148,520,PAULA,b,0,166,510,JOEL,s,0,158,508,CLIVE,s,0,156243,5978
169,511,GREY,b,0,167,505,PAULA,s,0,151,528,ROBIN,s,0,155,528,LE,b,0,160,512,EDWARD,b,0,154,529,TIM,b,0,213564,5979
155,518,JU,b,0,150,505,FOX,g,0,147,503,GREY,s,0,161,513,YOUNG,g,0,154,513,ARL,g,0,149,519,TERRY,g,2,234615,5980
164,502,HARVEY,b,0,155,506,PAU,s,0,167,508,ARL,p,0,168,522,JAMES,g,0,147,514,JENNY,p,0,168,503,GRAHAM,p,0,325641,5981
150,509,GREY,s,0,161,506,KNIGHT,g,0,163,513,SANDY,p,0,151,507,NANCY,g,0,165,516,ARL,p,0,164,524,RUDY,s,0,613245,5982
160,523,RICA,s,0,167,500,TERRY,s,2,160,525,ROBIN,p,0,158,515,AIMEE,p,0,159,524,FOX,s,2,160,514,LE,b,0,134526,5983
169,507,PAULA,s,0,149,501,LE,g,0,156,500,MIKE,g,0,164,500,AIMEE,p,2,153,525,DAN,b,0,155,528,HARVEY,g,2,162435,5984
155,514,ANDY,p,0,153,501,SAM,s,0,152,506,SARA,g,2,148,509,HARVEY,p,2,170,527,SAMMY,g,2,151,518,ROBIN,p,0,365412,5985
164,528,SAMMY,p,0,159,502,ANDY,g,0,148,511,LIA,b,0,155,524,SANDY,p,0,163,528,MIKE,p,0,147,509,ARL,s,0,152643,5986
151,505,JU,p,2,165,526,AIMEE,s,0,168,516,CLIVE,b,0,160,502,MIKE,s,0,158,529,KNIGHT,s,0,165,529,PAU,b,0,421536,5987
160,519,JOHN,g,0,147,526,BLUES,g,2,164,528,PETER,s,2,167,517,EDWARD,s,0,151,501,MARIE,s,0,161,513,SEAN,g,0,163425,5988
169,503,SANDY,g,0,153,527,PETER,s,0,161,503,YOUNG,s,0,151,526,GRAHAM,s,0,169,509,LY,b,0,157,503,PAU,p,0,631245,5989
155,510,ELEN,g,2,158,528,TOM,g,0,157,508,LE,s,0,157,511,AIMEE,b,0,162,510,ANDY,g,0,153,524,LY,s,0,516342,5990
164,524,JENNY,b,0,163,521,DARIO,s,0,153,513,RICA,p,2,164,519,DAN,b,0,157,512,GREY,p,0,148,508,TERRY,b,0,352164,5991
151,501,NANCY,b,0,169,522,HARVEY,g,0,150,518,RICA,p,0,147,504,TOM,b,0,150,513,PAULA,s,0,168,528,TERRY,b,0,235614,5992
160,515,MIKE,b,2,151,523,JOHN,s,2,170,500,AIMEE,g,0,154,513,JU,g,0,168,514,SAMMY,b,0,164,519,ROBER,g,0,342615,5993
169,529,TOM,s,0,157,523,SEAN,g,0,166,505,ELEN,g,2,160,528,LE,g,0,161,516,ANDY,b,0,158,502,SAM,p,0,621435,5994
155,506,SEAN,s,0,162,524,GRAHAM,s,0,162,510,CLIVE,b,0,167,506,GARY,g,2,156,517,SANDY,g,0,154,523,JAMES,s,0,246135,5995
164,520,EDWARD,s,2,168,518,PAULA,g,0,158,515,PETER,b,0,151,521,DAN,p,0,149,525,GARY,p,2,150,513,LY,b,0,124536,5996
151,527,ROBER,s,0,149,518,FOX,s,0,154,520,JOHN,s,0,157,500,DARIO,p,0,166,527,SAM,s,0,169,527,GEORGE,g,0,264153,5997
160,511,TIM,p,0,155,519,DAN,g,0,151,502,AIMEE,s,0,163,515,SARA,p,0,160,528,PAU,b,2,165,517,ELEN,p,0,246315,5998
170,525,ARL,p,0,160,519,GREY,s,0,147,507,AIMEE,s,0,147,523,HARVEY,s,0,154,529,JAMES,g,0,161,508,RICA,s,0,164235,5999
155,502,JENNY,p,0,166,513,MARIE,g,0,167,512,JOHN,p,0,154,508,SEAN,s,0,148,501,LIA,g,0,156,522,JU,b,0,312465,6000
164,516,FOX,g,0,148,514,ELEN,s,0,163,518,KNIGHT,p,0,160,517,ROBER,s,0,165,502,PAU,p,0,151,512,TIM,g,0,241356,6001
151,523,GEORGE,g,0,154,514,KNIGHT,g,0,160,523,MIKE,g,0,167,502,AIMEE,s,0,159,510,DAN,s,0,147,503,PETER,p,0,234561,6002
160,507,SAM,g,0,159,515,RUDY,s,0,156,528,DARIO,g,0,150,510,TERRY,b,0,153,512,GREY,b,0,167,516,SANDY,s,2,162354,6003
170,521,KNIGHT,b,0,164,509,RUDY,g,0,153,510,PETER,b,0,156,525,GARY,b,0,147,513,PAU,g,0,162,507,LIA,b,0,251364,6004
155,528,FOX,b,0,170,509,TERRY,s,0,149,515,MIKE,b,0,163,504,JU,b,2,164,515,GREY,p,0,158,527,GARY,b,0,254136,6005
165,512,ARL,b,0,152,510,JOEL,g,0,168,520,GARY,b,0,147,519,HARVEY,g,0,158,516,PETER,p,0,154,518,JENNY,g,0,542631,6006
151,519,RUDY,s,0,158,511,SEAN,s,0,164,525,ANDY,s,0,154,527,AIMEE,g,0,152,517,GEORGE,s,0,149,501,JAMES,p,2,261354,6007
160,503,TOM,s,0,164,504,KNIGHT,g,0,161,500,PAULA,s,0,159,512,JU,g,0,169,519,JENNY,b,0,168,522,ROBER,s,0,163425,6008
170,517,SEAN,s,0,168,505,LE,s,0,157,512,ROBER,p,0,166,520,NANCY,p,0,163,527,TERRY,g,0,164,512,TIM,b,0,234156,6009
155,524,SAMMY,p,0,150,506,TIM,g,0,154,517,TOM,p,0,150,506,SEAN,p,0,156,528,JOEL,p,0,160,526,MIKE,g,0,651243,6010
165,508,CLIVE,p,0,156,506,MIKE,s,2,150,522,JOEL,g,0,156,514,LY,p,0,151,500,TERRY,s,2,155,517,ROBIN,p,2,162453,6011
151,522,RICA,p,0,162,500,EDWARD,g,0,170,527,SAMMY,g,0,163,529,MARIE,s,0,167,501,LIA,b,0,151,507,ROBIN,s,0,341625,6012
161,529,ANDY,g,0,167,501,JOHN,s,0,166,502,TIM,g,0,147,507,RUDY,s,0,162,502,LY,b,0,147,521,LIA,b,0,213465,6013
170,513,SAMMY,g,0,150,501,LE,g,0,163,514,SAM,b,2,153,523,SARA,s,0,155,504,ELEN,g,0,165,511,TOM,g,0,641235,6014
155,520,PAULA,g,0,154,502,KNIGHT,s,0,159,519,ARL,b,0,159,501,GEORGE,b,2,150,512,TERRY,p,0,161,502,RICA,p,2,615234,6015
165,504,KNIGHT,g,0,160,502,PAU,g,2,154,524,DAN,s,0,166,516,PETER,b,2,166,513,SAM,s,0,157,515,BLUES,s,0,153264,6016
151,518,GARY,b,0,166,526,GREY,s,0,151,500,JU,s,2,150,524,LY,b,0,161,515,HARVEY,b,0,153,506,CLIVE,b,0,234615,6017
161,525,PAULA,b,0,148,527,SARA,g,0,147,505,MIKE,p,0,156,510,SAM,b,0,154,516,CLIVE,g,0,148,526,RICA,b,0,253614,6018
170,509,LE,b,0,153,527,LIA,s,0,167,517,ARL,p,0,162,518,GRAHAM,g,0,149,517,JENNY,g,0,168,510,FOX,g,0,326415,6019
156,516,ROBIN,s,0,159,528,GREY,g,0,164,522,ARL,p,2,169,503,KNIGHT,g,0,165,519,MARIE,p,0,163,501,NANCY,p,0,463512,6020
165,500,SEAN,s,2,164,522,JU,s,2,160,527,JAMES,g,0,152,511,RUDY,g,0,159,527,AIMEE,s,0,158,521,PAU,s,0,126354,6021
151,514,JENNY,s,0,170,522,GARY,g,0,156,502,RICA,g,0,159,527,SAMMY,p,0,153,528,ARL,b,0,154,505,ROBER,b,0,234156,6022
161,521,GARY,p,0,152,523,LY,s,0,153,507,FOX,b,2,166,505,YOUNG,p,0,147,500,ANDY,g,0,150,525,TOM,g,0,214635,6023
170,505,CLIVE,p,2,157,524,ELEN,g,0,149,512,MIKE,b,0,149,520,GRAHAM,p,0,164,501,GREY,p,2,169,516,SARA,p,0,246153,6024
156,512,BLUES,p,0,163,517,JU,s,0,168,524,GEORGE,s,0,155,528,TIM,s,0,158,502,NANCY,p,0,165,529,TERRY,s,0,254163,6025
165,526,ANDY,g,0,169,518,BLUES,g,0,164,529,ROBIN,s,0,162,513,JU,s,2,152,504,DARIO,s,2,161,520,DAN,b,0,213546,6026
152,510,ROBER,g,2,150,519,LY,s,0,161,504,GRAHAM,p,0,169,522,ANDY,s,0,169,505,SAMMY,b,0,156,510,LIA,g,0,412635,6027
161,517,KNIGHT,g,0,156,519,RUDY,g,0,157,509,JENNY,p,0,152,507,HARVEY,b,0,163,513,PETER,g,0,151,501,MIKE,p,0,315624,6028
170,501,RUDY,b,0,161,513,YOUNG,s,0,154,514,JENNY,p,0,159,515,SANDY,b,0,157,515,JAMES,p,0,147,515,DAN,s,0,235641,6029
156,508,GARY,b,2,167,514,TIM,g,0,150,526,FOX,g,0,165,500,CLIVE,b,0,151,516,AIMEE,s,0,166,505,LE,b,0,352641,6030
165,522,JENNY,b,0,149,514,LY,s,0,170,501,ELEN,g,0,149,509,BLUES,g,0,168,517,LIA,s,0,162,525,LE,g,0,635214,6031
152,506,EDWARD,s,0,155,515,TIM,g,0,166,506,GARY,b,0,155,524,DARIO,g,0,161,519,RICA,b,0,158,509,SAM,g,0,461235,6032
161,513,TIM,s,0,159,509,SEAN,s,0,163,512,BLUES,b,0,162,502,LY,g,0,156,520,YOUNG,g,0,153,500,FOX,p,0,514263,6033
170,527,RUDY,s,0,165,509,TERRY,g,0,159,517,MARIE,s,0,169,517,YOUNG,g,0,149,528,DAN,p,0,149,520,SANDY,s,2,432156,6034
156,504,GARY,s,0,147,510,ELEN,s,0,155,529,ANDY,s,0,151,526,ARL,p,0,167,500,MARIE,s,0,168,504,SEAN,b,0,543126,6035
165,518,CLIVE,p,0,153,510,DARIO,g,0,151,504,JAMES,s,0,158,511,ROBIN,p,2,160,501,GREY,b,0,164,524,ELEN,g,0,614325,6036
152,502,CLIVE,p,0,159,511,RICA,s,0,147,509,SARA,p,0,165,519,JU,p,0,155,502,FOX,b,2,159,515,SANDY,p,0,462135,6037
161,509,GARY,p,0,164,505,NANCY,g,0,167,514,SANDY,p,0,149,504,SEAN,s,0,148,504,SAMMY,g,0,155,529,HARVEY,s,2,234165,6038
147,523,JENNY,g,0,169,505,JU,s,2,164,519,HARVEY,g,0,155,513,BLUES,s,0,166,505,FOX,p,2,151,519,LIA,b,0,235146,6039
156,500,LIA,g,0,151,506,SARA,g,0,160,501,SEAN,g,0,161,528,GRAHAM,s,0,159,506,DAN,s,0,169,509,SAM,g,0,214536,6040
165,514,TERRY,g,0,157,507,ARL,s,0,156,506,GARY,b,0,168,506,MARIE,b,0,154,515,TIM,b,0,165,523,LE,p,0,216345,6041
152,528,MARIE,b,0,163,500,GARY,g,0,153,511,KNIGHT,b,0,151,521,AIMEE,b,0,147,516,DAN,g,0,161,514,LE,s,2,621543,6042
161,505,CLIVE,b,0,168,501,GRAHAM,s,0,149,516,SEAN,b,2,158,500,RUDY,b,0,165,517,GEORGE,g,0,157,504,JOEL,b,0,251364,6043
147,519,FOX,b,0,150,502,SARA,g,2,169,521,NANCY,s,0,165,515,RICA,g,0,158,519,ROBIN,p,0,152,518,AIMEE,g,0,245316,6044
156,526,GREY,s,0,156,502,TERRY,s,0,165,503,GEORGE,s,0,148,523,SANDY,g,0,152,520,BLUES,s,0,148,508,NANCY,g,0,231564,6045
166,510,CLIVE,s,0,161,526,RICA,g,0,161,508,JU,p,2,154,508,ARL,g,2,170,522,ROBIN,b,0,168,529,BLUES,p,2,146235,6046
152,524,ROBIN,s,0,166,527,RUDY,s,0,157,513,YOUNG,p,0,161,517,ROBER,p,0,163,500,NANCY,g,0,162,512,SAM,s,0,462315,6047
161,501,JU,p,0,149,527,GEORGE,g,0,154,518,GARY,g,0,168,502,SAM,p,0,157,501,YOUNG,p,0,158,503,TERRY,b,0,143526,6048
147,515,DAN,p,0,154,528,MIKE,s,2,150,523,GARY,g,2,151,510,GREY,p,0,151,502,DARIO,p,0,154,523,EDWARD,g,0,236415,6049
156,522,PAU,p,0,160,522,EDWARD,g,0,147,529,CLIVE,g,0,158,525,SARA,s,0,169,504,FOX,s,0,150,514,AIMEE,p,0,156243,6050
166,506,KNIGHT,g,0,166,522,SAM,s,0,166,510,RUDY,b,0,164,504,PETER,s,0,162,505,SARA,b,0,169,528,EDWARD,s,0,416253,6051
152,520,EDWARD,g,0,147,523,AIMEE,g,0,163,516,YOUNG,b,2,147,519,SEAN,s,0,156,507,PAU,g,2,165,518,NANCY,b,0,142635,6052
162,527,DAN,g,0,153,524,PAU,s,0,159,521,AIMEE,s,0,154,527,RUDY,s,0,150,508,SARA,p,0,160,509,JAMES,g,0,631425,6053
147,511,PETER,g,0,158,517,SARA,g,2,156,526,JOEL,s,0,161,512,JENNY,b,0,168,516,GEORGE,s,2,155,522,DAN,p,0,536124,6054
156,518,SANDY,b,2,164,518,CLIVE,s,0,151,501,RUDY,p,0,168,521,GRAHAM,b,0,161,517,PETER,s,0,151,513,TIM,s,0,235614,6055
166,502,GEORGE,b,0,170,519,JOHN,g,0,148,513,NANCY,p,0,150,506,LE,b,0,155,519,CLIVE,b,0,147,503,JAMES,b,0,321465,6056
152,515,HARVEY,b,0,152,519,CLIVE,s,0,167,518,TERRY,g,0,157,514,PETER,g,2,149,520,ROBIN,g,0,166,517,GARY,g,0,642315,6057
162,523,TERRY,s,2,156,520,LE,g,0,164,523,DARIO,g,0,164,529,JU,g,0,166,522,BLUES,p,0,162,507,KNIGHT,g,0,361524,6058
147,507,JOHN,s,0,162,514,TERRY,s,0,160,528,TIM,g,0,147,508,ANDY,g,0,160,523,JAMES,s,0,158,528,PAU,p,0,526314,6059
157,514,RICA,s,0,168,514,LY,g,0,157,503,PETER,b,0,154,523,AIMEE,p,0,153,501,SAMMY,b,0,153,512,PAULA,s,0,246135,6060
166,528,SANDY,p,2,150,515,LIA,s,0,153,515,PETER,b,0,160,501,JU,p,0,148,502,GRAHAM,g,0,148,502,DARIO,b,0,241365,6061
152,511,PAULA,p,0,156,515,ELEN,g,0,149,520,ARL,s,0,167,516,TIM,p,0,165,504,MIKE,g,0,168,523,DAN,g,0,652341,6062
162,519,KNIGHT,p,0,161,509,ELEN,s,0,169,525,PETER,s,0,150,525,FOX,s,0,159,505,MARIE,p,0,164,506,JOEL,p,0,245361,6063
147,502,PETER,g,2,166,510,ARL,g,0,166,500,DARIO,p,0,157,510,SAM,s,0,152,507,AIMEE,s,0,159,527,JAMES,s,0,623451,6064
157,510,CLIVE,g,0,148,510,TOM,s,0,161,505,SAMMY,p,0,164,518,ARL,s,0,147,508,PAULA,b,2,155,517,KNIGHT,b,2,243156,6065
166,523,TIM,g,0,154,511,EDWARD,g,0,158,517,SAMMY,p,0,147,503,LY,b,0,164,509,PETER,g,0,151,501,PAU,g,0,213654,6066
152,507,GRAHAM,b,0,159,505,ANDY,s,2,154,522,JAMES,g,0,153,511,NANCY,b,2,157,518,DAN,p,2,169,521,GEORGE,p,0,623514,6067
162,515,ROBIN,b,0,165,505,KNIGHT,g,0,150,528,HARVEY,g,0,160,527,MARIE,b,0,151,519,TERRY,p,0,165,512,LY,s,0,265134,6068
147,528,SARA,b,0,147,506,ROBER,s,0,147,503,CLIVE,b,0,167,505,MARIE,b,0,168,520,ANDY,s,0,161,502,YOUNG,b,2,523416,6069
157,506,ELEN,s,0,152,507,RUDY,g,0,167,508,PETER,b,0,150,520,KNIGHT,g,0,163,522,GREY,b,0,157,516,LY,g,0,143265,6070
166,519,PETER,s,0,158,500,LY,s,0,163,513,ROBER,s,0,157,528,DAN,g,0,156,523,RICA,g,0,152,507,ELEN,p,0,431265,6071
153,503,RUDY,s,0,163,501,DARIO,b,2,159,525,ELEN,s,2,163,514,ROBIN,g,0,150,524,SAMMY,p,0,148,527,AIMEE,p,0,415326,6072
162,510,JOHN,p,0,169,502,GREY,p,0,156,500,JAMES,s,0,170,522,HARVEY,p,0,167,503,NANCY,s,0,166,511,RUDY,s,2,241356,6073
147,524,FOX,p,0,151,502,JOHN,b,0,152,505,SANDY,p,0,153,507,JOEL,p,0,162,504,TIM,s,0,162,501,NANCY,b,0,453162,6074
157,502,GEORGE,p,0,157,526,ROBIN,p,0,148,510,JENNY,p,2,160,515,RICA,p,0,155,505,ANDY,b,0,158,522,PETER,g,0,346125,6075
166,515,NANCY,p,0,162,527,RICA,b,0,168,515,JENNY,g,0,167,501,KNIGHT,s,0,149,507,CLIVE,g,0,154,505,YOUNG,p,0,431652,6076
153,529,JU,g,0,167,527,PAULA,p,2,164,527,SARA,g,0,149,509,DAN,s,2,166,508,DARIO,p,0,150,526,SANDY,s,2,365214,6077
162,506,SANDY,g,0,149,528,JAMES,b,0,160,502,RICA,b,2,156,524,LY,s,0,161,509,JU,s,0,169,516,DAN,b,0,145236,6078
148,520,SAMMY,g,0,155,528,TIM,p,0,157,507,MARIE,b,0,163,502,GRAHAM,b,0,154,518,SEAN,b,0,165,500,GEORGE,g,0,162453,6079
157,527,MARIE,b,0,161,522,ELEN,b,0,153,512,BLUES,b,0,170,518,PAULA,b,0,148,519,ANDY,b,2,160,521,JU,p,0,643512,6080
166,511,KNIGHT,b,0,166,523,MIKE,p,0,150,517,RUDY,s,2,153,526,TIM,b,0,165,520,ROBIN,g,0,155,511,JOHN,s,0,236514,6081
153,525,LY,b,0,148,523,AIMEE,b,2,169,529,ARL,s,0,160,511,LIA,g,0,159,522,TIM,p,0,151,525,GREY,b,0,435261,6082
162,502,TERRY,s,0,153,524,PAU,p,0,166,504,GEORGE,p,0,166,519,ANDY,g,0,153,523,TIM,s,0,147,515,JENNY,g,0,146253,6083
148,516,KNIGHT,s,0,159,518,LY,b,0,162,510,DARIO,p,0,149,504,YOUNG,g,0,170,524,ROBIN,b,0,166,506,JAMES,p,0,361452,6084
157,523,AIMEE,s,0,165,518,JENNY,p,0,158,515,DAN,g,0,156,513,PAULA,g,0,164,526,RICA,g,0,162,519,GREY,p,0,231654,6085
167,507,ROBIN,p,0,147,519,RUDY,b,0,154,520,GRAHAM,g,0,163,528,ROBER,p,0,158,504,GEORGE,g,0,157,510,ELEN,s,0,361452,6086
153,521,JU,p,0,152,520,GRAHAM,p,0,150,502,DARIO,b,0,170,506,SARA,p,2,152,505,RUDY,p,0,153,500,LY,b,0,241563,6087
162,528,GARY,p,0,157,513,ROBIN,b,0,147,507,GREY,b,0,152,521,TERRY,p,2,169,507,HARVEY,s,0,148,514,MARIE,g,0,651432,6088
148,512,SAM,g,2,163,514,JAMES,p,0,167,512,PAULA,b,0,159,500,JOEL,s,0,163,508,SANDY,b,0,168,505,LY,p,0,462135,6089
157,519,TERRY,g,0,169,515,FOX,b,0,163,517,GREY,s,0,166,515,LY,s,0,157,509,SANDY,g,0,163,525,JAMES,s,0,316542,6090
167,503,RICA,g,0,151,515,JU,p,0,160,522,TERRY,s,0,149,523,JOHN,s,0,150,511,SARA,p,0,159,516,JAMES,b,0,132546,6091
153,517,CLIVE,b,2,156,509,MIKE,b,0,156,527,SAM,p,0,156,508,ARL,b,0,168,519,ROBIN,p,0,155,529,MARIE,g,0,536214,6092
163,524,KNIGHT,b,0,162,510,PAULA,p,0,152,509,RICA,p,0,162,517,BLUES,b,0,161,520,TIM,s,2,150,520,GARY,p,0,625314,6093
148,508,TIM,b,0,167,510,SAM,b,0,149,514,SAMMY,g,0,169,502,ROBER,b,0,156,522,MIKE,b,0,169,510,ELEN,s,0,635142,6094
157,515,BLUES,b,2,149,511,MIKE,p,0,168,519,SAM,g,0,152,510,JENNY,g,0,149,523,JAMES,g,2,165,524,PAULA,b,0,352416,6095
167,529,JENNY,s,0,155,505,FOX,b,0,164,524,DARIO,g,0,159,525,YOUNG,g,0,167,524,TIM,p,0,161,514,BLUES,g,2,561432,6096
153,513,SARA,s,0,160,505,PAU,p,0,160,529,DARIO,b,0,166,504,ANDY,g,0,160,526,TERRY,s,0,156,505,SEAN,p,0,462153,6097
163,520,JU,s,2,166,506,JOHN,b,0,157,511,GREY,b,0,149,519,DAN,p,2,155,527,TIM,s,0,152,519,ROBIN,p,0,516423,6098
148,504,HARVEY,p,0,148,506,YOUNG,p,0,153,516,RICA,s,0,155,527,PAU,p,0,148,505,ROBIN,b,0,148,509,GREY,s,0,436125,6099
157,511,TIM,p,0,153,507,LY,b,2,150,522,GEORGE,s,0,162,512,DARIO,p,0,166,507,NANCY,g,0,166,500,SARA,b,2,341562,6100
167,525,TIM,p,0,159,501,FOX,p,0,170,527,AIMEE,p,2,169,521,ROBER,s,0,159,508,NANCY,p,0,162,513,JAMES,g,0,432615,6101
153,509,SANDY,g,0,164,501,TIM,b,0,166,502,AIMEE,p,0,152,506,HARVEY,s,0,153,509,CLIVE,s,0,158,504,PAULA,p,0,316542,6102
163,516,LY,g,0,170,502,TIM,p,0,162,514,RUDY,p,0,159,514,LE,s,0,147,511,SEAN,b,0,154,524,LIA,s,0,214365,6103
148,500,SEAN,g,0,152,503,RUDY,b,0,158,519,ROBIN,g,2,165,529,CLIVE,s,0,164,512,SANDY,b,0,149,508,PAULA,b,2,432165,6104
158,507,SAMMY,b,0,158,526,YOUNG,p,2,154,524,GEORGE,g,0,148,508,PAU,b,0,158,520,PETER,g,0,169,528,SAM,g,0,265314,6105
167,521,EDWARD,b,0,162,527,KNIGHT,b,0,151,529,ANDY,b,0,155,523,RUDY,b,0,152,522,MARIE,p,2,164,519,GARY,p,0,625143,6106
153,505,MIKE,b,0,168,528,FOX,p,0,147,504,SANDY,b,2,162,501,DARIO,b,0,170,523,JAMES,s,0,159,503,GRAHAM,s,0,625143,6107
163,512,BLUES,s,0,150,528,GREY,b,0,167,516,SAM,s,0,169,516,JOEL,g,2,163,525,SAMMY,b,2,155,523,EDWARD,b,2,431256,6108
148,526,AIMEE,s,0,156,522,TIM,p,0,163,521,JOHN,s,0,151,525,DAN,g,0,157,526,GRAHAM,g,0,151,514,ARL,g,0,236514,6109
158,510,DAN,s,0,162,523,JU,b,2,160,526,LY,s,2,158,510,GEORGE,g,0,151,527,ARL,p,0,147,527,JOEL,p,0,341652,6110
167,517,GREY,p,0,167,523,CLIVE,p,0,156,501,ARL,p,0,165,518,SARA,p,0,169,529,MARIE,p,0,166,518,JOEL,s,0,241635,6111
154,501,BLUES,p,0,148,524,GRAHAM,b,0,152,506,ELEN,p,0,148,503,PAULA,p,0,162,507,KNIGHT,s,0,162,508,LY,s,0,456132,6112
163,508,RUDY,p,0,154,518,MIKE,p,0,149,511,JOHN,g,0,155,512,KNIGHT,p,0,156,508,JU,b,0,157,529,BLUES,b,0,234165,6113
148,522,GARY,p,0,160,518,DAN,b,0,168,523,PAU,g,0,162,527,EDWARD,s,0,150,510,RUDY,g,0,152,512,MARIE,g,0,346125,6114
158,506,AIMEE,g,0,165,519,JAMES,p,0,164,528,TERRY,b,0,168,505,GARY,s,0,167,511,LE,p,0,148,503,GEORGE,p,0,152463,6115
167,513,FOX,g,0,148,519,GEORGE,b,0,161,504,PAULA,b,0,151,520,LE,s,0,161,512,RICA,s,0,168,523,PETER,s,0,145632,6116
154,527,RUDY,g,0,153,513,GREY,p,0,157,509,SARA,s,0,158,529,YOUNG,b,0,154,514,KNIGHT,s,0,163,507,GARY,b,0,132546,6117
163,504,SAM,b,0,158,514,CLIVE,b,0,153,514,TIM,s,0,165,514,DARIO,b,2,149,522,SARA,b,0,159,528,GREY,g,0,634215,6118
149,518,SAMMY,b,0,164,514,PAU,p,0,150,526,ARL,s,0,148,522,GREY,b,2,166,523,AIMEE,g,0,155,518,LY,p,0,352614,6119
158,502,LE,b,0,169,515,SARA,b,0,170,501,HARVEY,p,0,154,507,DARIO,b,0,160,525,SANDY,p,0,150,502,ELEN,s,0,536421,6120
167,509,AIMEE,s,0,152,516,FOX,p,0,166,506,GEORGE,p,0,161,516,YOUNG,g,0,153,526,PAU,s,2,169,522,SARA,b,0,341256,6121
154,523,SAM,s,0,157,509,GEORGE,b,0,162,511,PAULA,g,0,168,501,SEAN,g,0,148,527,AIMEE,b,0,165,513,ARL,g,0,634152,6122
163,500,GREY,s,2,163,510,TERRY,p,0,159,516,ANDY,g,0,151,509,SARA,g,0,165,529,RICA,b,2,161,526,GEORGE,p,0,126345,6123
